# Blender 3.6.0
# www.blender.org
mtllib V2_fishlens_timestamp.mtl
o mesh_main.003_Sphere.002
v 0.082268 0.019472 0.010000
v 0.158752 0.019472 0.010000
v 0.158752 -0.038708 0.010000
v 0.005785 0.019472 0.010000
v 0.082268 -0.038708 0.010000
v 0.158752 -0.096888 0.010000
v 0.005785 -0.038708 0.010000
v 0.082268 -0.096888 0.010000
v 0.158752 0.077652 0.010000
v 0.235234 0.077652 0.010000
v 0.235234 0.019472 0.010000
v 0.082268 0.077652 0.010000
v 0.005785 0.077652 0.010000
v -0.070698 0.077652 0.010000
v -0.070698 0.019472 0.010000
v -0.070698 -0.038708 0.010000
v 0.005784 -0.096888 0.010000
v -0.070698 -0.096888 0.010000
v 0.005784 -0.155068 0.010000
v 0.082268 -0.155068 0.010000
v 0.158752 -0.155067 0.010000
v 0.235234 -0.096888 0.010000
v 0.235234 -0.155067 0.010000
v 0.235234 -0.038708 0.010000
v -0.759042 0.019472 0.010000
v -0.759042 -0.038707 0.010000
v -0.835526 -0.038707 0.010000
v -0.912008 0.019470 0.010003
v -0.835526 0.019473 0.010000
v -0.759042 -0.096887 0.010000
v -0.835526 -0.096887 0.010000
v -0.912008 -0.038708 0.009995
v -0.759042 0.077652 0.010000
v -0.682561 0.077652 0.010000
v -0.682561 0.019472 0.010000
v -0.835526 0.077652 0.010000
v -0.912008 0.077652 0.010003
v -0.988492 0.019468 0.010009
v -0.988492 -0.038711 0.009985
v -0.912008 -0.096887 0.009999
v -0.912008 -0.155067 0.010000
v -0.988492 -0.155067 0.010000
v -0.835526 -0.155067 0.010000
v -0.759042 -0.155067 0.010000
v -0.682562 -0.096887 0.010000
v -0.682562 -0.155067 0.010000
v -0.682561 -0.038707 0.010000
v 0.388199 0.019472 0.010000
v 0.464682 0.019472 0.010000
v 0.464682 -0.038708 0.010000
v 0.311716 0.019472 0.010000
v 0.388199 -0.038708 0.010000
v 0.464682 -0.096887 0.010000
v 0.311716 -0.038708 0.010000
v 0.388199 -0.096887 0.010000
v 0.464682 0.077652 0.010000
v 0.541165 0.077652 0.010000
v 0.541165 0.019472 0.010000
v 0.388199 0.077652 0.010000
v 0.311716 0.077652 0.010000
v 0.311716 -0.096888 0.010000
v 0.311716 -0.155067 0.010000
v 0.388199 -0.155067 0.010000
v 0.464682 -0.155067 0.010000
v 0.541165 -0.096887 0.010000
v 0.541165 -0.155067 0.010000
v 0.541165 -0.038708 0.010000
v -0.453112 0.019472 0.010000
v -0.453112 -0.038708 0.010000
v -0.529596 -0.038708 0.010000
v -0.529596 0.019472 0.010000
v -0.606078 -0.038707 0.010000
v -0.453112 -0.096887 0.010000
v -0.529596 -0.096887 0.010000
v -0.606078 -0.096887 0.010000
v -0.376628 0.077652 0.010000
v -0.376628 0.019472 0.010000
v -0.529595 0.077652 0.010000
v -0.453112 0.077652 0.010000
v -0.606078 0.077652 0.010000
v -0.606078 0.019472 0.010000
v -0.606078 -0.155067 0.010000
v -0.529596 -0.155067 0.010000
v -0.453112 -0.155067 0.010000
v -0.376628 -0.096888 0.010000
v -0.376628 -0.155067 0.010000
v -0.376628 -0.038708 0.010000
v 0.770613 0.019472 0.010000
v 0.770613 -0.038707 0.010000
v 0.694131 -0.038707 0.010000
v 0.694131 0.019472 0.010000
v 0.617648 -0.038707 0.010000
v 0.770613 -0.096887 0.010000
v 0.694130 -0.096887 0.010000
v 0.847097 0.077652 0.010000
v 0.847097 0.019473 0.010000
v 0.694131 0.077652 0.010000
v 0.770613 0.077652 0.010000
v 0.617648 0.077652 0.010000
v 0.617648 0.019472 0.010000
v 0.617648 -0.096887 0.010000
v 0.617648 -0.155067 0.010000
v 0.694130 -0.155067 0.010000
v 0.770613 -0.155067 0.010000
v 0.847096 -0.096887 0.010000
v 0.847096 -0.155067 0.010000
v 0.847097 -0.038707 0.010000
v -0.147181 0.019472 0.010000
v -0.147181 -0.038708 0.010000
v -0.223664 -0.038708 0.010000
v -0.223664 0.019472 0.010000
v -0.300146 -0.038708 0.010000
v -0.147181 -0.096888 0.010000
v -0.223664 -0.096888 0.010000
v -0.300146 -0.096888 0.010000
v -0.147181 0.077652 0.010000
v -0.223664 0.077652 0.010000
v -0.300146 0.019472 0.010000
v -0.300146 0.077652 0.010000
v -0.300146 -0.155067 0.010000
v -0.223664 -0.155068 0.010000
v -0.147181 -0.155068 0.010000
v -0.070698 -0.155068 0.010000
v -0.988492 0.077650 0.010017
v -1.077912 0.019470 0.010004
v -1.077912 -0.096887 0.009998
v -0.988492 -0.096888 0.009988
v 1.077912 0.019470 0.010004
v 1.077912 -0.038709 0.009993
v 1.000062 -0.038711 0.009985
v 1.000062 0.019467 0.010009
v 0.923579 -0.038709 0.009993
v 1.077912 -0.096887 0.009998
v 1.000062 -0.096888 0.009987
v 0.923579 -0.096887 0.009998
v 1.077912 0.077651 0.010006
v 0.923579 0.077651 0.010006
v 1.000062 0.077650 0.010018
v 0.923579 0.019470 0.010004
v 0.923579 -0.155067 0.010000
v 1.000062 -0.155067 0.010000
v 1.077912 -0.155067 0.010000
v -0.147181 -0.213248 0.010000
v -0.147182 -0.271427 0.010000
v -0.223664 -0.271426 0.010000
v -0.223664 -0.213248 0.010000
v -0.300146 -0.271426 0.010000
v -0.147182 -0.329606 0.010000
v -0.223664 -0.329606 0.010000
v -0.070698 -0.213248 0.010000
v -0.300146 -0.213247 0.010000
v -0.376628 -0.213247 0.010000
v -0.376628 -0.271426 0.010000
v -0.300146 -0.329606 0.010000
v -0.376628 -0.329606 0.010000
v -0.300146 -0.387786 0.010000
v -0.376628 -0.387786 0.010000
v -0.223664 -0.387786 0.010000
v -0.147182 -0.387786 0.010000
v -0.070698 -0.329606 0.010000
v -0.070698 -0.387786 0.010000
v -0.070698 -0.271427 0.010000
v -1.077912 -0.155067 0.010000
v -0.988492 -0.213247 0.010000
v -1.077912 -0.329606 0.010000
v -0.988492 -0.329606 0.010000
v -0.988492 -0.387786 0.010000
v -1.077912 -0.271426 0.010000
v -0.988492 -0.271426 0.010000
v -1.077912 -0.213247 0.010000
v 1.077912 -0.213247 0.010000
v 1.077912 -0.271426 0.010000
v 1.000062 -0.271426 0.010000
v 1.000062 -0.213247 0.010000
v 0.923579 -0.271426 0.010000
v 1.077912 -0.329606 0.010000
v 1.000062 -0.329606 0.010000
v 0.923579 -0.329606 0.010000
v 0.923579 -0.213247 0.010000
v 0.847096 -0.213247 0.010000
v 0.847096 -0.271426 0.010000
v 0.923579 -0.387786 0.010000
v 0.847096 -0.387786 0.010000
v 1.000062 -0.387786 0.010000
v 1.077912 -0.387786 0.010000
v 0.082268 -0.213248 0.010000
v 0.158752 -0.213247 0.010000
v 0.158752 -0.271426 0.010000
v 0.005784 -0.213248 0.010000
v 0.082268 -0.271426 0.010000
v 0.158752 -0.329606 0.010000
v 0.005784 -0.271427 0.010000
v 0.082268 -0.329606 0.010000
v 0.235234 -0.213247 0.010000
v 0.005784 -0.329606 0.010000
v 0.005784 -0.387786 0.010000
v 0.082268 -0.387786 0.010000
v 0.158752 -0.387786 0.010000
v 0.235234 -0.329606 0.010000
v 0.235234 -0.387786 0.010000
v 0.235234 -0.271426 0.010000
v -0.759042 -0.213247 0.010000
v -0.759042 -0.271426 0.010000
v -0.835526 -0.271426 0.010000
v -0.912008 -0.213247 0.010000
v -0.835526 -0.213247 0.010000
v -0.759042 -0.329606 0.010000
v -0.835526 -0.329606 0.010000
v -0.912008 -0.271426 0.010000
v -0.682562 -0.213247 0.010000
v -0.912008 -0.329606 0.010000
v -0.912008 -0.387786 0.010000
v -0.835526 -0.387786 0.010000
v -0.759042 -0.387786 0.010000
v -0.682562 -0.329606 0.010000
v -0.682562 -0.387786 0.010000
v -0.682562 -0.271426 0.010000
v 0.388199 -0.213247 0.010000
v 0.464682 -0.213247 0.010000
v 0.464682 -0.271426 0.010000
v 0.388199 -0.271426 0.010000
v 0.311716 -0.271426 0.010000
v 0.464682 -0.329606 0.010000
v 0.388199 -0.329606 0.010000
v 0.311716 -0.329606 0.010000
v 0.541165 -0.213247 0.010000
v 0.311716 -0.213247 0.010000
v 0.311716 -0.387786 0.010000
v 0.388198 -0.387786 0.010000
v 0.464682 -0.387786 0.010000
v 0.541164 -0.329606 0.010000
v 0.541164 -0.387786 0.010000
v 0.541164 -0.271426 0.010000
v -0.453112 -0.213247 0.010000
v -0.453112 -0.271426 0.010000
v -0.529596 -0.271426 0.010000
v -0.529596 -0.213247 0.010000
v -0.606078 -0.271426 0.010000
v -0.453112 -0.329606 0.010000
v -0.529596 -0.329606 0.010000
v -0.606078 -0.213247 0.010000
v -0.606078 -0.329606 0.010000
v -0.606078 -0.387786 0.010000
v -0.529596 -0.387786 0.010000
v -0.453112 -0.387786 0.010000
v 0.694130 -0.213247 0.010000
v 0.770613 -0.213247 0.010000
v 0.770613 -0.271426 0.010000
v 0.694130 -0.271426 0.010000
v 0.617648 -0.271426 0.010000
v 0.770613 -0.329606 0.010000
v 0.694130 -0.329606 0.010000
v 0.617648 -0.213247 0.010000
v 0.617648 -0.329606 0.010000
v 0.617648 -0.387786 0.010000
v 0.694130 -0.387786 0.010000
v 0.770613 -0.387786 0.010000
v 0.847096 -0.329606 0.010000
v 0.464682 -0.445966 0.010000
v 0.464682 -0.504146 0.010000
v 0.388198 -0.504146 0.010000
v 0.311716 -0.445966 0.010000
v 0.388198 -0.445966 0.010000
v 0.464682 -0.562325 0.010000
v 0.311716 -0.504146 0.010000
v 0.388198 -0.562325 0.010000
v 0.541164 -0.445966 0.010000
v 0.235234 -0.445966 0.010000
v 0.235234 -0.504146 0.010000
v 0.311716 -0.562325 0.010000
v 0.235234 -0.562325 0.010000
v 0.311716 -0.620505 0.010000
v 0.388198 -0.620505 0.010000
v 0.464682 -0.620505 0.010000
v 0.541164 -0.562325 0.010000
v 0.541164 -0.620505 0.010000
v 0.541164 -0.504146 0.010000
v -0.453112 -0.445966 0.010000
v -0.453112 -0.504146 0.010000
v -0.529596 -0.504146 0.010000
v -0.606078 -0.445966 0.010000
v -0.529596 -0.445966 0.010000
v -0.453112 -0.562325 0.010000
v -0.529596 -0.562325 0.010000
v -0.606078 -0.562325 0.010000
v -0.376628 -0.445966 0.010000
v -0.682562 -0.445966 0.010000
v -0.606078 -0.504146 0.010000
v -0.682562 -0.504146 0.010000
v -0.682562 -0.562325 0.010000
v -0.606078 -0.620505 0.010000
v -0.529596 -0.620505 0.010000
v -0.453112 -0.620505 0.010000
v -0.376628 -0.562325 0.010000
v -0.376628 -0.620505 0.010000
v -0.376628 -0.504146 0.010000
v 0.770613 -0.445966 0.010000
v 0.770613 -0.504146 0.010000
v 0.694130 -0.504146 0.010000
v 0.617648 -0.445966 0.010000
v 0.694130 -0.445966 0.010000
v 0.770613 -0.562325 0.010000
v 0.694130 -0.562325 0.010000
v 0.617648 -0.504146 0.010000
v 0.847096 -0.445966 0.010000
v 0.617648 -0.562325 0.010000
v 0.617648 -0.620505 0.010000
v 0.694130 -0.620505 0.010000
v 0.770613 -0.620505 0.010000
v 0.847096 -0.562325 0.010000
v 0.847096 -0.620505 0.010000
v 0.847096 -0.504146 0.010000
v -0.147182 -0.445966 0.010000
v -0.147182 -0.504146 0.010000
v -0.223664 -0.504146 0.010000
v -0.300146 -0.445966 0.010000
v -0.223664 -0.445966 0.010000
v -0.147182 -0.562325 0.010000
v -0.300146 -0.504146 0.010000
v -0.223664 -0.562325 0.010000
v -0.070698 -0.445966 0.010000
v -0.300146 -0.562325 0.010000
v -0.300146 -0.620505 0.010000
v -0.223664 -0.620505 0.010000
v -0.147182 -0.620505 0.010000
v -0.070698 -0.562325 0.010000
v -0.070698 -0.620505 0.010000
v -0.070698 -0.504146 0.010000
v -1.077912 -0.387786 0.010000
v -0.988492 -0.445966 0.010000
v -0.988492 -0.562325 0.010000
v -0.988492 -0.620505 0.010000
v -1.077913 -0.620505 0.010000
v -1.077913 -0.504146 0.010000
v -0.988492 -0.504146 0.010000
v -1.077912 -0.445966 0.010000
v 1.077912 -0.445966 0.010000
v 1.077912 -0.504146 0.010000
v 1.000062 -0.504146 0.010000
v 0.923579 -0.445966 0.010000
v 1.000062 -0.445966 0.010000
v 1.077912 -0.562325 0.010000
v 1.000062 -0.562325 0.010000
v 0.923579 -0.562325 0.010000
v 0.923579 -0.504146 0.010000
v 0.923579 -0.620505 0.010000
v 1.000062 -0.620505 0.010000
v 1.077912 -0.620505 0.010000
v 0.082268 -0.445966 0.010000
v 0.158752 -0.445966 0.010000
v 0.158752 -0.504146 0.010000
v 0.005784 -0.445966 0.010000
v 0.082268 -0.504146 0.010000
v 0.158752 -0.562325 0.010000
v 0.005784 -0.504146 0.010000
v 0.082268 -0.562325 0.010000
v 0.005784 -0.562325 0.010000
v 0.005784 -0.620505 0.010000
v 0.082268 -0.620505 0.010000
v 0.158752 -0.620505 0.010000
v 0.235234 -0.620505 0.010000
v -0.759042 -0.445966 0.010000
v -0.759042 -0.504146 0.010000
v -0.835526 -0.504146 0.010000
v -0.912008 -0.445966 0.010000
v -0.835526 -0.445966 0.010000
v -0.759042 -0.562325 0.010000
v -0.912008 -0.504146 0.010000
v -0.835526 -0.562325 0.010000
v -0.912008 -0.562325 0.010000
v -0.912008 -0.620505 0.010000
v -0.835526 -0.620505 0.010000
v -0.759042 -0.620505 0.010000
v -0.682562 -0.620505 0.010000
v 0.082268 -0.678685 0.010000
v 0.158752 -0.678685 0.010000
v 0.158752 -0.736865 0.010000
v 0.005784 -0.678685 0.010000
v 0.082268 -0.736865 0.010000
v 0.158752 -0.795045 0.010000
v 0.005784 -0.736865 0.010000
v 0.082268 -0.795045 0.010000
v 0.235234 -0.678685 0.010000
v -0.070698 -0.678685 0.010000
v -0.070698 -0.736865 0.010000
v 0.005784 -0.795045 0.010000
v -0.070698 -0.795045 0.010000
v 0.005784 -0.853225 0.010000
v 0.082268 -0.853225 0.010000
v 0.158752 -0.853225 0.010000
v 0.235234 -0.795045 0.010000
v 0.235234 -0.853225 0.010000
v 0.235234 -0.736865 0.010000
v -0.759044 -0.678685 0.010000
v -0.759044 -0.736865 0.010000
v -0.835526 -0.736865 0.010000
v -0.835526 -0.678685 0.010000
v -0.912008 -0.736865 0.010000
v -0.759044 -0.795045 0.010000
v -0.835526 -0.795045 0.010000
v -0.682562 -0.678685 0.010000
v -0.912008 -0.678685 0.010000
v -0.988492 -0.678685 0.010000
v -0.988492 -0.736865 0.010000
v -0.912008 -0.795045 0.010000
v -0.988492 -0.795045 0.010000
v -0.912009 -0.853225 0.010000
v -0.835526 -0.853225 0.010000
v -0.759043 -0.853225 0.010000
v -0.682562 -0.795045 0.010000
v -0.682562 -0.853225 0.010000
v -0.682562 -0.736865 0.010000
v 0.388198 -0.678685 0.010000
v 0.464682 -0.678685 0.010000
v 0.464682 -0.736865 0.010000
v 0.311716 -0.678685 0.010000
v 0.388198 -0.736865 0.010000
v 0.464682 -0.795045 0.010000
v 0.311716 -0.736865 0.010000
v 0.388198 -0.795045 0.010000
v 0.541164 -0.678685 0.010000
v 0.311716 -0.795045 0.010000
v 0.311716 -0.853225 0.010000
v 0.388198 -0.853225 0.010000
v 0.464682 -0.853225 0.010000
v 0.541164 -0.795045 0.010000
v 0.541164 -0.853225 0.010000
v 0.541164 -0.736865 0.010000
v -0.453112 -0.678685 0.010000
v -0.453112 -0.736865 0.010000
v -0.529596 -0.736865 0.010000
v -0.529596 -0.678685 0.010000
v -0.606078 -0.736865 0.010000
v -0.453112 -0.795045 0.010000
v -0.529596 -0.795045 0.010000
v -0.376628 -0.678685 0.010000
v -0.606078 -0.678685 0.010000
v -0.606078 -0.795045 0.010000
v -0.606078 -0.853225 0.010000
v -0.529596 -0.853225 0.010000
v -0.453112 -0.853225 0.010000
v -0.376628 -0.795045 0.010000
v -0.376628 -0.853225 0.010000
v -0.376628 -0.736865 0.010000
v 0.770613 -0.678685 0.010000
v 0.770612 -0.736865 0.010000
v 0.694130 -0.736865 0.010000
v 0.694130 -0.678685 0.010000
v 0.617648 -0.736865 0.010000
v 0.770612 -0.795045 0.010000
v 0.694130 -0.795045 0.010000
v 0.847096 -0.678685 0.010000
v 0.617648 -0.678685 0.010000
v 0.617648 -0.795045 0.010000
v 0.617648 -0.853225 0.010000
v 0.694130 -0.853225 0.010000
v 0.770612 -0.853225 0.010000
v 0.847096 -0.795045 0.010000
v 0.847096 -0.853225 0.010000
v 0.847096 -0.736865 0.010000
v -0.147182 -0.678685 0.010000
v -0.147182 -0.736865 0.010000
v -0.223664 -0.736865 0.010000
v -0.223664 -0.678685 0.010000
v -0.300146 -0.736865 0.010000
v -0.147182 -0.795045 0.010000
v -0.223664 -0.795045 0.010000
v -0.300146 -0.795045 0.010000
v -0.300146 -0.678685 0.010000
v -0.300146 -0.853225 0.010000
v -0.223664 -0.853225 0.010000
v -0.147182 -0.853225 0.010000
v -0.070698 -0.853225 0.010000
v -1.077913 -0.795045 0.010000
v -0.988492 -0.853225 0.010000
v -1.077913 -0.736865 0.010000
v -1.077913 -0.678685 0.010000
v 1.077912 -0.678685 0.010000
v 1.077912 -0.736865 0.010000
v 1.000062 -0.736865 0.010000
v 0.923579 -0.678685 0.010000
v 1.000062 -0.678685 0.010000
v 1.077912 -0.795045 0.010000
v 1.000062 -0.795045 0.010000
v 0.923578 -0.795045 0.010000
v 0.923578 -0.736865 0.010000
v 0.923578 -0.853225 0.010000
v 1.000062 -0.853225 0.010000
v 1.077912 -0.853225 0.010000
v 0.770614 -0.911404 0.010000
v 0.770614 -0.969584 0.010000
v 0.694130 -0.969584 0.010000
v 0.694130 -0.911404 0.010000
v 0.617648 -0.969584 0.010000
v 0.770614 -1.027764 0.010000
v 0.694130 -1.027764 0.010000
v 0.847096 -0.911404 0.010000
v 0.617648 -0.911404 0.010000
v 0.541164 -0.911404 0.010000
v 0.541164 -0.969584 0.010000
v 0.617648 -1.027764 0.010000
v 0.617648 -1.078290 0.010000
v 0.541164 -1.078290 0.010000
v 0.541164 -1.027764 0.010000
v 0.694130 -1.078290 0.010000
v 0.770612 -1.078290 0.010000
v 0.847096 -1.027764 0.010000
v 0.847096 -1.078290 0.010000
v 0.847096 -0.969584 0.010000
v -0.223664 -0.911404 0.010000
v -0.147182 -0.911404 0.010000
v -0.147182 -0.969584 0.010000
v -0.223664 -0.969584 0.010000
v -0.300146 -0.969584 0.010000
v -0.147182 -1.027764 0.010000
v -0.223664 -1.027764 0.010000
v -0.300146 -1.027764 0.010000
v -0.070698 -0.911404 0.010000
v -0.300146 -0.911404 0.010000
v -0.376628 -0.911404 0.010000
v -0.376628 -0.969584 0.010000
v -0.300146 -1.078290 0.010000
v -0.376628 -1.078290 0.010000
v -0.376628 -1.027764 0.010000
v -0.223664 -1.078290 0.010000
v -0.147182 -1.078290 0.010000
v -0.070698 -1.027764 0.010000
v -0.070698 -1.078290 0.010000
v -0.070698 -0.969584 0.010000
v -1.077913 -0.853225 0.010000
v -0.988492 -0.911404 0.010000
v -0.988492 -1.027764 0.010000
v -0.988492 -1.078290 0.010000
v -1.077913 -1.078290 0.010000
v -0.988492 -0.969584 0.010000
v -1.077913 -1.027763 0.010000
v -1.077913 -0.911404 0.010000
v 1.077912 -0.911404 0.010000
v 1.077912 -0.969584 0.010000
v 1.000062 -0.969583 0.010000
v 0.923578 -0.911404 0.010000
v 1.000062 -0.911404 0.010000
v 1.077912 -1.027764 0.010000
v 1.000062 -1.027764 0.010000
v 0.923578 -1.027764 0.010000
v 0.923578 -0.969584 0.010000
v 0.923578 -1.078290 0.010000
v 1.000062 -1.078290 0.010000
v 1.077912 -1.078290 0.010000
v 0.082268 -0.911404 0.010000
v 0.158752 -0.911404 0.010000
v 0.158752 -0.969584 0.010000
v 0.005784 -0.911404 0.010000
v 0.082268 -0.969584 0.010000
v 0.158752 -1.027764 0.010000
v 0.005784 -0.969584 0.010000
v 0.082268 -1.027764 0.010000
v 0.235234 -0.911404 0.010000
v 0.005784 -1.027764 0.010000
v 0.005784 -1.078290 0.010000
v 0.082268 -1.078290 0.010000
v 0.158752 -1.078290 0.010000
v 0.235234 -1.027764 0.010000
v 0.235234 -1.078290 0.010000
v 0.235234 -0.969584 0.010000
v -0.759044 -0.911404 0.010000
v -0.759044 -0.969584 0.010000
v -0.835526 -0.969584 0.010000
v -0.912009 -0.911404 0.010000
v -0.835526 -0.911404 0.010000
v -0.759043 -1.027764 0.010000
v -0.835526 -1.027764 0.010000
v -0.912009 -0.969584 0.010000
v -0.682562 -0.911404 0.010000
v -0.912009 -1.027763 0.010000
v -0.912009 -1.078290 0.010000
v -0.835526 -1.078290 0.010000
v -0.759043 -1.078290 0.010000
v -0.682562 -1.027764 0.010000
v -0.682562 -1.078290 0.010000
v -0.682562 -0.969584 0.010000
v 0.388198 -0.911404 0.010000
v 0.464682 -0.911404 0.010000
v 0.464682 -0.969584 0.010000
v 0.311716 -0.911404 0.010000
v 0.388198 -0.969584 0.010000
v 0.464682 -1.027764 0.010000
v 0.388198 -1.027764 0.010000
v 0.311716 -0.969584 0.010000
v 0.311716 -1.027764 0.010000
v 0.311716 -1.078290 0.010000
v 0.388198 -1.078290 0.010000
v 0.464682 -1.078290 0.010000
v -0.453112 -0.911404 0.010000
v -0.453112 -0.969584 0.010000
v -0.529596 -0.969584 0.010000
v -0.606078 -0.911404 0.010000
v -0.529596 -0.911404 0.010000
v -0.453112 -1.027764 0.010000
v -0.529596 -1.027764 0.010000
v -0.606078 -1.027764 0.010000
v -0.606078 -0.969584 0.010000
v -0.606078 -1.078290 0.010000
v -0.529596 -1.078290 0.010000
v -0.453112 -1.078290 0.010000
v -1.077912 1.076530 0.010000
v -0.988491 1.076530 0.010000
v -0.988491 1.008529 0.010000
v -1.077912 1.077913 0.010000
v 1.077913 1.076527 0.010000
v 1.000063 1.076527 0.010000
v 1.000063 1.077912 0.010000
v 0.923579 1.076527 0.010000
v 0.923579 1.077912 0.010000
v 0.847097 1.076527 0.010000
v 0.847097 1.077912 0.010000
v 0.923579 1.008529 0.010000
v 0.847097 1.008529 0.010000
v 1.000063 1.008529 0.010000
v 1.077913 1.008528 0.010000
v 0.158752 1.076527 0.010000
v 0.082269 1.076527 0.010000
v 0.082269 1.077912 0.010000
v 0.005785 1.076527 0.010000
v 0.005785 1.077912 0.010000
v -0.070697 1.076527 0.010000
v -0.070697 1.077912 0.010000
v 0.005785 1.008529 0.010000
v 0.082269 1.008529 0.010000
v 0.158752 1.008528 0.010000
v 0.235235 1.076527 0.010000
v 0.235235 1.008529 0.010000
v 0.158752 1.077912 0.010000
v -0.759042 1.076530 0.010000
v -0.835525 1.076530 0.010000
v -0.835525 1.077913 0.010000
v -0.912008 1.076530 0.010000
v -0.912008 1.077913 0.010000
v -0.988491 1.077913 0.010000
v -0.912008 1.008529 0.010000
v -0.835526 1.008529 0.010000
v -0.759042 1.008529 0.010000
v -0.682561 1.076530 0.010000
v -0.682561 1.008529 0.010000
v -0.759042 1.077913 0.010000
v 0.464683 1.076529 0.010000
v 0.388199 1.076529 0.010000
v 0.388199 1.077912 0.010000
v 0.311717 1.076527 0.010000
v 0.311717 1.077912 0.010000
v 0.235235 1.077912 0.010000
v 0.311717 1.008529 0.010000
v 0.388199 1.008529 0.010000
v 0.464683 1.008529 0.010000
v 0.541165 1.076529 0.010000
v 0.541165 1.008529 0.010000
v 0.464683 1.077912 0.010000
v -0.453111 1.076530 0.010000
v -0.529595 1.076530 0.010000
v -0.529595 1.077913 0.010000
v -0.606077 1.076530 0.010000
v -0.606077 1.077913 0.010000
v -0.682561 1.077913 0.010000
v -0.606077 1.008529 0.010000
v -0.529595 1.008529 0.010000
v -0.453111 1.008529 0.010000
v -0.376628 1.076530 0.010000
v -0.376628 1.008529 0.010000
v -0.453111 1.077912 0.010000
v 0.770613 1.076529 0.010000
v 0.694131 1.076529 0.010000
v 0.694131 1.077912 0.010000
v 0.617649 1.076527 0.010000
v 0.617649 1.077912 0.010000
v 0.541165 1.077912 0.010000
v 0.617649 1.008529 0.010000
v 0.694131 1.008529 0.010000
v 0.770613 1.008529 0.010000
v 0.770613 1.077912 0.010000
v -0.223662 1.076530 0.010000
v -0.223662 1.077912 0.010000
v -0.147181 1.077912 0.010000
v -0.300145 1.076530 0.010000
v -0.300145 1.077913 0.010000
v -0.376628 1.077912 0.010000
v -0.300145 1.008529 0.010000
v -0.223662 1.008529 0.010000
v -0.147181 1.076527 0.010000
v -0.147181 1.008529 0.010000
v -0.070697 1.008529 0.010000
v -0.529595 0.950349 0.010000
v -0.453111 0.950349 0.010000
v -0.453111 0.892169 0.010000
v -0.529595 0.892169 0.010000
v -0.606077 0.892169 0.010000
v -0.453111 0.833989 0.010000
v -0.529595 0.833989 0.010000
v -0.606077 0.833989 0.010000
v -0.376628 0.950349 0.010000
v -0.606077 0.950349 0.010000
v -0.682561 0.950349 0.010000
v -0.682561 0.833989 0.010000
v -0.606077 0.775809 0.010000
v -0.529595 0.775809 0.010000
v -0.453111 0.775809 0.010000
v -0.376628 0.833989 0.010000
v -0.376628 0.775809 0.010000
v -0.376628 0.892169 0.010000
v 0.770613 0.950349 0.010000
v 0.770613 0.892169 0.010000
v 0.694131 0.892169 0.010000
v 0.617649 0.950349 0.010000
v 0.694131 0.950349 0.010000
v 0.770613 0.833989 0.010000
v 0.694131 0.833989 0.010000
v 0.617649 0.833989 0.010000
v 0.847097 0.950349 0.010000
v 0.541165 0.950349 0.010000
v 0.617649 0.892169 0.010000
v 0.541165 0.833989 0.010000
v 0.617649 0.775809 0.010000
v 0.694131 0.775809 0.010000
v 0.770613 0.775809 0.010000
v 0.847097 0.833989 0.010000
v 0.847097 0.775809 0.010000
v 0.847097 0.892169 0.010000
v -0.147181 0.950349 0.010000
v -0.147181 0.892169 0.010000
v -0.223662 0.892169 0.010000
v -0.300146 0.950349 0.010000
v -0.223662 0.950349 0.010000
v -0.147181 0.833989 0.010000
v -0.223662 0.833989 0.010000
v -0.300146 0.833989 0.010000
v -0.070697 0.950349 0.010000
v -0.300146 0.892169 0.010000
v -0.300146 0.775809 0.010000
v -0.223662 0.775809 0.010000
v -0.147181 0.775809 0.010000
v -0.070697 0.833989 0.010000
v -0.070697 0.775809 0.010000
v -0.070697 0.892169 0.010000
v -1.077912 1.008529 0.010000
v -0.988492 0.950349 0.010000
v -1.077912 0.833989 0.010000
v -0.988492 0.833989 0.010000
v -0.988492 0.775809 0.010000
v -1.077912 0.892169 0.010000
v -0.988492 0.892169 0.010000
v -1.077912 0.950349 0.010000
v 1.077913 0.950349 0.010000
v 1.077913 0.892169 0.010000
v 1.000063 0.892169 0.010000
v 0.923579 0.950349 0.010000
v 1.000063 0.950349 0.010000
v 1.077913 0.833989 0.010000
v 1.000063 0.833989 0.010000
v 0.923579 0.833989 0.010000
v 0.923579 0.892169 0.010000
v 0.923579 0.775809 0.010000
v 1.000063 0.775809 0.010000
v 1.077913 0.775809 0.010000
v 0.082269 0.950349 0.010000
v 0.158752 0.950349 0.010000
v 0.158752 0.892169 0.010000
v 0.005785 0.950349 0.010000
v 0.082269 0.892169 0.010000
v 0.158752 0.833989 0.010000
v 0.005785 0.892169 0.010000
v 0.082269 0.833989 0.010000
v 0.235235 0.950349 0.010000
v 0.005785 0.833989 0.010000
v 0.005785 0.775809 0.010000
v 0.082269 0.775809 0.010000
v 0.158752 0.775809 0.010000
v 0.235235 0.833989 0.010000
v 0.235235 0.775809 0.010000
v 0.235235 0.892169 0.010000
v -0.835526 0.950349 0.010000
v -0.759042 0.950349 0.010000
v -0.759042 0.892169 0.010000
v -0.912008 0.950349 0.010000
v -0.835526 0.892169 0.010000
v -0.759042 0.833989 0.010000
v -0.835526 0.833989 0.010000
v -0.912008 0.833989 0.010000
v -0.912008 0.892169 0.010000
v -0.912008 0.775809 0.010000
v -0.835526 0.775809 0.010000
v -0.759042 0.775809 0.010000
v -0.682561 0.775809 0.010000
v -0.682561 0.892169 0.010000
v 0.464683 0.950349 0.010000
v 0.464683 0.892169 0.010000
v 0.388199 0.892169 0.010000
v 0.388199 0.950349 0.010000
v 0.311717 0.892169 0.010000
v 0.464683 0.833989 0.010000
v 0.388199 0.833989 0.010000
v 0.311717 0.833989 0.010000
v 0.311717 0.950349 0.010000
v 0.311717 0.775809 0.010000
v 0.388199 0.775809 0.010000
v 0.464683 0.775809 0.010000
v 0.541165 0.775809 0.010000
v 0.541165 0.892169 0.010000
v -0.759042 0.717629 0.010000
v -0.759042 0.659450 0.010000
v -0.835526 0.659450 0.010000
v -0.912008 0.717629 0.010000
v -0.835526 0.717629 0.010000
v -0.759042 0.601270 0.010000
v -0.835526 0.601270 0.010000
v -0.912008 0.601270 0.010000
v -0.682561 0.717629 0.010000
v -0.988492 0.717629 0.010000
v -0.912008 0.659450 0.010000
v -0.988492 0.659450 0.010000
v -0.988492 0.601270 0.010000
v -0.912008 0.543090 0.010000
v -0.835526 0.543090 0.010000
v -0.759042 0.543090 0.010000
v -0.682561 0.601270 0.010000
v -0.682561 0.543090 0.010000
v -0.682561 0.659450 0.010000
v 0.388199 0.717629 0.010000
v 0.464683 0.717629 0.010000
v 0.464683 0.659450 0.010000
v 0.388199 0.659450 0.010000
v 0.311717 0.659450 0.010000
v 0.464683 0.601270 0.010000
v 0.388199 0.601270 0.010000
v 0.541165 0.717629 0.010000
v 0.311717 0.717629 0.010000
v 0.235234 0.717629 0.010000
v 0.235234 0.659450 0.010000
v 0.311717 0.601270 0.010000
v 0.235234 0.601270 0.010000
v 0.311717 0.543090 0.010000
v 0.388199 0.543090 0.010000
v 0.464683 0.543090 0.010000
v 0.541165 0.601270 0.010000
v 0.541165 0.543090 0.010000
v 0.541165 0.659450 0.010000
v -0.529595 0.717629 0.010000
v -0.453112 0.717629 0.010000
v -0.453112 0.659450 0.010000
v -0.529595 0.659450 0.010000
v -0.606077 0.659450 0.010000
v -0.453112 0.601270 0.010000
v -0.529595 0.601270 0.010000
v -0.376628 0.717629 0.010000
v -0.606077 0.717629 0.010000
v -0.606077 0.601270 0.010000
v -0.606077 0.543090 0.010000
v -0.529595 0.543090 0.010000
v -0.453112 0.543090 0.010000
v -0.376628 0.601270 0.010000
v -0.376628 0.543090 0.010000
v -0.376628 0.659450 0.010000
v 0.694131 0.717629 0.010000
v 0.770613 0.717629 0.010000
v 0.770613 0.659450 0.010000
v 0.694131 0.659450 0.010000
v 0.617649 0.659450 0.010000
v 0.770613 0.601270 0.010000
v 0.694131 0.601270 0.010000
v 0.617649 0.601270 0.010000
v 0.847097 0.717629 0.010000
v 0.617649 0.717629 0.010000
v 0.617649 0.543090 0.010000
v 0.694131 0.543090 0.010000
v 0.770613 0.543090 0.010000
v 0.847097 0.601270 0.010000
v 0.847097 0.543090 0.010000
v 0.847097 0.659450 0.010000
v -0.147181 0.717629 0.010000
v -0.147181 0.659450 0.010000
v -0.223662 0.659450 0.010000
v -0.223662 0.717629 0.010000
v -0.300146 0.659450 0.010000
v -0.147181 0.601270 0.010000
v -0.223662 0.601270 0.010000
v -0.300146 0.601270 0.010000
v -0.070697 0.717629 0.010000
v -0.300146 0.717629 0.010000
v -0.300146 0.543090 0.010000
v -0.223662 0.543090 0.010000
v -0.147181 0.543090 0.010000
v -0.070697 0.601270 0.010000
v -0.070697 0.543090 0.010000
v -0.070697 0.659450 0.010000
v -1.077912 0.775809 0.010000
v -1.077912 0.601270 0.010000
v -0.988492 0.543090 0.010000
v -1.077912 0.659450 0.010000
v -1.077912 0.717629 0.010000
v 1.077913 0.717629 0.010000
v 1.077913 0.659450 0.010000
v 1.000063 0.659450 0.010000
v 1.000063 0.717629 0.010000
v 0.923579 0.659450 0.010000
v 1.077913 0.601270 0.010000
v 1.000063 0.601270 0.010000
v 0.923579 0.601270 0.010000
v 0.923579 0.717629 0.010000
v 0.923579 0.543090 0.010000
v 1.000063 0.543090 0.010000
v 1.077913 0.543090 0.010000
v 0.082269 0.717629 0.010000
v 0.158752 0.717629 0.010000
v 0.158752 0.659450 0.010000
v 0.005785 0.717629 0.010000
v 0.082269 0.659450 0.010000
v 0.158752 0.601270 0.010000
v 0.005785 0.659450 0.010000
v 0.082268 0.601270 0.010000
v 0.005785 0.601270 0.010000
v 0.005785 0.543090 0.010000
v 0.082268 0.543090 0.010000
v 0.158752 0.543090 0.010000
v 0.235234 0.543090 0.010000
v -0.147181 0.484910 0.010000
v -0.147181 0.426730 0.010000
v -0.223662 0.426730 0.010000
v -0.223662 0.484910 0.010000
v -0.300146 0.426730 0.010000
v -0.147181 0.368551 0.010000
v -0.223662 0.368551 0.010000
v -0.300146 0.368551 0.010000
v -0.070698 0.484910 0.010000
v -0.300146 0.484910 0.010000
v -0.376628 0.484910 0.010000
v -0.376628 0.426730 0.010000
v -0.376628 0.368551 0.010000
v -0.300146 0.310371 0.010000
v -0.376628 0.310371 0.010000
v -0.223662 0.310371 0.010000
v -0.147181 0.310371 0.010000
v -0.070698 0.368551 0.010000
v -0.070698 0.310371 0.010000
v -0.070698 0.426730 0.010000
v -0.988492 0.484910 0.010000
v -1.077912 0.484910 0.010000
v -0.988492 0.368551 0.010000
v -0.988492 0.310371 0.010000
v -1.077912 0.310371 0.010000
v -1.077912 0.426730 0.010000
v -0.988492 0.426730 0.010000
v 1.077913 0.484910 0.010000
v 1.077912 0.426730 0.010000
v 1.000062 0.426730 0.010000
v 1.000063 0.484910 0.010000
v 0.923579 0.426730 0.010000
v 1.077912 0.368551 0.010000
v 1.000062 0.368551 0.010000
v 0.923579 0.368551 0.010000
v 0.923579 0.484910 0.010000
v 0.847097 0.426730 0.010000
v 0.847097 0.368551 0.010000
v 0.923579 0.310371 0.010000
v 0.847097 0.310371 0.010000
v 1.000063 0.310371 0.010000
v 1.077913 0.310371 0.010000
v 0.082268 0.484910 0.010000
v 0.158752 0.484910 0.010000
v 0.158752 0.426730 0.010000
v 0.005785 0.484910 0.010000
v 0.082268 0.426730 0.010000
v 0.158752 0.368551 0.010000
v 0.005785 0.426730 0.010000
v 0.082268 0.368551 0.010000
v 0.235234 0.484910 0.010000
v 0.005785 0.368551 0.010000
v 0.005785 0.310371 0.010000
v 0.082268 0.310371 0.010000
v 0.158752 0.310371 0.010000
v 0.235234 0.368551 0.010000
v 0.235234 0.310371 0.010000
v 0.235234 0.426730 0.010000
v -0.835526 0.484910 0.010000
v -0.759042 0.484910 0.010000
v -0.759042 0.426730 0.010000
v -0.912008 0.484910 0.010000
v -0.835526 0.426730 0.010000
v -0.759042 0.368551 0.010000
v -0.912008 0.426730 0.010000
v -0.835526 0.368551 0.010000
v -0.682561 0.484910 0.010000
v -0.912008 0.368551 0.010000
v -0.912008 0.310371 0.010000
v -0.835526 0.310371 0.010000
v -0.759042 0.310371 0.010000
v -0.682561 0.368551 0.010000
v -0.682561 0.310371 0.010000
v -0.682561 0.426730 0.010000
v 0.388199 0.484910 0.010000
v 0.464683 0.484910 0.010000
v 0.464683 0.426730 0.010000
v 0.388199 0.426730 0.010000
v 0.311717 0.426730 0.010000
v 0.464683 0.368551 0.010000
v 0.388199 0.368551 0.010000
v 0.541165 0.484910 0.010000
v 0.311717 0.484910 0.010000
v 0.311717 0.368551 0.010000
v 0.311717 0.310371 0.010000
v 0.388199 0.310371 0.010000
v 0.464682 0.310371 0.010000
v 0.541165 0.368551 0.010000
v 0.541165 0.310371 0.010000
v 0.541165 0.426730 0.010000
v -0.529595 0.484910 0.010000
v -0.453112 0.484910 0.010000
v -0.453112 0.426730 0.010000
v -0.606078 0.484910 0.010000
v -0.529595 0.426730 0.010000
v -0.453112 0.368551 0.010000
v -0.606078 0.426730 0.010000
v -0.529595 0.368551 0.010000
v -0.606078 0.368551 0.010000
v -0.606078 0.310371 0.010000
v -0.529595 0.310371 0.010000
v -0.453112 0.310371 0.010000
v 0.770613 0.484910 0.010000
v 0.770613 0.426730 0.010000
v 0.694131 0.426730 0.010000
v 0.694129 0.484910 0.010000
v 0.617649 0.426730 0.010000
v 0.770613 0.368551 0.010000
v 0.694131 0.368551 0.010000
v 0.617648 0.368551 0.010000
v 0.847097 0.484910 0.010000
v 0.617649 0.484910 0.010000
v 0.617648 0.310371 0.010000
v 0.694131 0.310371 0.010000
v 0.770613 0.310371 0.010000
v -0.453112 0.252191 0.010000
v -0.453112 0.194011 0.010000
v -0.529595 0.194011 0.010000
v -0.606078 0.252191 0.010000
v -0.529595 0.252191 0.010000
v -0.453112 0.135831 0.010000
v -0.529595 0.135831 0.010000
v -0.606078 0.135831 0.010000
v -0.376628 0.252191 0.010000
v -0.606078 0.194011 0.010000
v -0.682561 0.194011 0.010000
v -0.682561 0.135831 0.010000
v -0.376628 0.135831 0.010000
v -0.376628 0.194011 0.010000
v 0.770613 0.252191 0.010000
v 0.770613 0.194011 0.010000
v 0.694131 0.194011 0.010000
v 0.694131 0.252191 0.010000
v 0.617648 0.194011 0.010000
v 0.770613 0.135831 0.010000
v 0.694131 0.135831 0.010000
v 0.617648 0.135831 0.010000
v 0.847097 0.252191 0.010000
v 0.617648 0.252191 0.010000
v 0.541165 0.252191 0.010000
v 0.541165 0.194011 0.010000
v 0.541165 0.135831 0.010000
v 0.847097 0.135831 0.010000
v 0.847097 0.194011 0.010000
v -0.147181 0.252191 0.010000
v -0.147181 0.194011 0.010000
v -0.223662 0.194011 0.010000
v -0.300146 0.252191 0.010000
v -0.223662 0.252191 0.010000
v -0.147181 0.135831 0.010000
v -0.223662 0.135831 0.010000
v -0.300146 0.135831 0.010000
v -0.070698 0.252191 0.010000
v -0.300146 0.194011 0.010000
v -0.070698 0.135831 0.010000
v -0.070698 0.194011 0.010000
v -0.988492 0.252191 0.010000
v -1.077912 0.135831 0.010000
v -0.988492 0.135831 0.010000
v -1.077912 0.194011 0.010000
v -0.988492 0.194011 0.010000
v -1.077912 0.252191 0.010000
v 1.077912 0.252191 0.010000
v 1.077912 0.194011 0.010000
v 1.000062 0.194011 0.010000
v 1.000062 0.252191 0.010000
v 0.923579 0.194011 0.010000
v 1.077912 0.135831 0.010000
v 1.000062 0.135831 0.010000
v 0.923579 0.135831 0.010000
v 0.923579 0.252191 0.010000
v 0.082268 0.252191 0.010000
v 0.158752 0.252191 0.010000
v 0.158752 0.194011 0.010000
v 0.005785 0.252191 0.010000
v 0.082268 0.194011 0.010000
v 0.158752 0.135831 0.010000
v 0.005785 0.194011 0.010000
v 0.082268 0.135831 0.010000
v 0.235234 0.252191 0.010000
v 0.005785 0.135831 0.010000
v 0.235234 0.135831 0.010000
v 0.235234 0.194011 0.010000
v -0.759042 0.252191 0.010000
v -0.759042 0.194011 0.010000
v -0.835526 0.194011 0.010000
v -0.912008 0.252191 0.010000
v -0.835526 0.252191 0.010000
v -0.759042 0.135831 0.010000
v -0.912008 0.194011 0.010000
v -0.835526 0.135831 0.010000
v -0.682561 0.252191 0.010000
v -0.912008 0.135831 0.010000
v 0.464682 0.252191 0.010000
v 0.464682 0.194011 0.010000
v 0.388199 0.194011 0.010000
v 0.388199 0.252191 0.010000
v 0.311716 0.194011 0.010000
v 0.464682 0.135831 0.010000
v 0.388199 0.135831 0.010000
v 0.311716 0.252191 0.010000
v 0.311716 0.135831 0.010000
v -1.077912 0.077651 0.010006
v -1.077912 -0.038710 0.009993
v -1.077913 -0.562325 0.010000
v -1.077913 -0.969584 0.010000
v 1.077913 1.077912 0.010000
v -1.077912 0.543090 0.010000
v -1.077912 0.368551 0.010000
v -0.806877 -1.027030 0.008706
v -0.806877 -0.454277 0.008706
v -0.914427 -1.027030 0.008706
v -0.914427 -0.454277 0.008706
vn -0.0000 -0.0000 -1.0000
vn -0.0000 0.0001 -1.0000
vn 0.0001 0.0001 -1.0000
vn -0.0001 -0.0000 -1.0000
vn -0.0000 0.0002 -1.0000
vn 0.0001 -0.0001 -1.0000
vn -0.0000 -0.0001 -1.0000
vn -0.0001 -0.0001 -1.0000
vn 0.0001 -0.0000 -1.0000
vn -0.0001 0.0001 -1.0000
vt 0.521019 0.423609
vt 0.521146 0.383690
vt 0.497760 0.383339
vt 0.521052 0.464094
vt 0.497447 0.423264
vt 0.474556 0.382967
vt 0.497409 0.463761
vt 0.474058 0.422912
vt 0.544623 0.384015
vt 0.544605 0.344804
vt 0.521432 0.344491
vt 0.544686 0.423941
vt 0.544793 0.464430
vt 0.544945 0.505320
vt 0.521246 0.504985
vt 0.497643 0.504666
vt 0.473950 0.463433
vt 0.474225 0.504365
vt 0.450763 0.463114
vt 0.450943 0.422558
vt 0.451621 0.382581
vt 0.475445 0.343751
vt 0.452801 0.343338
vt 0.498350 0.344138
vt 0.528495 0.861503
vt 0.509730 0.861357
vt 0.511859 0.896189
vt 0.530886 0.929498
vt 0.529673 0.896316
vt 0.491079 0.861239
vt 0.494148 0.896086
vt 0.514087 0.929389
vt 0.547315 0.861675
vt 0.547065 0.825425
vt 0.527359 0.825229
vt 0.547538 0.896466
vt 0.547732 0.929626
vt 0.532128 0.960884
vt 0.516400 0.960792
vt 0.497380 0.929301
vt 0.480817 0.929234
vt 0.485246 0.960659
vt 0.476594 0.896009
vt 0.472599 0.861150
vt 0.488192 0.824930
vt 0.468853 0.824829
vt 0.507714 0.825064
vt 0.522469 0.268821
vt 0.523202 0.232610
vt 0.501714 0.232285
vt 0.521875 0.306157
vt 0.500337 0.268481
vt 0.480382 0.231894
vt 0.499211 0.305808
vt 0.478371 0.268084
vt 0.544770 0.232869
vt 0.544882 0.197889
vt 0.524066 0.197655
vt 0.544683 0.269099
vt 0.544626 0.306454
vt 0.476719 0.305413
vt 0.454480 0.304980
vt 0.456646 0.267640
vt 0.459280 0.231448
vt 0.482732 0.196967
vt 0.462355 0.196527
vt 0.503326 0.197346
vt 0.524313 0.709459
vt 0.502492 0.709232
vt 0.504077 0.748808
vt 0.525256 0.749015
vt 0.505824 0.787483
vt 0.480824 0.709043
vt 0.483042 0.748639
vt 0.485506 0.787332
vt 0.545919 0.669478
vt 0.523461 0.669195
vt 0.546507 0.749256
vt 0.546212 0.709722
vt 0.546793 0.787888
vt 0.526275 0.787669
vt 0.465385 0.787217
vt 0.462218 0.748509
vt 0.459379 0.708895
vt 0.478874 0.668739
vt 0.456898 0.668571
vt 0.501086 0.668948
vt 0.527331 0.101484
vt 0.509397 0.101246
vt 0.507186 0.131719
vt 0.526143 0.131983
vt 0.505157 0.163788
vt 0.491577 0.100935
vt 0.488356 0.131381
vt 0.545493 0.072827
vt 0.528603 0.072689
vt 0.545164 0.132169
vt 0.545325 0.101645
vt 0.545015 0.164286
vt 0.525050 0.164076
vt 0.485398 0.163427
vt 0.465845 0.163001
vt 0.469714 0.130977
vt 0.473932 0.100558
vt 0.495037 0.072199
vt 0.478463 0.071855
vt 0.511768 0.072479
vt 0.521592 0.546124
vt 0.498142 0.545822
vt 0.498894 0.587046
vt 0.522087 0.587331
vt 0.499880 0.628153
vt 0.474872 0.545547
vt 0.475875 0.586794
vt 0.477217 0.627923
vt 0.545139 0.546453
vt 0.545373 0.587648
vt 0.522714 0.628419
vt 0.545635 0.628721
vt 0.454801 0.627732
vt 0.453115 0.586577
vt 0.451865 0.545299
vt 0.451076 0.504082
vt 0.547896 0.960991
vt 0.533390 0.990306
vt 0.504267 0.990166
vt 0.500757 0.960716
vt 0.532726 0.007883
vt 0.519567 0.007753
vt 0.516921 0.020513
vt 0.531355 0.020666
vt 0.514282 0.045537
vt 0.506481 0.007573
vt 0.502570 0.020300
vt 0.498709 0.045290
vt 0.545924 0.007964
vt 0.545664 0.045834
vt 0.545834 0.020761
vt 0.529948 0.045719
vt 0.483278 0.044984
vt 0.488346 0.020034
vt 0.493509 0.007347
vt 0.429204 0.545080
vt 0.406959 0.544895
vt 0.408670 0.586248
vt 0.430689 0.586394
vt 0.411006 0.627465
vt 0.385201 0.544745
vt 0.387123 0.586140
vt 0.428277 0.503823
vt 0.432707 0.627579
vt 0.435230 0.668443
vt 0.413939 0.668356
vt 0.389763 0.627391
vt 0.393087 0.668308
vt 0.369037 0.627357
vt 0.372735 0.668299
vt 0.366110 0.586071
vt 0.363988 0.544634
vt 0.384025 0.503393
vt 0.362704 0.503232
vt 0.405904 0.503592
vt 0.489861 0.990116
vt 0.469907 0.960618
vt 0.447735 0.990037
vt 0.439914 0.960591
vt 0.425342 0.960603
vt 0.461557 0.990052
vt 0.454783 0.960596
vt 0.475612 0.990077
vt 0.480682 0.007082
vt 0.468039 0.006782
vt 0.460435 0.019373
vt 0.474288 0.019722
vt 0.453020 0.044231
vt 0.455611 0.006455
vt 0.446826 0.018994
vt 0.438277 0.043804
vt 0.468035 0.044628
vt 0.462096 0.071459
vt 0.445986 0.071020
vt 0.423847 0.043354
vt 0.414707 0.070061
vt 0.433497 0.018592
vt 0.443432 0.006106
vt 0.428181 0.422210
vt 0.429035 0.382190
vt 0.406878 0.381806
vt 0.427931 0.462809
vt 0.405850 0.421877
vt 0.385218 0.381441
vt 0.405528 0.462530
vt 0.384020 0.421568
vt 0.430502 0.342910
vt 0.383627 0.462275
vt 0.362287 0.462058
vt 0.362755 0.421291
vt 0.364120 0.381103
vt 0.387227 0.342061
vt 0.366390 0.341665
vt 0.408619 0.342480
vt 0.454343 0.861092
vt 0.436365 0.861063
vt 0.442158 0.895932
vt 0.464445 0.929188
vt 0.459247 0.895958
vt 0.418714 0.861062
vt 0.425371 0.895931
vt 0.448307 0.929165
vt 0.449759 0.824762
vt 0.432449 0.929162
vt 0.416915 0.929179
vt 0.408934 0.895953
vt 0.401441 0.861089
vt 0.412517 0.824726
vt 0.394475 0.824754
vt 0.430961 0.824728
vt 0.435243 0.267162
vt 0.438483 0.230957
vt 0.418058 0.230443
vt 0.414228 0.266663
vt 0.411076 0.304052
vt 0.398069 0.229913
vt 0.393673 0.266160
vt 0.390052 0.303586
vt 0.442267 0.196039
vt 0.432574 0.304522
vt 0.369568 0.303139
vt 0.373639 0.265668
vt 0.378578 0.229392
vt 0.403202 0.194978
vt 0.384347 0.194435
vt 0.422527 0.195517
vt 0.438229 0.708788
vt 0.417438 0.708720
vt 0.421465 0.748365
vt 0.441672 0.748418
vt 0.425984 0.787098
vt 0.397066 0.708692
vt 0.401655 0.748351
vt 0.445525 0.787139
vt 0.406818 0.787092
vt 0.388082 0.787118
vt 0.382300 0.748372
vt 0.377171 0.708702
vt 0.451321 0.130519
vt 0.456513 0.100128
vt 0.439375 0.099655
vt 0.433231 0.130019
vt 0.427601 0.162007
vt 0.422565 0.099152
vt 0.415500 0.129493
vt 0.446559 0.162523
vt 0.409029 0.161468
vt 0.390899 0.160921
vt 0.398179 0.128952
vt 0.406133 0.098631
vt 0.430174 0.070551
vt 0.359639 0.228884
vt 0.341296 0.228405
vt 0.335348 0.264767
vt 0.349682 0.302720
vt 0.354183 0.265201
vt 0.323588 0.227960
vt 0.330436 0.302339
vt 0.317170 0.264370
vt 0.366014 0.193904
vt 0.346162 0.341303
vt 0.326590 0.340982
vt 0.311869 0.301999
vt 0.307712 0.340705
vt 0.294017 0.301705
vt 0.299686 0.264016
vt 0.306547 0.227555
vt 0.331086 0.192910
vt 0.314563 0.192462
vt 0.348247 0.193393
vt 0.357805 0.708747
vt 0.339018 0.708825
vt 0.345151 0.748511
vt 0.369825 0.787176
vt 0.363451 0.748426
vt 0.320849 0.708932
vt 0.327446 0.748622
vt 0.334920 0.787371
vt 0.352936 0.668328
vt 0.376885 0.824810
vt 0.352090 0.787261
vt 0.359788 0.824891
vt 0.343226 0.824993
vt 0.318348 0.787503
vt 0.310371 0.748757
vt 0.303339 0.709065
vt 0.315179 0.668489
vt 0.297306 0.668613
vt 0.333736 0.668392
vt 0.390123 0.098104
vt 0.374574 0.097579
vt 0.364948 0.127876
vt 0.373257 0.160377
vt 0.381314 0.128410
vt 0.359524 0.097065
vt 0.349116 0.127359
vt 0.356150 0.159847
vt 0.399627 0.069561
vt 0.339614 0.159340
vt 0.323688 0.158862
vt 0.333856 0.126864
vt 0.345005 0.096568
vt 0.370771 0.068560
vt 0.357065 0.068074
vt 0.384970 0.069058
vt 0.343382 0.544563
vt 0.323427 0.544534
vt 0.325905 0.586053
vt 0.348885 0.627361
vt 0.345688 0.586042
vt 0.304167 0.544545
vt 0.329352 0.627403
vt 0.306803 0.586101
vt 0.341999 0.503112
vt 0.310484 0.627480
vt 0.292320 0.627588
vt 0.288420 0.586185
vt 0.285642 0.544595
vt 0.302615 0.503000
vt 0.284019 0.503006
vt 0.321954 0.503034
vt 0.434183 0.990033
vt 0.411103 0.960629
vt 0.383730 0.960752
vt 0.370652 0.960851
vt 0.383237 0.990196
vt 0.408006 0.990073
vt 0.397225 0.960677
vt 0.420933 0.990042
vt 0.431534 0.005741
vt 0.419945 0.005366
vt 0.407816 0.017749
vt 0.409768 0.042891
vt 0.420483 0.018175
vt 0.408695 0.004985
vt 0.395527 0.017319
vt 0.382796 0.041952
vt 0.396073 0.042421
vt 0.369969 0.041490
vt 0.383645 0.016892
vt 0.397811 0.004604
vt 0.342112 0.421053
vt 0.343641 0.380803
vt 0.323824 0.380545
vt 0.341569 0.461881
vt 0.322138 0.420859
vt 0.304714 0.380333
vt 0.321518 0.461750
vt 0.302873 0.420711
vt 0.302177 0.461660
vt 0.283585 0.461616
vt 0.284356 0.420610
vt 0.286346 0.380169
vt 0.289566 0.340475
vt 0.384589 0.861140
vt 0.368200 0.861213
vt 0.377279 0.896059
vt 0.401742 0.929214
vt 0.392889 0.895997
vt 0.352314 0.861306
vt 0.386970 0.929266
vt 0.362127 0.896145
vt 0.372617 0.929350
vt 0.358709 0.929469
vt 0.347454 0.896269
vt 0.336940 0.861432
vt 0.327220 0.825123
vt 0.266618 0.420553
vt 0.268752 0.380052
vt 0.251958 0.379980
vt 0.265772 0.461614
vt 0.249686 0.420539
vt 0.235983 0.379950
vt 0.248764 0.461650
vt 0.233577 0.420563
vt 0.272182 0.340294
vt 0.266199 0.503051
vt 0.249181 0.503130
vt 0.232570 0.461726
vt 0.232953 0.503255
vt 0.217170 0.461858
vt 0.218271 0.420642
vt 0.220827 0.379968
vt 0.239804 0.340072
vt 0.224846 0.340027
vt 0.255587 0.340161
vt 0.322109 0.861603
vt 0.307851 0.861814
vt 0.319675 0.896632
vt 0.333293 0.896433
vt 0.332362 0.929802
vt 0.294196 0.862060
vt 0.306626 0.896861
vt 0.311784 0.825295
vt 0.345282 0.929622
vt 0.358019 0.960971
vt 0.345862 0.961109
vt 0.319983 0.929998
vt 0.334208 0.961261
vt 0.308169 0.930207
vt 0.294180 0.897116
vt 0.281175 0.862336
vt 0.282751 0.825772
vt 0.269215 0.826066
vt 0.296951 0.825513
vt 0.282929 0.263706
vt 0.290208 0.227189
vt 0.274597 0.226870
vt 0.276912 0.301458
vt 0.266924 0.263444
vt 0.259735 0.226593
vt 0.260581 0.301260
vt 0.251695 0.263228
vt 0.298714 0.192051
vt 0.245045 0.301108
vt 0.230328 0.301000
vt 0.237265 0.263057
vt 0.245648 0.226362
vt 0.269133 0.191353
vt 0.255447 0.191067
vt 0.283563 0.191681
vt 0.286509 0.709228
vt 0.270352 0.709434
vt 0.278152 0.749141
vt 0.293936 0.748926
vt 0.287034 0.787895
vt 0.254902 0.709692
vt 0.263054 0.749406
vt 0.280145 0.668764
vt 0.302376 0.787675
vt 0.272354 0.788160
vt 0.258363 0.788465
vt 0.248670 0.749715
vt 0.240188 0.709998
vt 0.247949 0.669201
vt 0.232966 0.669497
vt 0.263685 0.668959
vt 0.331048 0.096093
vt 0.317681 0.095645
vt 0.305172 0.125963
vt 0.319199 0.126398
vt 0.293775 0.158009
vt 0.304929 0.095226
vt 0.291794 0.125562
vt 0.343879 0.067605
vt 0.308399 0.158418
vt 0.279840 0.157639
vt 0.266617 0.157308
vt 0.279095 0.125198
vt 0.292813 0.094838
vt 0.319174 0.066732
vt 0.307702 0.066335
vt 0.331241 0.067156
vt 0.267883 0.544678
vt 0.250913 0.544794
vt 0.253931 0.586447
vt 0.270792 0.586299
vt 0.258200 0.627899
vt 0.234713 0.544960
vt 0.237820 0.586645
vt 0.242242 0.628121
vt 0.274893 0.627724
vt 0.227054 0.628397
vt 0.222487 0.586892
vt 0.219298 0.545174
vt 0.217516 0.503432
vt 0.349239 0.990501
vt 0.323081 0.961424
vt 0.360117 0.990387
vt 0.371457 0.990284
vt 0.387316 0.004227
vt 0.377235 0.003857
vt 0.361210 0.016063
vt 0.357621 0.041039
vt 0.372199 0.016472
vt 0.367587 0.003497
vt 0.350701 0.015669
vt 0.334460 0.040189
vt 0.345778 0.040605
vt 0.323691 0.039795
vt 0.340695 0.015291
vt 0.358396 0.003150
vt 0.281352 0.094481
vt 0.270565 0.094157
vt 0.255797 0.124573
vt 0.267090 0.124868
vt 0.242381 0.156761
vt 0.260465 0.093864
vt 0.245230 0.124311
vt 0.296844 0.065965
vt 0.254125 0.157016
vt 0.242525 0.190823
vt 0.230384 0.190617
vt 0.231397 0.156541
vt 0.222518 0.156381
vt 0.209819 0.190351
vt 0.219019 0.190455
vt 0.236692 0.124110
vt 0.252300 0.093636
vt 0.277035 0.065311
vt 0.269286 0.065064
vt 0.286616 0.065624
vt 0.207963 0.587193
vt 0.204696 0.545442
vt 0.190931 0.545756
vt 0.194265 0.587537
vt 0.199089 0.629085
vt 0.178020 0.546107
vt 0.181419 0.587912
vt 0.186353 0.629477
vt 0.202894 0.503657
vt 0.212663 0.628722
vt 0.218765 0.669837
vt 0.205369 0.670211
vt 0.176036 0.629830
vt 0.182610 0.670967
vt 0.192797 0.670610
vt 0.171013 0.588253
vt 0.167565 0.546429
vt 0.176189 0.504250
vt 0.165725 0.504546
vt 0.189112 0.503934
vt 0.338854 0.990624
vt 0.312509 0.961593
vt 0.293112 0.961940
vt 0.285484 0.962088
vt 0.303732 0.991134
vt 0.302513 0.961766
vt 0.310860 0.991020
vt 0.328981 0.990753
vt 0.349678 0.002818
vt 0.341451 0.002504
vt 0.322268 0.014596
vt 0.313492 0.039425
vt 0.331213 0.014933
vt 0.333729 0.002209
vt 0.313880 0.014281
vt 0.294868 0.038759
vt 0.303880 0.039079
vt 0.287576 0.038504
vt 0.307086 0.014028
vt 0.327472 0.001969
vt 0.203778 0.420772
vt 0.206479 0.380042
vt 0.192955 0.380162
vt 0.202585 0.462037
vt 0.190116 0.420947
vt 0.180276 0.380324
vt 0.188839 0.462267
vt 0.177311 0.421169
vt 0.210692 0.340038
vt 0.175949 0.462540
vt 0.165516 0.462802
vt 0.166945 0.421390
vt 0.170015 0.380498
vt 0.184852 0.340200
vt 0.174730 0.340319
vt 0.197356 0.340099
vt 0.268812 0.862637
vt 0.257134 0.862955
vt 0.271190 0.897656
vt 0.296946 0.930423
vt 0.282361 0.897385
vt 0.246160 0.863279
vt 0.260693 0.897925
vt 0.286339 0.930642
vt 0.256368 0.826386
vt 0.276366 0.930861
vt 0.268275 0.931047
vt 0.252178 0.898153
vt 0.237262 0.863552
vt 0.232837 0.827082
vt 0.223595 0.827395
vt 0.244234 0.826728
vt 0.223648 0.262932
vt 0.232353 0.226171
vt 0.219855 0.226030
vt 0.216421 0.300943
vt 0.210824 0.262860
vt 0.208142 0.225938
vt 0.198804 0.262836
vt 0.203317 0.300940
vt 0.191033 0.300980
vt 0.181091 0.301043
vt 0.189075 0.262845
vt 0.198660 0.225892
vt 0.226237 0.710345
vt 0.213072 0.710722
vt 0.222152 0.750432
vt 0.245089 0.788800
vt 0.235029 0.750060
vt 0.200716 0.711120
vt 0.210063 0.750822
vt 0.220787 0.789535
vt 0.232556 0.789160
vt 0.211245 0.789866
vt 0.200264 0.751168
vt 0.190703 0.711474
vt 0.766887 0.992966
vt 0.783059 0.964226
vt 0.772481 0.963996
vt 0.767110 0.992970
vt 0.742072 0.005397
vt 0.760351 0.017886
vt 0.760565 0.017881
vt 0.777749 0.042865
vt 0.777978 0.042860
vt 0.794083 0.069899
vt 0.794328 0.069894
vt 0.767559 0.043101
vt 0.783231 0.070133
vt 0.750879 0.018115
vt 0.733364 0.005606
vt 0.883700 0.386880
vt 0.886621 0.427631
vt 0.886951 0.427638
vt 0.888079 0.468861
vt 0.888412 0.468869
vt 0.888077 0.510384
vt 0.888409 0.510393
vt 0.873353 0.468539
vt 0.871981 0.427363
vt 0.869204 0.386672
vt 0.879316 0.346790
vt 0.865021 0.346647
vt 0.884025 0.386885
vt 0.825705 0.866703
vt 0.812528 0.900953
vt 0.812795 0.900960
vt 0.798294 0.933510
vt 0.798546 0.933516
vt 0.783298 0.964232
vt 0.787060 0.933233
vt 0.800692 0.900626
vt 0.813319 0.866321
vt 0.837761 0.830902
vt 0.824880 0.830463
vt 0.825983 0.866711
vt 0.857502 0.232252
vt 0.866195 0.269308
vt 0.866503 0.269309
vt 0.873474 0.307543
vt 0.873790 0.307546
vt 0.879637 0.346794
vt 0.859434 0.307468
vt 0.852464 0.269303
vt 0.844133 0.232317
vt 0.847423 0.196540
vt 0.834468 0.196673
vt 0.857802 0.232251
vt 0.866663 0.715915
vt 0.858287 0.755304
vt 0.858595 0.755315
vt 0.848638 0.793702
vt 0.848936 0.793713
vt 0.838050 0.830912
vt 0.835318 0.793222
vt 0.844584 0.754815
vt 0.852636 0.715425
vt 0.873719 0.675708
vt 0.859428 0.675226
vt 0.866978 0.715926
vt 0.809277 0.098901
vt 0.823267 0.129750
vt 0.823536 0.129746
vt 0.835995 0.162328
vt 0.836276 0.162324
vt 0.847714 0.196537
vt 0.823499 0.162516
vt 0.811264 0.129962
vt 0.797820 0.099127
vt 0.809534 0.098896
vt 0.883723 0.593575
vt 0.884053 0.593585
vt 0.886950 0.552029
vt 0.879415 0.634866
vt 0.879741 0.634877
vt 0.874040 0.675720
vt 0.864918 0.634399
vt 0.869080 0.593132
vt 0.886618 0.552019
vt 0.871890 0.551609
vt 0.873321 0.510014
vt 0.830136 0.754339
vt 0.837842 0.714950
vt 0.822309 0.714499
vt 0.814970 0.753883
vt 0.806543 0.792300
vt 0.806068 0.714078
vt 0.799118 0.753455
vt 0.791147 0.791873
vt 0.844351 0.674761
vt 0.821276 0.792752
vt 0.811306 0.830011
vt 0.782197 0.829151
vt 0.775122 0.791476
vt 0.782612 0.753061
vt 0.789151 0.713695
vt 0.811955 0.673918
vt 0.794697 0.673555
vt 0.828516 0.674322
vt 0.785703 0.099355
vt 0.772948 0.099585
vt 0.785176 0.130383
vt 0.810269 0.162704
vt 0.798559 0.130172
vt 0.759577 0.099817
vt 0.771135 0.130593
vt 0.781679 0.163070
vt 0.771763 0.070372
vt 0.820774 0.196833
vt 0.796321 0.162889
vt 0.791150 0.197135
vt 0.766367 0.163250
vt 0.756464 0.130803
vt 0.745616 0.100049
vt 0.747062 0.070858
vt 0.733879 0.071103
vt 0.759698 0.070613
vt 0.856341 0.551226
vt 0.839999 0.550878
vt 0.837388 0.592326
vt 0.849622 0.633953
vt 0.853626 0.592713
vt 0.822897 0.550576
vt 0.820395 0.591981
vt 0.816739 0.633157
vt 0.857740 0.509674
vt 0.833550 0.633536
vt 0.799217 0.632822
vt 0.802680 0.591685
vt 0.805063 0.550326
vt 0.824220 0.509122
vt 0.806338 0.508926
vt 0.841362 0.509374
vt 0.757011 0.992776
vt 0.761348 0.963758
vt 0.724396 0.992186
vt 0.737521 0.963272
vt 0.724882 0.963031
vt 0.735741 0.992384
vt 0.749685 0.963516
vt 0.746622 0.992582
vt 0.724181 0.005819
vt 0.714544 0.006035
vt 0.730385 0.018589
vt 0.756799 0.043342
vt 0.740883 0.018350
vt 0.704471 0.006253
vt 0.719405 0.018829
vt 0.733649 0.043834
vt 0.745488 0.043587
vt 0.721307 0.044082
vt 0.707966 0.019070
vt 0.693985 0.006470
vt 0.856523 0.427132
vt 0.853897 0.386504
vt 0.837803 0.386385
vt 0.857803 0.468251
vt 0.840271 0.426947
vt 0.820948 0.386320
vt 0.841455 0.468005
vt 0.823253 0.426817
vt 0.849926 0.346546
vt 0.824341 0.467810
vt 0.806479 0.467665
vt 0.805470 0.426713
vt 0.803306 0.386252
vt 0.817416 0.346487
vt 0.799981 0.346458
vt 0.834053 0.346497
vt 0.788228 0.900287
vt 0.800271 0.865925
vt 0.786589 0.865519
vt 0.775235 0.932946
vt 0.775163 0.899939
vt 0.772305 0.865115
vt 0.761526 0.899589
vt 0.749914 0.932360
vt 0.762843 0.932654
vt 0.736477 0.932068
vt 0.747348 0.899240
vt 0.757447 0.864736
vt 0.766721 0.828760
vt 0.797068 0.829571
vt 0.830017 0.232426
vt 0.815137 0.232548
vt 0.822710 0.269424
vt 0.837966 0.269344
vt 0.829021 0.307460
vt 0.799495 0.232658
vt 0.806671 0.269495
vt 0.812652 0.307491
vt 0.844608 0.307438
vt 0.795500 0.307504
vt 0.789871 0.269552
vt 0.783118 0.232760
vt 0.775270 0.197278
vt 0.806327 0.196987
vt 0.742046 0.864385
vt 0.726142 0.864068
vt 0.717494 0.898598
vt 0.722560 0.931782
vt 0.732659 0.898904
vt 0.709771 0.863788
vt 0.701891 0.898325
vt 0.693427 0.931250
vt 0.750675 0.828400
vt 0.711798 0.962795
vt 0.708199 0.931508
vt 0.698300 0.962570
vt 0.684420 0.962357
vt 0.678281 0.931020
vt 0.685885 0.898089
vt 0.692972 0.863548
vt 0.717028 0.827799
vt 0.699493 0.827546
vt 0.734098 0.828079
vt 0.772337 0.269600
vt 0.766035 0.232854
vt 0.748285 0.232946
vt 0.754109 0.269640
vt 0.758968 0.307490
vt 0.729905 0.233031
vt 0.735226 0.269672
vt 0.758716 0.197418
vt 0.777592 0.307503
vt 0.781778 0.346409
vt 0.762838 0.346343
vt 0.739666 0.307466
vt 0.743205 0.346264
vt 0.719733 0.307433
vt 0.715732 0.269696
vt 0.710941 0.233109
vt 0.723733 0.197687
vt 0.705386 0.197814
vt 0.741523 0.197554
vt 0.765484 0.752707
vt 0.771591 0.713356
vt 0.753430 0.713066
vt 0.747778 0.752399
vt 0.741323 0.790797
vt 0.734661 0.712773
vt 0.729513 0.752119
vt 0.776781 0.673240
vt 0.758501 0.791115
vt 0.723625 0.790521
vt 0.705408 0.790242
vt 0.710688 0.751816
vt 0.715304 0.712453
vt 0.739034 0.672660
vt 0.719226 0.672330
vt 0.758231 0.672963
vt 0.741192 0.131013
vt 0.731093 0.100282
vt 0.716040 0.100512
vt 0.725353 0.131222
vt 0.733863 0.163606
vt 0.700491 0.100738
vt 0.708980 0.131426
vt 0.716742 0.163780
vt 0.720174 0.071348
vt 0.750417 0.163429
vt 0.699095 0.163946
vt 0.692114 0.131623
vt 0.684483 0.100954
vt 0.691325 0.071825
vt 0.676250 0.072051
vt 0.705978 0.071590
vt 0.786508 0.550108
vt 0.767213 0.549858
vt 0.765148 0.591174
vt 0.784272 0.591438
vt 0.762147 0.632270
vt 0.747214 0.549577
vt 0.745334 0.590876
vt 0.742599 0.631966
vt 0.787704 0.508732
vt 0.781019 0.632541
vt 0.722425 0.631634
vt 0.724874 0.590552
vt 0.726560 0.549270
vt 0.748220 0.508247
vt 0.727458 0.507968
vt 0.768317 0.508504
vt 0.712612 0.991990
vt 0.674909 0.991444
vt 0.670193 0.962162
vt 0.687838 0.991616
vt 0.700417 0.991799
vt 0.683107 0.006685
vt 0.671866 0.006894
vt 0.683811 0.019542
vt 0.696092 0.019308
vt 0.695216 0.044571
vt 0.660285 0.007095
vt 0.671151 0.019767
vt 0.681529 0.044806
vt 0.708486 0.044328
vt 0.667454 0.045031
vt 0.658144 0.019982
vt 0.648392 0.007285
vt 0.786899 0.426580
vt 0.784879 0.386158
vt 0.765707 0.386043
vt 0.787837 0.467498
vt 0.767572 0.426420
vt 0.745828 0.385911
vt 0.768440 0.467300
vt 0.747535 0.426239
vt 0.748330 0.467078
vt 0.727551 0.466834
vt 0.726831 0.426041
vt 0.725290 0.385764
vt 0.722923 0.346173
vt 0.705299 0.548942
vt 0.683491 0.548600
vt 0.682234 0.589845
vt 0.703822 0.590206
vt 0.680395 0.630912
vt 0.661201 0.548246
vt 0.660173 0.589474
vt 0.658661 0.630534
vt 0.706083 0.507669
vt 0.701670 0.631280
vt 0.698859 0.671979
vt 0.677989 0.671613
vt 0.656677 0.671238
vt 0.636537 0.630152
vt 0.634988 0.670863
vt 0.637710 0.589098
vt 0.638498 0.547886
vt 0.661733 0.507031
vt 0.638894 0.506697
vt 0.684152 0.507356
vt 0.655655 0.961987
vt 0.648124 0.991142
vt 0.625767 0.961685
vt 0.610469 0.961534
vt 0.606120 0.990807
vt 0.634335 0.991019
vt 0.640839 0.961835
vt 0.636219 0.007461
vt 0.623797 0.007619
vt 0.631218 0.020361
vt 0.644822 0.020181
vt 0.638293 0.045431
vt 0.611156 0.007755
vt 0.617370 0.020517
vt 0.623284 0.045597
vt 0.653030 0.045241
vt 0.644984 0.072455
vt 0.628878 0.072622
vt 0.608043 0.045731
vt 0.612515 0.072757
vt 0.603316 0.020645
vt 0.598333 0.007865
vt 0.705511 0.425828
vt 0.704142 0.385604
vt 0.682445 0.385431
vt 0.706156 0.466574
vt 0.683635 0.425601
vt 0.660259 0.385245
vt 0.684203 0.466300
vt 0.661268 0.425362
vt 0.702045 0.346070
vt 0.661757 0.466014
vt 0.638889 0.465716
vt 0.638477 0.425109
vt 0.637655 0.385043
vt 0.658728 0.345826
vt 0.636420 0.345678
vt 0.680626 0.345955
vt 0.669510 0.897880
vt 0.675753 0.863311
vt 0.658149 0.863064
vt 0.662797 0.930825
vt 0.652777 0.897667
vt 0.640209 0.862813
vt 0.646998 0.930645
vt 0.635731 0.897451
vt 0.681495 0.827277
vt 0.630910 0.930462
vt 0.614577 0.930279
vt 0.618420 0.897235
vt 0.621982 0.862563
vt 0.644317 0.826714
vt 0.625244 0.826431
vt 0.663086 0.826998
vt 0.695679 0.269711
vt 0.691440 0.233176
vt 0.671453 0.233231
vt 0.675117 0.269711
vt 0.678181 0.307333
vt 0.651038 0.233265
vt 0.654108 0.269694
vt 0.686526 0.197930
vt 0.699221 0.307389
vt 0.656676 0.307261
vt 0.634770 0.307168
vt 0.632712 0.269654
vt 0.630249 0.233274
vt 0.647477 0.198109
vt 0.627398 0.198161
vt 0.667206 0.198030
vt 0.691351 0.751494
vt 0.695411 0.712112
vt 0.675035 0.711758
vt 0.686703 0.789944
vt 0.671550 0.751160
vt 0.654234 0.711396
vt 0.667561 0.789635
vt 0.651347 0.750820
vt 0.648037 0.789320
vt 0.628187 0.789007
vt 0.630802 0.750479
vt 0.633073 0.711035
vt 0.668057 0.101158
vt 0.651255 0.101342
vt 0.657072 0.131975
vt 0.674796 0.131808
vt 0.662401 0.164240
vt 0.634123 0.101502
vt 0.638990 0.132118
vt 0.643452 0.164356
vt 0.660790 0.072263
vt 0.680966 0.164102
vt 0.624174 0.164442
vt 0.620603 0.132229
vt 0.616710 0.101630
vt 0.611617 0.710680
vt 0.589939 0.710338
vt 0.588938 0.749827
vt 0.608073 0.788701
vt 0.609974 0.750146
vt 0.568113 0.710017
vt 0.567757 0.749529
vt 0.567310 0.788136
vt 0.612992 0.670492
vt 0.587759 0.788408
vt 0.586408 0.825892
vt 0.566769 0.825647
vt 0.568379 0.669793
vt 0.590764 0.670133
vt 0.599066 0.101717
vt 0.581251 0.101754
vt 0.583139 0.132319
vt 0.601967 0.132299
vt 0.584871 0.164485
vt 0.563317 0.101733
vt 0.564183 0.132279
vt 0.564976 0.164420
vt 0.595945 0.072853
vt 0.604625 0.164488
vt 0.607027 0.198175
vt 0.586436 0.198142
vt 0.565696 0.198050
vt 0.562381 0.072895
vt 0.579216 0.072902
vt 0.615457 0.547522
vt 0.592161 0.547158
vt 0.591874 0.588350
vt 0.614094 0.629774
vt 0.614917 0.588721
vt 0.568692 0.546800
vt 0.568664 0.587990
vt 0.568560 0.629051
vt 0.615712 0.506356
vt 0.591408 0.629405
vt 0.568649 0.505663
vt 0.592268 0.506010
vt 0.594990 0.961386
vt 0.562659 0.990488
vt 0.563658 0.961112
vt 0.577246 0.990591
vt 0.579372 0.961244
vt 0.591747 0.990698
vt 0.585363 0.007945
vt 0.572278 0.007991
vt 0.574745 0.020792
vt 0.589093 0.020738
vt 0.577044 0.045883
vt 0.559121 0.007998
vt 0.560310 0.020801
vt 0.561378 0.045887
vt 0.592614 0.045829
vt 0.615339 0.424842
vt 0.614706 0.384823
vt 0.591493 0.384580
vt 0.615673 0.465408
vt 0.591936 0.424559
vt 0.568101 0.384312
vt 0.592194 0.465090
vt 0.568355 0.424259
vt 0.613771 0.345508
vt 0.568537 0.464763
vt 0.567777 0.345076
vt 0.590862 0.345309
vt 0.603522 0.862320
vt 0.584886 0.862087
vt 0.583201 0.896823
vt 0.598044 0.930101
vt 0.600894 0.897024
vt 0.566130 0.861871
vt 0.581360 0.929930
vt 0.565399 0.896636
vt 0.605920 0.826155
vt 0.564573 0.929771
vt 0.609154 0.233247
vt 0.587823 0.233181
vt 0.589027 0.269475
vt 0.610991 0.269584
vt 0.590039 0.306895
vt 0.566336 0.233057
vt 0.566896 0.269316
vt 0.612533 0.307049
vt 0.567376 0.306699
vt 0.548028 0.990392
vt 0.518790 0.990230
vt 0.395429 0.990125
vt 0.319644 0.990886
vt 0.742267 0.005393
vt 0.661660 0.991285
vt 0.620328 0.990913
vt 0.011206 0.973653
vt 0.229687 0.929395
vt 0.011206 0.929395
vt 0.229687 0.973653
s 1
usemtl Material.010
f 1/1/1 2/2/1 3/3/1
f 4/4/1 1/1/1 5/5/1
f 5/5/1 3/3/1 6/6/1
f 7/7/1 5/5/1 8/8/1
f 9/9/1 10/10/1 11/11/1
f 12/12/1 9/9/1 2/2/1
f 13/13/1 12/12/1 1/1/1
f 14/14/1 13/13/1 4/4/1
f 15/15/1 4/4/1 7/7/1
f 16/16/1 7/7/1 17/17/1
f 18/18/1 17/17/1 19/19/1
f 17/17/1 8/8/1 20/20/1
f 8/8/1 6/6/1 21/21/1
f 6/6/1 22/22/1 23/23/1
f 3/3/1 24/24/1 22/22/1
f 2/2/1 11/11/1 24/24/1
f 25/25/1 26/26/1 27/27/1
f 28/28/2 29/29/1 27/27/1
f 26/26/1 30/30/1 31/31/1
f 32/32/3 27/27/1 31/31/1
f 33/33/1 34/34/1 35/35/1
f 36/36/1 33/33/1 25/25/1
f 36/36/1 29/29/1 28/28/2
f 37/37/4 28/28/2 38/38/5
f 38/38/5 28/28/2 32/32/3
f 39/39/5 32/32/3 40/40/6
f 40/40/6 41/41/1 42/42/7
f 40/40/6 31/31/1 43/43/1
f 31/31/1 30/30/1 44/44/1
f 30/30/1 45/45/1 46/46/1
f 47/47/1 45/45/1 30/30/1
f 35/35/1 47/47/1 26/26/1
f 48/48/1 49/49/1 50/50/1
f 51/51/1 48/48/1 52/52/1
f 52/52/1 50/50/1 53/53/1
f 54/54/1 52/52/1 55/55/1
f 56/56/1 57/57/1 58/58/1
f 59/59/1 56/56/1 49/49/1
f 60/60/1 59/59/1 48/48/1
f 10/10/1 60/60/1 51/51/1
f 11/11/1 51/51/1 54/54/1
f 24/24/1 54/54/1 61/61/1
f 22/22/1 61/61/1 62/62/1
f 61/61/1 55/55/1 63/63/1
f 55/55/1 53/53/1 64/64/1
f 53/53/1 65/65/1 66/66/1
f 50/50/1 67/67/1 65/65/1
f 49/49/1 58/58/1 67/67/1
f 68/68/1 69/69/1 70/70/1
f 71/71/1 70/70/1 72/72/1
f 69/69/1 73/73/1 74/74/1
f 70/70/1 74/74/1 75/75/1
f 76/76/1 77/77/1 68/68/1
f 78/78/1 79/79/1 68/68/1
f 80/80/1 78/78/1 71/71/1
f 34/34/1 80/80/1 81/81/1
f 35/35/1 81/81/1 72/72/1
f 72/72/1 75/75/1 45/45/1
f 75/75/1 82/82/1 46/46/1
f 74/74/1 83/83/1 82/82/1
f 73/73/1 84/84/1 83/83/1
f 85/85/1 86/86/1 84/84/1
f 87/87/1 85/85/1 73/73/1
f 77/77/1 87/87/1 69/69/1
f 88/88/1 89/89/1 90/90/1
f 91/91/1 90/90/1 92/92/1
f 89/89/1 93/93/1 94/94/1
f 92/92/1 90/90/1 94/94/1
f 95/95/1 96/96/1 88/88/1
f 97/97/1 98/98/1 88/88/1
f 99/99/1 97/97/1 91/91/1
f 57/57/1 99/99/1 100/100/1
f 100/100/1 92/92/1 67/67/1
f 67/67/1 92/92/1 101/101/1
f 65/65/1 101/101/1 102/102/1
f 101/101/1 94/94/1 103/103/1
f 94/94/1 93/93/1 104/104/1
f 93/93/1 105/105/1 106/106/1
f 89/89/1 107/107/1 105/105/1
f 88/88/1 96/96/1 107/107/1
f 108/108/1 109/109/1 110/110/1
f 111/111/1 110/110/1 112/112/1
f 109/109/1 113/113/1 114/114/1
f 110/110/1 114/114/1 115/115/1
f 116/116/1 14/14/1 15/15/1
f 116/116/1 108/108/1 111/111/1
f 117/117/1 111/111/1 118/118/1
f 119/119/1 118/118/1 77/77/1
f 118/118/1 112/112/1 87/87/1
f 112/112/1 115/115/1 85/85/1
f 115/115/1 120/120/1 86/86/1
f 114/114/1 121/121/1 120/120/1
f 113/113/1 122/122/1 121/121/1
f 18/18/1 123/123/1 122/122/1
f 16/16/1 18/18/1 113/113/1
f 15/15/1 16/16/1 109/109/1
f 124/124/8 38/38/5 125/125/5
f 126/126/8 127/127/7 42/42/7
f 39/39/5 127/127/7 126/126/8
f 125/125/5 38/38/5 39/39/5
f 128/128/5 129/129/3 130/130/5
f 131/131/5 130/130/5 132/132/2
f 129/129/3 133/133/6 134/134/7
f 130/130/5 134/134/7 135/135/8
f 136/136/8 128/128/5 131/131/5
f 137/137/9 138/138/7 131/131/5
f 95/95/1 137/137/9 139/139/3
f 96/96/1 139/139/3 132/132/2
f 132/132/2 135/135/8 105/105/1
f 135/135/8 140/140/1 106/106/1
f 135/135/8 134/134/7 141/141/7
f 134/134/7 133/133/6 142/142/7
f 143/143/1 144/144/1 145/145/1
f 146/146/1 145/145/1 147/147/1
f 144/144/1 148/148/1 149/149/1
f 147/147/1 145/145/1 149/149/1
f 123/123/1 150/150/1 143/143/1
f 122/122/1 143/143/1 146/146/1
f 121/121/1 146/146/1 151/151/1
f 120/120/1 151/151/1 152/152/1
f 151/151/1 147/147/1 153/153/1
f 147/147/1 154/154/1 155/155/1
f 154/154/1 156/156/1 157/157/1
f 154/154/1 149/149/1 158/158/1
f 148/148/1 159/159/1 158/158/1
f 148/148/1 160/160/1 161/161/1
f 162/162/1 160/160/1 148/148/1
f 150/150/1 162/162/1 144/144/1
f 163/163/1 42/42/7 164/164/1
f 165/165/1 166/166/1 167/167/1
f 168/168/1 169/169/1 166/166/1
f 170/170/1 164/164/1 169/169/1
f 171/171/1 172/172/1 173/173/1
f 174/174/1 173/173/1 175/175/1
f 172/172/1 176/176/1 177/177/1
f 173/173/1 177/177/1 178/178/1
f 142/142/7 171/171/1 174/174/1
f 140/140/1 141/141/7 174/174/1
f 106/106/1 140/140/1 179/179/1
f 180/180/1 179/179/1 175/175/1
f 181/181/1 175/175/1 178/178/1
f 178/178/1 182/182/1 183/183/1
f 178/178/1 177/177/1 184/184/1
f 177/177/1 176/176/1 185/185/1
f 186/186/1 187/187/1 188/188/1
f 189/189/1 186/186/1 190/190/1
f 190/190/1 188/188/1 191/191/1
f 192/192/1 190/190/1 193/193/1
f 21/21/1 23/23/1 194/194/1
f 20/20/1 21/21/1 187/187/1
f 19/19/1 20/20/1 186/186/1
f 123/123/1 19/19/1 189/189/1
f 150/150/1 189/189/1 192/192/1
f 162/162/1 192/192/1 195/195/1
f 160/160/1 195/195/1 196/196/1
f 195/195/1 193/193/1 197/197/1
f 193/193/1 191/191/1 198/198/1
f 191/191/1 199/199/1 200/200/1
f 188/188/1 201/201/1 199/199/1
f 187/187/1 194/194/1 201/201/1
f 202/202/1 203/203/1 204/204/1
f 205/205/1 206/206/1 204/204/1
f 203/203/1 207/207/1 208/208/1
f 209/209/1 204/204/1 208/208/1
f 44/44/1 46/46/1 210/210/1
f 43/43/1 44/44/1 202/202/1
f 41/41/1 43/43/1 206/206/1
f 42/42/7 41/41/1 205/205/1
f 164/164/1 205/205/1 209/209/1
f 169/169/1 209/209/1 211/211/1
f 211/211/1 212/212/1 167/167/1
f 211/211/1 208/208/1 213/213/1
f 208/208/1 207/207/1 214/214/1
f 207/207/1 215/215/1 216/216/1
f 217/217/1 215/215/1 207/207/1
f 210/210/1 217/217/1 203/203/1
f 218/218/1 219/219/1 220/220/1
f 218/218/1 221/221/1 222/222/1
f 221/221/1 220/220/1 223/223/1
f 221/221/1 224/224/1 225/225/1
f 64/64/1 66/66/1 226/226/1
f 63/63/1 64/64/1 219/219/1
f 63/63/1 218/218/1 227/227/1
f 23/23/1 62/62/1 227/227/1
f 194/194/1 227/227/1 222/222/1
f 201/201/1 222/222/1 225/225/1
f 199/199/1 225/225/1 228/228/1
f 225/225/1 224/224/1 229/229/1
f 224/224/1 223/223/1 230/230/1
f 223/223/1 231/231/1 232/232/1
f 233/233/1 231/231/1 223/223/1
f 219/219/1 226/226/1 233/233/1
f 234/234/1 235/235/1 236/236/1
f 237/237/1 236/236/1 238/238/1
f 235/235/1 239/239/1 240/240/1
f 238/238/1 236/236/1 240/240/1
f 86/86/1 152/152/1 234/234/1
f 83/83/1 84/84/1 234/234/1
f 83/83/1 237/237/1 241/241/1
f 46/46/1 82/82/1 241/241/1
f 210/210/1 241/241/1 238/238/1
f 238/238/1 242/242/1 215/215/1
f 242/242/1 243/243/1 216/216/1
f 240/240/1 244/244/1 243/243/1
f 239/239/1 245/245/1 244/244/1
f 155/155/1 157/157/1 245/245/1
f 153/153/1 155/155/1 239/239/1
f 152/152/1 153/153/1 235/235/1
f 246/246/1 247/247/1 248/248/1
f 246/246/1 249/249/1 250/250/1
f 249/249/1 248/248/1 251/251/1
f 250/250/1 249/249/1 252/252/1
f 106/106/1 180/180/1 247/247/1
f 103/103/1 104/104/1 247/247/1
f 102/102/1 103/103/1 246/246/1
f 66/66/1 102/102/1 253/253/1
f 226/226/1 253/253/1 250/250/1
f 233/233/1 250/250/1 254/254/1
f 254/254/1 255/255/1 232/232/1
f 254/254/1 252/252/1 256/256/1
f 252/252/1 251/251/1 257/257/1
f 251/251/1 258/258/1 183/183/1
f 181/181/1 258/258/1 251/251/1
f 247/247/1 180/180/1 181/181/1
f 259/259/1 260/260/1 261/261/1
f 262/262/1 263/263/1 261/261/1
f 261/261/1 260/260/1 264/264/1
f 265/265/1 261/261/1 266/266/1
f 230/230/1 232/232/1 267/267/1
f 229/229/1 230/230/1 259/259/1
f 229/229/1 263/263/1 262/262/1
f 228/228/1 262/262/1 268/268/1
f 262/262/1 265/265/1 269/269/1
f 265/265/1 270/270/1 271/271/1
f 271/271/1 270/270/1 272/272/1
f 270/270/1 266/266/1 273/273/1
f 266/266/1 264/264/1 274/274/1
f 264/264/1 275/275/1 276/276/1
f 260/260/1 277/277/1 275/275/1
f 259/259/1 267/267/1 277/277/1
f 278/278/1 279/279/1 280/280/1
f 281/281/1 282/282/1 280/280/1
f 279/279/1 283/283/1 284/284/1
f 280/280/1 284/284/1 285/285/1
f 245/245/1 157/157/1 286/286/1
f 245/245/1 278/278/1 282/282/1
f 244/244/1 282/282/1 281/281/1
f 243/243/1 281/281/1 287/287/1
f 281/281/1 288/288/1 289/289/1
f 288/288/1 285/285/1 290/290/1
f 290/290/1 285/285/1 291/291/1
f 284/284/1 292/292/1 291/291/1
f 284/284/1 283/283/1 293/293/1
f 294/294/1 295/295/1 293/293/1
f 279/279/1 296/296/1 294/294/1
f 278/278/1 286/286/1 296/296/1
f 297/297/1 298/298/1 299/299/1
f 300/300/1 301/301/1 299/299/1
f 298/298/1 302/302/1 303/303/1
f 304/304/1 299/299/1 303/303/1
f 183/183/1 305/305/1 297/297/1
f 257/257/1 297/297/1 301/301/1
f 255/255/1 256/256/1 301/301/1
f 255/255/1 300/300/1 267/267/1
f 300/300/1 304/304/1 277/277/1
f 304/304/1 306/306/1 275/275/1
f 275/275/1 306/306/1 307/307/1
f 306/306/1 303/303/1 308/308/1
f 303/303/1 302/302/1 309/309/1
f 302/302/1 310/310/1 311/311/1
f 298/298/1 312/312/1 310/310/1
f 297/297/1 305/305/1 312/312/1
f 313/313/1 314/314/1 315/315/1
f 316/316/1 317/317/1 315/315/1
f 315/315/1 314/314/1 318/318/1
f 319/319/1 315/315/1 320/320/1
f 159/159/1 161/161/1 321/321/1
f 158/158/1 159/159/1 313/313/1
f 158/158/1 317/317/1 316/316/1
f 156/156/1 316/316/1 286/286/1
f 316/316/1 319/319/1 296/296/1
f 319/319/1 322/322/1 294/294/1
f 322/322/1 323/323/1 295/295/1
f 320/320/1 324/324/1 323/323/1
f 320/320/1 318/318/1 325/325/1
f 326/326/1 327/327/1 325/325/1
f 314/314/1 328/328/1 326/326/1
f 313/313/1 321/321/1 328/328/1
f 329/329/1 167/167/1 330/330/1
f 331/331/1 332/332/1 333/333/1
f 334/334/1 335/335/1 331/331/1
f 336/336/1 330/330/1 335/335/1
f 337/337/1 338/338/1 339/339/1
f 340/340/1 341/341/1 339/339/1
f 338/338/1 342/342/1 343/343/1
f 339/339/1 343/343/1 344/344/1
f 185/185/1 337/337/1 341/341/1
f 182/182/1 184/184/1 341/341/1
f 182/182/1 340/340/1 305/305/1
f 340/340/1 345/345/1 312/312/1
f 345/345/1 344/344/1 310/310/1
f 310/310/1 344/344/1 346/346/1
f 343/343/1 347/347/1 346/346/1
f 343/343/1 342/342/1 348/348/1
f 349/349/1 350/350/1 351/351/1
f 352/352/1 349/349/1 353/353/1
f 353/353/1 351/351/1 354/354/1
f 355/355/1 353/353/1 356/356/1
f 198/198/1 200/200/1 268/268/1
f 197/197/1 198/198/1 350/350/1
f 196/196/1 197/197/1 349/349/1
f 196/196/1 352/352/1 321/321/1
f 352/352/1 355/355/1 328/328/1
f 355/355/1 357/357/1 326/326/1
f 326/326/1 357/357/1 358/358/1
f 356/356/1 359/359/1 358/358/1
f 356/356/1 354/354/1 360/360/1
f 354/354/1 271/271/1 361/361/1
f 351/351/1 269/269/1 271/271/1
f 350/350/1 268/268/1 269/269/1
f 362/362/1 363/363/1 364/364/1
f 365/365/1 366/366/1 364/364/1
f 364/364/1 363/363/1 367/367/1
f 368/368/1 364/364/1 369/369/1
f 214/214/1 216/216/1 287/287/1
f 213/213/1 214/214/1 362/362/1
f 213/213/1 366/366/1 365/365/1
f 167/167/1 212/212/1 365/365/1
f 365/365/1 368/368/1 335/335/1
f 368/368/1 370/370/1 331/331/1
f 370/370/1 371/371/1 332/332/1
f 369/369/1 372/372/1 371/371/1
f 369/369/1 367/367/1 373/373/1
f 290/290/1 374/374/1 373/373/1
f 363/363/1 289/289/1 290/290/1
f 362/362/1 287/287/1 289/289/1
f 375/375/1 376/376/1 377/377/1
f 378/378/1 375/375/1 379/379/1
f 379/379/1 377/377/1 380/380/1
f 381/381/1 379/379/1 382/382/1
f 360/360/1 361/361/1 383/383/1
f 359/359/1 360/360/1 376/376/1
f 359/359/1 375/375/1 378/378/1
f 327/327/1 358/358/1 378/378/1
f 384/384/1 378/378/1 381/381/1
f 385/385/1 381/381/1 386/386/1
f 387/387/1 386/386/1 388/388/1
f 386/386/1 382/382/1 389/389/1
f 382/382/1 380/380/1 390/390/1
f 380/380/1 391/391/1 392/392/1
f 377/377/1 393/393/1 391/391/1
f 376/376/1 383/383/1 393/393/1
f 394/394/1 395/395/1 396/396/1
f 397/397/1 396/396/1 398/398/1
f 396/396/1 395/395/1 399/399/1
f 398/398/1 396/396/1 400/400/1
f 374/374/1 401/401/1 394/394/1
f 372/372/1 373/373/1 394/394/1
f 372/372/1 397/397/1 402/402/1
f 332/332/1 371/371/1 402/402/1
f 403/403/1 402/402/1 398/398/1
f 404/404/1 398/398/1 405/405/1
f 406/406/1 405/405/1 407/407/1
f 405/405/1 400/400/1 408/408/1
f 400/400/1 399/399/1 409/409/1
f 410/410/1 411/411/1 409/409/1
f 412/412/1 410/410/1 399/399/1
f 401/401/1 412/412/1 395/395/1
f 413/413/1 414/414/1 415/415/1
f 416/416/1 413/413/1 417/417/1
f 417/417/1 415/415/1 418/418/1
f 419/419/1 417/417/1 420/420/1
f 274/274/1 276/276/1 421/421/1
f 273/273/1 274/274/1 414/414/1
f 273/273/1 413/413/1 416/416/1
f 361/361/1 272/272/1 416/416/1
f 383/383/1 416/416/1 419/419/1
f 393/393/1 419/419/1 422/422/1
f 391/391/1 422/422/1 423/423/1
f 422/422/1 420/420/1 424/424/1
f 420/420/1 418/418/1 425/425/1
f 418/418/1 426/426/1 427/427/1
f 428/428/1 426/426/1 418/418/1
f 414/414/1 421/421/1 428/428/1
f 429/429/1 430/430/1 431/431/1
f 432/432/1 431/431/1 433/433/1
f 430/430/1 434/434/1 435/435/1
f 433/433/1 431/431/1 435/435/1
f 295/295/1 436/436/1 429/429/1
f 292/292/1 293/293/1 429/429/1
f 292/292/1 432/432/1 437/437/1
f 374/374/1 291/291/1 437/437/1
f 437/437/1 433/433/1 412/412/1
f 412/412/1 433/433/1 438/438/1
f 438/438/1 439/439/1 411/411/1
f 435/435/1 440/440/1 439/439/1
f 434/434/1 441/441/1 440/440/1
f 442/442/1 443/443/1 441/441/1
f 444/444/1 442/442/1 434/434/1
f 436/436/1 444/444/1 430/430/1
f 445/445/1 446/446/1 447/447/1
f 448/448/1 447/447/1 449/449/1
f 446/446/1 450/450/1 451/451/1
f 449/449/1 447/447/1 451/451/1
f 311/311/1 452/452/1 445/445/1
f 308/308/1 309/309/1 445/445/1
f 308/308/1 448/448/1 453/453/1
f 276/276/1 307/307/1 453/453/1
f 453/453/1 449/449/1 428/428/1
f 428/428/1 449/449/1 454/454/1
f 426/426/1 454/454/1 455/455/1
f 451/451/1 456/456/1 455/455/1
f 451/451/1 450/450/1 457/457/1
f 458/458/1 459/459/1 457/457/1
f 446/446/1 460/460/1 458/458/1
f 445/445/1 452/452/1 460/460/1
f 461/461/1 462/462/1 463/463/1
f 464/464/1 463/463/1 465/465/1
f 462/462/1 466/466/1 467/467/1
f 463/463/1 467/467/1 468/468/1
f 327/327/1 384/384/1 461/461/1
f 325/325/1 461/461/1 464/464/1
f 323/323/1 324/324/1 464/464/1
f 323/323/1 469/469/1 436/436/1
f 469/469/1 465/465/1 444/444/1
f 444/444/1 465/465/1 468/468/1
f 468/468/1 470/470/1 443/443/1
f 467/467/1 471/471/1 470/470/1
f 467/467/1 466/466/1 472/472/1
f 466/466/1 387/387/1 473/473/1
f 462/462/1 385/385/1 387/387/1
f 384/384/1 385/385/1 462/462/1
f 333/333/1 332/332/1 403/403/1
f 474/474/1 406/406/1 475/475/1
f 476/476/1 404/404/1 406/406/1
f 477/477/1 403/403/1 404/404/1
f 478/478/1 479/479/1 480/480/1
f 481/481/1 482/482/1 480/480/1
f 479/479/1 483/483/1 484/484/1
f 480/480/1 484/484/1 485/485/1
f 347/347/1 348/348/1 478/478/1
f 347/347/1 482/482/1 481/481/1
f 311/311/1 346/346/1 481/481/1
f 481/481/1 486/486/1 460/460/1
f 486/486/1 485/485/1 458/458/1
f 485/485/1 487/487/1 459/459/1
f 484/484/1 488/488/1 487/487/1
f 484/484/1 483/483/1 489/489/1
f 490/490/1 491/491/1 492/492/1
f 493/493/1 492/492/1 494/494/1
f 492/492/1 491/491/1 495/495/1
f 494/494/1 492/492/1 496/496/1
f 457/457/1 459/459/1 497/497/1
f 456/456/1 457/457/1 490/490/1
f 455/455/1 456/456/1 493/493/1
f 455/455/1 498/498/1 499/499/1
f 498/498/1 494/494/1 500/500/1
f 500/500/1 494/494/1 501/501/1
f 502/502/1 503/503/1 504/504/1
f 501/501/1 496/496/1 505/505/1
f 496/496/1 495/495/1 506/506/1
f 507/507/1 508/508/1 506/506/1
f 509/509/1 507/507/1 495/495/1
f 490/490/1 497/497/1 509/509/1
f 510/510/1 511/511/1 512/512/1
f 510/510/1 513/513/1 514/514/1
f 512/512/1 515/515/1 516/516/1
f 513/513/1 516/516/1 517/517/1
f 472/472/1 473/473/1 518/518/1
f 471/471/1 472/472/1 511/511/1
f 471/471/1 510/510/1 519/519/1
f 470/470/1 519/519/1 520/520/1
f 519/519/1 514/514/1 521/521/1
f 521/521/1 514/514/1 517/517/1
f 522/522/1 523/523/1 524/524/1
f 516/516/1 525/525/1 522/522/1
f 515/515/1 526/526/1 525/525/1
f 527/527/1 528/528/1 526/526/1
f 529/529/1 527/527/1 515/515/1
f 511/511/1 518/518/1 529/529/1
f 530/530/1 475/475/1 531/531/1
f 532/532/1 533/533/1 534/534/1
f 535/535/1 532/532/1 536/536/1
f 537/537/1 531/531/1 535/535/1
f 538/538/1 539/539/1 540/540/1
f 541/541/1 542/542/1 540/540/1
f 540/540/1 539/539/1 543/543/1
f 540/540/1 544/544/1 545/545/1
f 488/488/1 489/489/1 538/538/1
f 488/488/1 542/542/1 541/541/1
f 487/487/1 541/541/1 497/497/1
f 541/541/1 546/546/1 509/509/1
f 509/509/1 546/546/1 545/545/1
f 545/545/1 547/547/1 508/508/1
f 544/544/1 548/548/1 547/547/1
f 549/549/1 548/548/1 544/544/1
f 550/550/1 551/551/1 552/552/1
f 553/553/1 550/550/1 554/554/1
f 554/554/1 552/552/1 555/555/1
f 556/556/1 554/554/1 557/557/1
f 392/392/1 558/558/1 551/551/1
f 389/389/1 390/390/1 551/551/1
f 388/388/1 389/389/1 550/550/1
f 473/473/1 388/388/1 553/553/1
f 518/518/1 553/553/1 556/556/1
f 529/529/1 556/556/1 559/559/1
f 560/560/1 528/528/1 527/527/1
f 561/561/1 560/560/1 559/559/1
f 562/562/1 561/561/1 557/557/1
f 563/563/1 564/564/1 562/562/1
f 552/552/1 565/565/1 563/563/1
f 551/551/1 558/558/1 565/565/1
f 566/566/1 567/567/1 568/568/1
f 569/569/1 570/570/1 568/568/1
f 567/567/1 571/571/1 572/572/1
f 573/573/1 568/568/1 572/572/1
f 411/411/1 574/574/1 566/566/1
f 408/408/1 409/409/1 566/566/1
f 408/408/1 570/570/1 569/569/1
f 407/407/1 569/569/1 531/531/1
f 531/531/1 569/569/1 573/573/1
f 535/535/1 573/573/1 575/575/1
f 576/576/1 533/533/1 532/532/1
f 572/572/1 577/577/1 576/576/1
f 571/571/1 578/578/1 577/577/1
f 579/579/1 580/580/1 578/578/1
f 581/581/1 579/579/1 571/571/1
f 574/574/1 581/581/1 567/567/1
f 582/582/1 583/583/1 584/584/1
f 585/585/1 582/582/1 586/586/1
f 584/584/1 587/587/1 588/588/1
f 589/589/1 586/586/1 588/588/1
f 425/425/1 427/427/1 499/499/1
f 424/424/1 425/425/1 583/583/1
f 423/423/1 424/424/1 582/582/1
f 392/392/1 423/423/1 585/585/1
f 558/558/1 585/585/1 589/589/1
f 565/565/1 589/589/1 590/590/1
f 591/591/1 564/564/1 563/563/1
f 590/590/1 588/588/1 592/592/1
f 587/587/1 593/593/1 592/592/1
f 504/504/1 503/503/1 593/593/1
f 500/500/1 504/504/1 587/587/1
f 583/583/1 499/499/1 500/500/1
f 594/594/1 595/595/1 596/596/1
f 597/597/1 598/598/1 596/596/1
f 595/595/1 599/599/1 600/600/1
f 596/596/1 600/600/1 601/601/1
f 443/443/1 520/520/1 594/594/1
f 441/441/1 594/594/1 598/598/1
f 440/440/1 598/598/1 597/597/1
f 411/411/1 439/439/1 597/597/1
f 597/597/1 602/602/1 581/581/1
f 581/581/1 602/602/1 601/601/1
f 603/603/1 580/580/1 579/579/1
f 600/600/1 604/604/1 603/603/1
f 605/605/1 604/604/1 600/600/1
f 524/524/1 523/523/1 605/605/1
f 521/521/1 524/524/1 599/599/1
f 520/520/1 521/521/1 595/595/1
f 606/606/1 607/607/1 608/608/1
f 607/607/1 606/606/1 609/609/1
f 610/610/1 611/611/1 612/612/1
f 611/611/1 613/613/1 614/614/1
f 613/613/1 615/615/1 616/616/1
f 613/613/1 617/617/1 618/618/1
f 611/611/1 619/619/1 617/617/1
f 610/610/1 620/620/1 619/619/1
f 621/621/1 622/622/1 623/623/1
f 622/622/1 624/624/1 625/625/1
f 624/624/1 626/626/1 627/627/1
f 626/626/1 624/624/1 628/628/1
f 624/624/1 622/622/1 629/629/1
f 621/621/1 630/630/1 629/629/1
f 621/621/1 631/631/1 632/632/1
f 631/631/1 621/621/1 633/633/1
f 634/634/1 635/635/1 636/636/1
f 635/635/1 637/637/1 638/638/1
f 637/637/1 607/607/1 639/639/1
f 637/637/1 640/640/1 608/608/1
f 637/637/1 635/635/1 641/641/1
f 634/634/1 642/642/1 641/641/1
f 634/634/1 643/643/1 644/644/1
f 643/643/1 634/634/1 645/645/1
f 646/646/1 647/647/1 648/648/1
f 647/647/1 649/649/1 650/650/1
f 649/649/1 631/631/1 651/651/1
f 631/631/1 649/649/1 652/652/1
f 649/649/1 647/647/1 653/653/1
f 647/647/1 646/646/1 654/654/1
f 646/646/1 655/655/1 656/656/1
f 655/655/1 646/646/1 657/657/1
f 658/658/1 659/659/1 660/660/1
f 659/659/1 661/661/1 662/662/1
f 661/661/1 643/643/1 663/663/1
f 661/661/1 664/664/1 644/644/1
f 661/661/1 659/659/1 665/665/1
f 658/658/1 666/666/1 665/665/1
f 658/658/1 667/667/1 668/668/1
f 667/667/1 658/658/1 669/669/1
f 670/670/1 671/671/1 672/672/1
f 671/671/1 673/673/1 674/674/1
f 655/655/1 675/675/1 674/674/1
f 673/673/1 676/676/1 656/656/1
f 673/673/1 671/671/1 677/677/1
f 671/671/1 670/670/1 678/678/1
f 670/670/1 615/615/1 618/618/1
f 615/615/1 670/670/1 679/679/1
f 680/680/1 681/681/1 682/682/1
f 680/680/1 683/683/1 684/684/1
f 683/683/1 667/667/1 685/685/1
f 683/683/1 686/686/1 668/668/1
f 683/683/1 680/680/1 687/687/1
f 688/688/1 689/689/1 687/687/1
f 688/688/1 626/626/1 690/690/1
f 626/626/1 688/688/1 682/682/1
f 691/691/1 692/692/1 693/693/1
f 691/691/1 694/694/1 695/695/1
f 693/693/1 696/696/1 697/697/1
f 694/694/1 697/697/1 698/698/1
f 666/666/1 668/668/1 699/699/1
f 666/666/1 692/692/1 691/691/1
f 665/665/1 691/691/1 700/700/1
f 664/664/1 700/700/1 701/701/1
f 701/701/1 700/700/1 695/695/1
f 695/695/1 698/698/1 702/702/1
f 702/702/1 698/698/1 703/703/1
f 697/697/1 704/704/1 703/703/1
f 696/696/1 705/705/1 704/704/1
f 696/696/1 706/706/1 707/707/1
f 693/693/1 708/708/1 706/706/1
f 692/692/1 699/699/1 708/708/1
f 709/709/1 710/710/1 711/711/1
f 712/712/1 713/713/1 711/711/1
f 710/710/1 714/714/1 715/715/1
f 711/711/1 715/715/1 716/716/1
f 618/618/1 717/717/1 709/709/1
f 678/678/1 709/709/1 713/713/1
f 676/676/1 677/677/1 713/713/1
f 656/656/1 676/676/1 712/712/1
f 718/718/1 712/712/1 719/719/1
f 719/719/1 716/716/1 720/720/1
f 720/720/1 716/716/1 721/721/1
f 716/716/1 715/715/1 722/722/1
f 715/715/1 714/714/1 723/723/1
f 724/724/1 725/725/1 723/723/1
f 726/726/1 724/724/1 714/714/1
f 717/717/1 726/726/1 710/710/1
f 727/727/1 728/728/1 729/729/1
f 730/730/1 731/731/1 729/729/1
f 728/728/1 732/732/1 733/733/1
f 729/729/1 733/733/1 734/734/1
f 689/689/1 690/690/1 735/735/1
f 689/689/1 727/727/1 731/731/1
f 686/686/1 687/687/1 731/731/1
f 686/686/1 730/730/1 699/699/1
f 730/730/1 736/736/1 708/708/1
f 736/736/1 734/734/1 706/706/1
f 734/734/1 737/737/1 707/707/1
f 733/733/1 738/738/1 737/737/1
f 732/732/1 739/739/1 738/738/1
f 740/740/1 741/741/1 739/739/1
f 742/742/1 740/740/1 732/732/1
f 727/727/1 735/735/1 742/742/1
f 743/743/1 608/608/1 744/744/1
f 745/745/1 746/746/1 747/747/1
f 748/748/1 749/749/1 746/746/1
f 750/750/1 744/744/1 749/749/1
f 751/751/1 752/752/1 753/753/1
f 754/754/1 755/755/1 753/753/1
f 752/752/1 756/756/1 757/757/1
f 753/753/1 757/757/1 758/758/1
f 620/620/1 751/751/1 755/755/1
f 617/617/1 619/619/1 755/755/1
f 618/618/1 617/617/1 754/754/1
f 717/717/1 754/754/1 759/759/1
f 759/759/1 758/758/1 724/724/1
f 724/724/1 758/758/1 760/760/1
f 757/757/1 761/761/1 760/760/1
f 757/757/1 756/756/1 762/762/1
f 763/763/1 764/764/1 765/765/1
f 766/766/1 763/763/1 767/767/1
f 767/767/1 765/765/1 768/768/1
f 769/769/1 767/767/1 770/770/1
f 630/630/1 632/632/1 771/771/1
f 630/630/1 764/764/1 763/763/1
f 629/629/1 763/763/1 766/766/1
f 628/628/1 766/766/1 735/735/1
f 735/735/1 766/766/1 769/769/1
f 742/742/1 769/769/1 772/772/1
f 740/740/1 772/772/1 773/773/1
f 772/772/1 770/770/1 774/774/1
f 770/770/1 768/768/1 775/775/1
f 776/776/1 777/777/1 775/775/1
f 765/765/1 778/778/1 776/776/1
f 764/764/1 771/771/1 778/778/1
f 779/779/1 780/780/1 781/781/1
f 782/782/1 779/779/1 783/783/1
f 783/783/1 781/781/1 784/784/1
f 783/783/1 785/785/1 786/786/1
f 642/642/1 644/644/1 701/701/1
f 642/642/1 780/780/1 779/779/1
f 641/641/1 779/779/1 782/782/1
f 640/640/1 782/782/1 744/744/1
f 744/744/1 782/782/1 787/787/1
f 749/749/1 787/787/1 786/786/1
f 746/746/1 786/786/1 788/788/1
f 785/785/1 789/789/1 788/788/1
f 785/785/1 784/784/1 790/790/1
f 702/702/1 791/791/1 790/790/1
f 792/792/1 702/702/1 784/784/1
f 780/780/1 701/701/1 792/792/1
f 793/793/1 794/794/1 795/795/1
f 796/796/1 795/795/1 797/797/1
f 794/794/1 798/798/1 799/799/1
f 795/795/1 799/799/1 800/800/1
f 654/654/1 656/656/1 718/718/1
f 654/654/1 793/793/1 796/796/1
f 653/653/1 796/796/1 801/801/1
f 632/632/1 652/652/1 801/801/1
f 771/771/1 801/801/1 797/797/1
f 778/778/1 797/797/1 800/800/1
f 776/776/1 800/800/1 802/802/1
f 800/800/1 799/799/1 803/803/1
f 799/799/1 798/798/1 804/804/1
f 798/798/1 720/720/1 805/805/1
f 794/794/1 806/806/1 720/720/1
f 793/793/1 718/718/1 806/806/1
f 807/807/1 808/808/1 809/809/1
f 810/810/1 811/811/1 809/809/1
f 808/808/1 812/812/1 813/813/1
f 809/809/1 813/813/1 814/814/1
f 790/790/1 791/791/1 815/815/1
f 789/789/1 790/790/1 807/807/1
f 789/789/1 811/811/1 810/810/1
f 747/747/1 788/788/1 810/810/1
f 816/816/1 810/810/1 817/817/1
f 818/818/1 817/817/1 814/814/1
f 819/819/1 814/814/1 820/820/1
f 813/813/1 821/821/1 820/820/1
f 813/813/1 812/812/1 822/822/1
f 823/823/1 824/824/1 822/822/1
f 825/825/1 823/823/1 812/812/1
f 815/815/1 825/825/1 808/808/1
f 826/826/1 827/827/1 828/828/1
f 826/826/1 829/829/1 830/830/1
f 829/829/1 828/828/1 831/831/1
f 830/830/1 829/829/1 832/832/1
f 804/804/1 805/805/1 833/833/1
f 803/803/1 804/804/1 827/827/1
f 803/803/1 826/826/1 834/834/1
f 777/777/1 802/802/1 834/834/1
f 835/835/1 834/834/1 830/830/1
f 836/836/1 830/830/1 837/837/1
f 838/838/1 837/837/1 839/839/1
f 837/837/1 832/832/1 840/840/1
f 832/832/1 831/831/1 841/841/1
f 842/842/1 843/843/1 841/841/1
f 844/844/1 842/842/1 831/831/1
f 827/827/1 833/833/1 844/844/1
f 845/845/1 846/846/1 847/847/1
f 845/845/1 848/848/1 849/849/1
f 847/847/1 850/850/1 851/851/1
f 849/849/1 848/848/1 851/851/1
f 707/707/1 852/852/1 846/846/1
f 704/704/1 705/705/1 846/846/1
f 704/704/1 845/845/1 853/853/1
f 791/791/1 703/703/1 853/853/1
f 815/815/1 853/853/1 849/849/1
f 849/849/1 854/854/1 823/823/1
f 823/823/1 854/854/1 855/855/1
f 851/851/1 856/856/1 855/855/1
f 850/850/1 857/857/1 856/856/1
f 858/858/1 859/859/1 857/857/1
f 860/860/1 858/858/1 850/850/1
f 846/846/1 852/852/1 860/860/1
f 861/861/1 862/862/1 863/863/1
f 861/861/1 864/864/1 865/865/1
f 863/863/1 866/866/1 867/867/1
f 864/864/1 867/867/1 868/868/1
f 725/725/1 869/869/1 862/862/1
f 722/722/1 723/723/1 862/862/1
f 722/722/1 861/861/1 870/870/1
f 805/805/1 721/721/1 870/870/1
f 833/833/1 870/870/1 865/865/1
f 844/844/1 865/865/1 868/868/1
f 842/842/1 868/868/1 871/871/1
f 868/868/1 867/867/1 872/872/1
f 867/867/1 866/866/1 873/873/1
f 874/874/1 875/875/1 873/873/1
f 876/876/1 874/874/1 866/866/1
f 862/862/1 869/869/1 876/876/1
f 877/877/1 878/878/1 879/879/1
f 880/880/1 879/879/1 881/881/1
f 878/878/1 882/882/1 883/883/1
f 879/879/1 883/883/1 884/884/1
f 739/739/1 741/741/1 885/885/1
f 739/739/1 877/877/1 880/880/1
f 738/738/1 880/880/1 886/886/1
f 737/737/1 886/886/1 852/852/1
f 886/886/1 881/881/1 860/860/1
f 881/881/1 884/884/1 858/858/1
f 884/884/1 887/887/1 859/859/1
f 883/883/1 888/888/1 887/887/1
f 882/882/1 889/889/1 888/888/1
f 890/890/1 891/891/1 889/889/1
f 892/892/1 890/890/1 882/882/1
f 877/877/1 885/885/1 892/892/1
f 893/893/1 747/747/1 816/816/1
f 894/894/1 819/819/1 895/895/1
f 896/896/1 818/818/1 819/819/1
f 897/897/1 816/816/1 818/818/1
f 898/898/1 899/899/1 900/900/1
f 901/901/1 900/900/1 902/902/1
f 899/899/1 903/903/1 904/904/1
f 900/900/1 904/904/1 905/905/1
f 762/762/1 898/898/1 901/901/1
f 761/761/1 901/901/1 906/906/1
f 725/725/1 760/760/1 906/906/1
f 869/869/1 906/906/1 902/902/1
f 876/876/1 902/902/1 905/905/1
f 905/905/1 907/907/1 875/875/1
f 905/905/1 904/904/1 908/908/1
f 903/903/1 909/909/1 908/908/1
f 910/910/1 911/911/1 912/912/1
f 913/913/1 910/910/1 914/914/1
f 914/914/1 912/912/1 915/915/1
f 916/916/1 914/914/1 917/917/1
f 777/777/1 835/835/1 911/911/1
f 774/774/1 775/775/1 911/911/1
f 774/774/1 910/910/1 913/913/1
f 741/741/1 773/773/1 913/913/1
f 885/885/1 913/913/1 916/916/1
f 892/892/1 916/916/1 918/918/1
f 890/890/1 918/918/1 919/919/1
f 918/918/1 917/917/1 920/920/1
f 917/917/1 915/915/1 921/921/1
f 915/915/1 838/838/1 922/922/1
f 912/912/1 836/836/1 838/838/1
f 911/911/1 835/835/1 836/836/1
f 923/923/1 924/924/1 925/925/1
f 926/926/1 925/925/1 927/927/1
f 924/924/1 928/928/1 929/929/1
f 925/925/1 929/929/1 930/930/1
f 889/889/1 891/891/1 931/931/1
f 889/889/1 923/923/1 926/926/1
f 888/888/1 926/926/1 932/932/1
f 887/887/1 932/932/1 933/933/1
f 932/932/1 927/927/1 934/934/1
f 927/927/1 930/930/1 935/935/1
f 930/930/1 936/936/1 937/937/1
f 929/929/1 938/938/1 936/936/1
f 928/928/1 939/939/1 938/938/1
f 940/940/1 941/941/1 939/939/1
f 942/942/1 940/940/1 928/928/1
f 931/931/1 942/942/1 924/924/1
f 895/895/1 943/943/1 944/944/1
f 945/945/1 946/946/1 947/947/1
f 948/948/1 949/949/1 945/945/1
f 944/944/1 943/943/1 949/949/1
f 950/950/1 951/951/1 952/952/1
f 953/953/1 952/952/1 954/954/1
f 951/951/1 955/955/1 956/956/1
f 952/952/1 956/956/1 957/957/1
f 909/909/1 950/950/1 953/953/1
f 907/907/1 908/908/1 953/953/1
f 875/875/1 907/907/1 958/958/1
f 958/958/1 954/954/1 959/959/1
f 954/954/1 957/957/1 960/960/1
f 957/957/1 961/961/1 962/962/1
f 957/957/1 956/956/1 963/963/1
f 955/955/1 964/964/1 963/963/1
f 965/965/1 966/966/1 967/967/1
f 968/968/1 965/965/1 969/969/1
f 969/969/1 967/967/1 970/970/1
f 971/971/1 969/969/1 972/972/1
f 921/921/1 922/922/1 973/973/1
f 920/920/1 921/921/1 966/966/1
f 919/919/1 920/920/1 965/965/1
f 891/891/1 919/919/1 968/968/1
f 931/931/1 968/968/1 971/971/1
f 971/971/1 974/974/1 940/940/1
f 974/974/1 975/975/1 941/941/1
f 974/974/1 972/972/1 976/976/1
f 972/972/1 970/970/1 977/977/1
f 970/970/1 978/978/1 979/979/1
f 980/980/1 978/978/1 970/970/1
f 966/966/1 973/973/1 980/980/1
f 981/981/1 982/982/1 983/983/1
f 984/984/1 981/981/1 985/985/1
f 985/985/1 983/983/1 986/986/1
f 987/987/1 985/985/1 988/988/1
f 822/822/1 824/824/1 989/989/1
f 821/821/1 822/822/1 982/982/1
f 821/821/1 981/981/1 984/984/1
f 820/820/1 984/984/1 943/943/1
f 943/943/1 984/984/1 987/987/1
f 949/949/1 987/987/1 990/990/1
f 945/945/1 990/990/1 991/991/1
f 990/990/1 988/988/1 992/992/1
f 988/988/1 986/986/1 993/993/1
f 994/994/1 995/995/1 993/993/1
f 996/996/1 994/994/1 986/986/1
f 982/982/1 989/989/1 996/996/1
f 997/997/1 998/998/1 999/999/1
f 997/997/1 1000/1000/1 1001/1001/1
f 1000/1000/1 999/999/1 1002/1002/1
f 1001/1001/1 1000/1000/1 1003/1003/1
f 841/841/1 843/843/1 1004/1004/1
f 840/840/1 841/841/1 998/998/1
f 840/840/1 997/997/1 1005/1005/1
f 922/922/1 839/839/1 1005/1005/1
f 973/973/1 1005/1005/1 1001/1001/1
f 980/980/1 1001/1001/1 1006/1006/1
f 978/978/1 1006/1006/1 1007/1007/1
f 1006/1006/1 1003/1003/1 1008/1008/1
f 1003/1003/1 1002/1002/1 1009/1009/1
f 1010/1010/1 1011/1011/1 1009/1009/1
f 1012/1012/1 1010/1010/1 1002/1002/1
f 998/998/1 1004/1004/1 1012/1012/1
f 1013/1013/1 1014/1014/1 1015/1015/1
f 1016/1016/1 1013/1013/1 1017/1017/1
f 1017/1017/1 1015/1015/1 1018/1018/1
f 1019/1019/1 1017/1017/1 1020/1020/1
f 859/859/1 933/933/1 1014/1014/1
f 857/857/1 1014/1014/1 1013/1013/1
f 856/856/1 1013/1013/1 1016/1016/1
f 824/824/1 855/855/1 1016/1016/1
f 989/989/1 1016/1016/1 1019/1019/1
f 1019/1019/1 1021/1021/1 994/994/1
f 994/994/1 1021/1021/1 1022/1022/1
f 1021/1021/1 1020/1020/1 1023/1023/1
f 1020/1020/1 1018/1018/1 1024/1024/1
f 935/935/1 937/937/1 1024/1024/1
f 934/934/1 935/935/1 1018/1018/1
f 933/933/1 934/934/1 1015/1015/1
f 1025/1025/1 1026/1026/1 1027/1027/1
f 1028/1028/1 1027/1027/1 1029/1029/1
f 1026/1026/1 1030/1030/1 1031/1031/1
f 1027/1027/1 1031/1031/1 1032/1032/1
f 873/873/1 875/875/1 1033/1033/1
f 873/873/1 1025/1025/1 1028/1028/1
f 871/871/1 872/872/1 1028/1028/1
f 843/843/1 871/871/1 1034/1034/1
f 1034/1034/1 1029/1029/1 1012/1012/1
f 1012/1012/1 1029/1029/1 1032/1032/1
f 1010/1010/1 1032/1032/1 1035/1035/1
f 1032/1032/1 1031/1031/1 1036/1036/1
f 1031/1031/1 1030/1030/1 1037/1037/1
f 960/960/1 962/962/1 1037/1037/1
f 959/959/1 960/960/1 1030/1030/1
f 1025/1025/1 1033/1033/1 959/959/1
f 1038/1038/1 1039/1039/1 1040/1040/1
f 1041/1041/1 1042/1042/1 1040/1040/1
f 1039/1039/1 1043/1043/1 1044/1044/1
f 1040/1040/1 1044/1044/1 1045/1045/1
f 937/937/1 1046/1046/1 1038/1038/1
f 1024/1024/1 1038/1038/1 1042/1042/1
f 1022/1022/1 1023/1023/1 1042/1042/1
f 995/995/1 1022/1022/1 1041/1041/1
f 1041/1041/1 1047/1047/1 1048/1048/1
f 1047/1047/1 1045/1045/1 1049/1049/1
f 1045/1045/1 80/80/1 34/34/1
f 1044/1044/1 78/78/1 80/80/1
f 1044/1044/1 1043/1043/1 79/79/1
f 1050/1050/1 76/76/1 79/79/1
f 1039/1039/1 1051/1051/1 1050/1050/1
f 1038/1038/1 1046/1046/1 1051/1051/1
f 1052/1052/1 1053/1053/1 1054/1054/1
f 1055/1055/1 1054/1054/1 1056/1056/1
f 1053/1053/1 1057/1057/1 1058/1058/1
f 1054/1054/1 1058/1058/1 1059/1059/1
f 1037/1037/1 962/962/1 1060/1060/1
f 1036/1036/1 1037/1037/1 1052/1052/1
f 1035/1035/1 1036/1036/1 1055/1055/1
f 1035/1035/1 1061/1061/1 1062/1062/1
f 1061/1061/1 1056/1056/1 1063/1063/1
f 1056/1056/1 1059/1059/1 1064/1064/1
f 1064/1064/1 1059/1059/1 99/99/1
f 1059/1059/1 1058/1058/1 97/97/1
f 1058/1058/1 1057/1057/1 98/98/1
f 1057/1057/1 1065/1065/1 95/95/1
f 1053/1053/1 1066/1066/1 1065/1065/1
f 1060/1060/1 1066/1066/1 1053/1053/1
f 1067/1067/1 1068/1068/1 1069/1069/1
f 1070/1070/1 1071/1071/1 1069/1069/1
f 1068/1068/1 1072/1072/1 1073/1073/1
f 1069/1069/1 1073/1073/1 1074/1074/1
f 939/939/1 941/941/1 1075/1075/1
f 939/939/1 1067/1067/1 1071/1071/1
f 938/938/1 1071/1071/1 1070/1070/1
f 936/936/1 1070/1070/1 1046/1046/1
f 1070/1070/1 1076/1076/1 1051/1051/1
f 1076/1076/1 1074/1074/1 1050/1050/1
f 1074/1074/1 119/119/1 76/76/1
f 1073/1073/1 117/117/1 119/119/1
f 1072/1072/1 116/116/1 117/117/1
f 1077/1077/1 14/14/1 116/116/1
f 1078/1078/1 1077/1077/1 1072/1072/1
f 1075/1075/1 1078/1078/1 1068/1068/1
f 947/947/1 946/946/1 1079/1079/1
f 1080/1080/7 1081/1081/7 124/124/8
f 1082/1082/1 1083/1083/1 1081/1081/7
f 1084/1084/1 1079/1079/1 1083/1083/1
f 1085/1085/1 1086/1086/1 1087/1087/1
f 1088/1088/1 1087/1087/1 1089/1089/1
f 1086/1086/1 1090/1090/1 1091/1091/7
f 1087/1087/1 1091/1091/7 1092/1092/7
f 964/964/1 1085/1085/1 1088/1088/1
f 961/961/1 963/963/1 1088/1088/1
f 962/962/1 961/961/1 1093/1093/1
f 1093/1093/1 1089/1089/1 1066/1066/1
f 1089/1089/1 1092/1092/7 1065/1065/1
f 1092/1092/7 137/137/9 95/95/1
f 1092/1092/7 1091/1091/7 138/138/7
f 1091/1091/7 1090/1090/1 136/136/8
f 1094/1094/1 1095/1095/1 1096/1096/1
f 1097/1097/1 1094/1094/1 1098/1098/1
f 1098/1098/1 1096/1096/1 1099/1099/1
f 1100/1100/1 1098/1098/1 1101/1101/1
f 977/977/1 979/979/1 1102/1102/1
f 976/976/1 977/977/1 1095/1095/1
f 975/975/1 976/976/1 1094/1094/1
f 975/975/1 1097/1097/1 1075/1075/1
f 1075/1075/1 1097/1097/1 1100/1100/1
f 1078/1078/1 1100/1100/1 1103/1103/1
f 1077/1077/1 1103/1103/1 13/13/1
f 1103/1103/1 1101/1101/1 12/12/1
f 1101/1101/1 1099/1099/1 9/9/1
f 1099/1099/1 1104/1104/1 10/10/1
f 1096/1096/1 1105/1105/1 1104/1104/1
f 1095/1095/1 1102/1102/1 1105/1105/1
f 1106/1106/1 1107/1107/1 1108/1108/1
f 1109/1109/1 1110/1110/1 1108/1108/1
f 1108/1108/1 1107/1107/1 1111/1111/1
f 1112/1112/1 1108/1108/1 1113/1113/1
f 993/993/1 995/995/1 1114/1114/1
f 993/993/1 1106/1106/1 1110/1110/1
f 992/992/1 1110/1110/1 1109/1109/1
f 991/991/1 1109/1109/1 1079/1079/1
f 1079/1079/1 1109/1109/1 1112/1112/1
f 1083/1083/1 1112/1112/1 1115/1115/1
f 1081/1081/7 1115/1115/1 37/37/4
f 1115/1115/1 1113/1113/1 36/36/1
f 1113/1113/1 1111/1111/1 33/33/1
f 1049/1049/1 34/34/1 33/33/1
f 1107/1107/1 1048/1048/1 1049/1049/1
f 1106/1106/1 1114/1114/1 1048/1048/1
f 1116/1116/1 1117/1117/1 1118/1118/1
f 1119/1119/1 1118/1118/1 1120/1120/1
f 1118/1118/1 1117/1117/1 1121/1121/1
f 1120/1120/1 1118/1118/1 1122/1122/1
f 1009/1009/1 1011/1011/1 1062/1062/1
f 1008/1008/1 1009/1009/1 1116/1116/1
f 1007/1007/1 1008/1008/1 1119/1119/1
f 1007/1007/1 1123/1123/1 1102/1102/1
f 1123/1123/1 1120/1120/1 1105/1105/1
f 1105/1105/1 1120/1120/1 1124/1124/1
f 1104/1104/1 1124/1124/1 60/60/1
f 1124/1124/1 1122/1122/1 59/59/1
f 1122/1122/1 1121/1121/1 56/56/1
f 1064/1064/1 57/57/1 56/56/1
f 1117/1117/1 1063/1063/1 1064/1064/1
f 1116/1116/1 1062/1062/1 1063/1063/1
f 1/1/1 3/3/1 5/5/1
f 4/4/1 5/5/1 7/7/1
f 5/5/1 6/6/1 8/8/1
f 7/7/1 8/8/1 17/17/1
f 9/9/1 11/11/1 2/2/1
f 12/12/1 2/2/1 1/1/1
f 13/13/1 1/1/1 4/4/1
f 14/14/1 4/4/1 15/15/1
f 15/15/1 7/7/1 16/16/1
f 16/16/1 17/17/1 18/18/1
f 18/18/1 19/19/1 123/123/1
f 17/17/1 20/20/1 19/19/1
f 8/8/1 21/21/1 20/20/1
f 6/6/1 23/23/1 21/21/1
f 3/3/1 22/22/1 6/6/1
f 2/2/1 24/24/1 3/3/1
f 25/25/1 27/27/1 29/29/1
f 28/28/2 27/27/1 32/32/3
f 26/26/1 31/31/1 27/27/1
f 32/32/3 31/31/1 40/40/6
f 33/33/1 35/35/1 25/25/1
f 36/36/1 25/25/1 29/29/1
f 36/36/1 28/28/2 37/37/4
f 37/37/4 38/38/5 124/124/8
f 38/38/5 32/32/3 39/39/5
f 39/39/5 40/40/6 127/127/7
f 40/40/6 42/42/7 127/127/7
f 40/40/6 43/43/1 41/41/1
f 31/31/1 44/44/1 43/43/1
f 30/30/1 46/46/1 44/44/1
f 47/47/1 30/30/1 26/26/1
f 35/35/1 26/26/1 25/25/1
f 48/48/1 50/50/1 52/52/1
f 51/51/1 52/52/1 54/54/1
f 52/52/1 53/53/1 55/55/1
f 54/54/1 55/55/1 61/61/1
f 56/56/1 58/58/1 49/49/1
f 59/59/1 49/49/1 48/48/1
f 60/60/1 48/48/1 51/51/1
f 10/10/1 51/51/1 11/11/1
f 11/11/1 54/54/1 24/24/1
f 24/24/1 61/61/1 22/22/1
f 22/22/1 62/62/1 23/23/1
f 61/61/1 63/63/1 62/62/1
f 55/55/1 64/64/1 63/63/1
f 53/53/1 66/66/1 64/64/1
f 50/50/1 65/65/1 53/53/1
f 49/49/1 67/67/1 50/50/1
f 68/68/1 70/70/1 71/71/1
f 71/71/1 72/72/1 81/81/1
f 69/69/1 74/74/1 70/70/1
f 70/70/1 75/75/1 72/72/1
f 76/76/1 68/68/1 79/79/1
f 78/78/1 68/68/1 71/71/1
f 80/80/1 71/71/1 81/81/1
f 34/34/1 81/81/1 35/35/1
f 35/35/1 72/72/1 47/47/1
f 72/72/1 45/45/1 47/47/1
f 75/75/1 46/46/1 45/45/1
f 74/74/1 82/82/1 75/75/1
f 73/73/1 83/83/1 74/74/1
f 85/85/1 84/84/1 73/73/1
f 87/87/1 73/73/1 69/69/1
f 77/77/1 69/69/1 68/68/1
f 88/88/1 90/90/1 91/91/1
f 91/91/1 92/92/1 100/100/1
f 89/89/1 94/94/1 90/90/1
f 92/92/1 94/94/1 101/101/1
f 95/95/1 88/88/1 98/98/1
f 97/97/1 88/88/1 91/91/1
f 99/99/1 91/91/1 100/100/1
f 57/57/1 100/100/1 58/58/1
f 100/100/1 67/67/1 58/58/1
f 67/67/1 101/101/1 65/65/1
f 65/65/1 102/102/1 66/66/1
f 101/101/1 103/103/1 102/102/1
f 94/94/1 104/104/1 103/103/1
f 93/93/1 106/106/1 104/104/1
f 89/89/1 105/105/1 93/93/1
f 88/88/1 107/107/1 89/89/1
f 108/108/1 110/110/1 111/111/1
f 111/111/1 112/112/1 118/118/1
f 109/109/1 114/114/1 110/110/1
f 110/110/1 115/115/1 112/112/1
f 116/116/1 15/15/1 108/108/1
f 116/116/1 111/111/1 117/117/1
f 117/117/1 118/118/1 119/119/1
f 119/119/1 77/77/1 76/76/1
f 118/118/1 87/87/1 77/77/1
f 112/112/1 85/85/1 87/87/1
f 115/115/1 86/86/1 85/85/1
f 114/114/1 120/120/1 115/115/1
f 113/113/1 121/121/1 114/114/1
f 18/18/1 122/122/1 113/113/1
f 16/16/1 113/113/1 109/109/1
f 15/15/1 109/109/1 108/108/1
f 124/124/8 125/125/5 1125/1125/9
f 126/126/8 42/42/7 163/163/1
f 39/39/5 126/126/8 1126/1126/10
f 125/125/5 39/39/5 1126/1126/10
f 128/128/5 130/130/5 131/131/5
f 131/131/5 132/132/2 139/139/3
f 129/129/3 134/134/7 130/130/5
f 130/130/5 135/135/8 132/132/2
f 136/136/8 131/131/5 138/138/7
f 137/137/9 131/131/5 139/139/3
f 95/95/1 139/139/3 96/96/1
f 96/96/1 132/132/2 107/107/1
f 132/132/2 105/105/1 107/107/1
f 135/135/8 106/106/1 105/105/1
f 135/135/8 141/141/7 140/140/1
f 134/134/7 142/142/7 141/141/7
f 143/143/1 145/145/1 146/146/1
f 146/146/1 147/147/1 151/151/1
f 144/144/1 149/149/1 145/145/1
f 147/147/1 149/149/1 154/154/1
f 123/123/1 143/143/1 122/122/1
f 122/122/1 146/146/1 121/121/1
f 121/121/1 151/151/1 120/120/1
f 120/120/1 152/152/1 86/86/1
f 151/151/1 153/153/1 152/152/1
f 147/147/1 155/155/1 153/153/1
f 154/154/1 157/157/1 155/155/1
f 154/154/1 158/158/1 156/156/1
f 148/148/1 158/158/1 149/149/1
f 148/148/1 161/161/1 159/159/1
f 162/162/1 148/148/1 144/144/1
f 150/150/1 144/144/1 143/143/1
f 163/163/1 164/164/1 170/170/1
f 165/165/1 167/167/1 329/329/1
f 168/168/1 166/166/1 165/165/1
f 170/170/1 169/169/1 168/168/1
f 171/171/1 173/173/1 174/174/1
f 174/174/1 175/175/1 179/179/1
f 172/172/1 177/177/1 173/173/1
f 173/173/1 178/178/1 175/175/1
f 142/142/7 174/174/1 141/141/7
f 140/140/1 174/174/1 179/179/1
f 106/106/1 179/179/1 180/180/1
f 180/180/1 175/175/1 181/181/1
f 181/181/1 178/178/1 258/258/1
f 178/178/1 183/183/1 258/258/1
f 178/178/1 184/184/1 182/182/1
f 177/177/1 185/185/1 184/184/1
f 186/186/1 188/188/1 190/190/1
f 189/189/1 190/190/1 192/192/1
f 190/190/1 191/191/1 193/193/1
f 192/192/1 193/193/1 195/195/1
f 21/21/1 194/194/1 187/187/1
f 20/20/1 187/187/1 186/186/1
f 19/19/1 186/186/1 189/189/1
f 123/123/1 189/189/1 150/150/1
f 150/150/1 192/192/1 162/162/1
f 162/162/1 195/195/1 160/160/1
f 160/160/1 196/196/1 161/161/1
f 195/195/1 197/197/1 196/196/1
f 193/193/1 198/198/1 197/197/1
f 191/191/1 200/200/1 198/198/1
f 188/188/1 199/199/1 191/191/1
f 187/187/1 201/201/1 188/188/1
f 202/202/1 204/204/1 206/206/1
f 205/205/1 204/204/1 209/209/1
f 203/203/1 208/208/1 204/204/1
f 209/209/1 208/208/1 211/211/1
f 44/44/1 210/210/1 202/202/1
f 43/43/1 202/202/1 206/206/1
f 41/41/1 206/206/1 205/205/1
f 42/42/7 205/205/1 164/164/1
f 164/164/1 209/209/1 169/169/1
f 169/169/1 211/211/1 166/166/1
f 211/211/1 167/167/1 166/166/1
f 211/211/1 213/213/1 212/212/1
f 208/208/1 214/214/1 213/213/1
f 207/207/1 216/216/1 214/214/1
f 217/217/1 207/207/1 203/203/1
f 210/210/1 203/203/1 202/202/1
f 218/218/1 220/220/1 221/221/1
f 218/218/1 222/222/1 227/227/1
f 221/221/1 223/223/1 224/224/1
f 221/221/1 225/225/1 222/222/1
f 64/64/1 226/226/1 219/219/1
f 63/63/1 219/219/1 218/218/1
f 63/63/1 227/227/1 62/62/1
f 23/23/1 227/227/1 194/194/1
f 194/194/1 222/222/1 201/201/1
f 201/201/1 225/225/1 199/199/1
f 199/199/1 228/228/1 200/200/1
f 225/225/1 229/229/1 228/228/1
f 224/224/1 230/230/1 229/229/1
f 223/223/1 232/232/1 230/230/1
f 233/233/1 223/223/1 220/220/1
f 219/219/1 233/233/1 220/220/1
f 234/234/1 236/236/1 237/237/1
f 237/237/1 238/238/1 241/241/1
f 235/235/1 240/240/1 236/236/1
f 238/238/1 240/240/1 242/242/1
f 86/86/1 234/234/1 84/84/1
f 83/83/1 234/234/1 237/237/1
f 83/83/1 241/241/1 82/82/1
f 46/46/1 241/241/1 210/210/1
f 210/210/1 238/238/1 217/217/1
f 238/238/1 215/215/1 217/217/1
f 242/242/1 216/216/1 215/215/1
f 240/240/1 243/243/1 242/242/1
f 239/239/1 244/244/1 240/240/1
f 155/155/1 245/245/1 239/239/1
f 153/153/1 239/239/1 235/235/1
f 152/152/1 235/235/1 234/234/1
f 246/246/1 248/248/1 249/249/1
f 246/246/1 250/250/1 253/253/1
f 249/249/1 251/251/1 252/252/1
f 250/250/1 252/252/1 254/254/1
f 106/106/1 247/247/1 104/104/1
f 103/103/1 247/247/1 246/246/1
f 102/102/1 246/246/1 253/253/1
f 66/66/1 253/253/1 226/226/1
f 226/226/1 250/250/1 233/233/1
f 233/233/1 254/254/1 231/231/1
f 254/254/1 232/232/1 231/231/1
f 254/254/1 256/256/1 255/255/1
f 252/252/1 257/257/1 256/256/1
f 251/251/1 183/183/1 257/257/1
f 181/181/1 251/251/1 248/248/1
f 247/247/1 181/181/1 248/248/1
f 259/259/1 261/261/1 263/263/1
f 262/262/1 261/261/1 265/265/1
f 261/261/1 264/264/1 266/266/1
f 265/265/1 266/266/1 270/270/1
f 230/230/1 267/267/1 259/259/1
f 229/229/1 259/259/1 263/263/1
f 229/229/1 262/262/1 228/228/1
f 228/228/1 268/268/1 200/200/1
f 262/262/1 269/269/1 268/268/1
f 265/265/1 271/271/1 269/269/1
f 271/271/1 272/272/1 361/361/1
f 270/270/1 273/273/1 272/272/1
f 266/266/1 274/274/1 273/273/1
f 264/264/1 276/276/1 274/274/1
f 260/260/1 275/275/1 264/264/1
f 259/259/1 277/277/1 260/260/1
f 278/278/1 280/280/1 282/282/1
f 281/281/1 280/280/1 288/288/1
f 279/279/1 284/284/1 280/280/1
f 280/280/1 285/285/1 288/288/1
f 245/245/1 286/286/1 278/278/1
f 245/245/1 282/282/1 244/244/1
f 244/244/1 281/281/1 243/243/1
f 243/243/1 287/287/1 216/216/1
f 281/281/1 289/289/1 287/287/1
f 288/288/1 290/290/1 289/289/1
f 290/290/1 291/291/1 374/374/1
f 284/284/1 291/291/1 285/285/1
f 284/284/1 293/293/1 292/292/1
f 294/294/1 293/293/1 283/283/1
f 279/279/1 294/294/1 283/283/1
f 278/278/1 296/296/1 279/279/1
f 297/297/1 299/299/1 301/301/1
f 300/300/1 299/299/1 304/304/1
f 298/298/1 303/303/1 299/299/1
f 304/304/1 303/303/1 306/306/1
f 183/183/1 297/297/1 257/257/1
f 257/257/1 301/301/1 256/256/1
f 255/255/1 301/301/1 300/300/1
f 255/255/1 267/267/1 232/232/1
f 300/300/1 277/277/1 267/267/1
f 304/304/1 275/275/1 277/277/1
f 275/275/1 307/307/1 276/276/1
f 306/306/1 308/308/1 307/307/1
f 303/303/1 309/309/1 308/308/1
f 302/302/1 311/311/1 309/309/1
f 298/298/1 310/310/1 302/302/1
f 297/297/1 312/312/1 298/298/1
f 313/313/1 315/315/1 317/317/1
f 316/316/1 315/315/1 319/319/1
f 315/315/1 318/318/1 320/320/1
f 319/319/1 320/320/1 322/322/1
f 159/159/1 321/321/1 313/313/1
f 158/158/1 313/313/1 317/317/1
f 158/158/1 316/316/1 156/156/1
f 156/156/1 286/286/1 157/157/1
f 316/316/1 296/296/1 286/286/1
f 319/319/1 294/294/1 296/296/1
f 322/322/1 295/295/1 294/294/1
f 320/320/1 323/323/1 322/322/1
f 320/320/1 325/325/1 324/324/1
f 326/326/1 325/325/1 318/318/1
f 314/314/1 326/326/1 318/318/1
f 313/313/1 328/328/1 314/314/1
f 329/329/1 330/330/1 336/336/1
f 331/331/1 333/333/1 1127/1127/1
f 334/334/1 331/331/1 1127/1127/1
f 336/336/1 335/335/1 334/334/1
f 337/337/1 339/339/1 341/341/1
f 340/340/1 339/339/1 345/345/1
f 338/338/1 343/343/1 339/339/1
f 339/339/1 344/344/1 345/345/1
f 185/185/1 341/341/1 184/184/1
f 182/182/1 341/341/1 340/340/1
f 182/182/1 305/305/1 183/183/1
f 340/340/1 312/312/1 305/305/1
f 345/345/1 310/310/1 312/312/1
f 310/310/1 346/346/1 311/311/1
f 343/343/1 346/346/1 344/344/1
f 343/343/1 348/348/1 347/347/1
f 349/349/1 351/351/1 353/353/1
f 352/352/1 353/353/1 355/355/1
f 353/353/1 354/354/1 356/356/1
f 355/355/1 356/356/1 357/357/1
f 198/198/1 268/268/1 350/350/1
f 197/197/1 350/350/1 349/349/1
f 196/196/1 349/349/1 352/352/1
f 196/196/1 321/321/1 161/161/1
f 352/352/1 328/328/1 321/321/1
f 355/355/1 326/326/1 328/328/1
f 326/326/1 358/358/1 327/327/1
f 356/356/1 358/358/1 357/357/1
f 356/356/1 360/360/1 359/359/1
f 354/354/1 361/361/1 360/360/1
f 351/351/1 271/271/1 354/354/1
f 350/350/1 269/269/1 351/351/1
f 362/362/1 364/364/1 366/366/1
f 365/365/1 364/364/1 368/368/1
f 364/364/1 367/367/1 369/369/1
f 368/368/1 369/369/1 370/370/1
f 214/214/1 287/287/1 362/362/1
f 213/213/1 362/362/1 366/366/1
f 213/213/1 365/365/1 212/212/1
f 167/167/1 365/365/1 330/330/1
f 365/365/1 335/335/1 330/330/1
f 368/368/1 331/331/1 335/335/1
f 370/370/1 332/332/1 331/331/1
f 369/369/1 371/371/1 370/370/1
f 369/369/1 373/373/1 372/372/1
f 290/290/1 373/373/1 367/367/1
f 363/363/1 290/290/1 367/367/1
f 362/362/1 289/289/1 363/363/1
f 375/375/1 377/377/1 379/379/1
f 378/378/1 379/379/1 381/381/1
f 379/379/1 380/380/1 382/382/1
f 381/381/1 382/382/1 386/386/1
f 360/360/1 383/383/1 376/376/1
f 359/359/1 376/376/1 375/375/1
f 359/359/1 378/378/1 358/358/1
f 327/327/1 378/378/1 384/384/1
f 384/384/1 381/381/1 385/385/1
f 385/385/1 386/386/1 387/387/1
f 387/387/1 388/388/1 473/473/1
f 386/386/1 389/389/1 388/388/1
f 382/382/1 390/390/1 389/389/1
f 380/380/1 392/392/1 390/390/1
f 377/377/1 391/391/1 380/380/1
f 376/376/1 393/393/1 377/377/1
f 394/394/1 396/396/1 397/397/1
f 397/397/1 398/398/1 402/402/1
f 396/396/1 399/399/1 400/400/1
f 398/398/1 400/400/1 405/405/1
f 374/374/1 394/394/1 373/373/1
f 372/372/1 394/394/1 397/397/1
f 372/372/1 402/402/1 371/371/1
f 332/332/1 402/402/1 403/403/1
f 403/403/1 398/398/1 404/404/1
f 404/404/1 405/405/1 406/406/1
f 406/406/1 407/407/1 475/475/1
f 405/405/1 408/408/1 407/407/1
f 400/400/1 409/409/1 408/408/1
f 410/410/1 409/409/1 399/399/1
f 412/412/1 399/399/1 395/395/1
f 401/401/1 395/395/1 394/394/1
f 413/413/1 415/415/1 417/417/1
f 416/416/1 417/417/1 419/419/1
f 417/417/1 418/418/1 420/420/1
f 419/419/1 420/420/1 422/422/1
f 274/274/1 421/421/1 414/414/1
f 273/273/1 414/414/1 413/413/1
f 273/273/1 416/416/1 272/272/1
f 361/361/1 416/416/1 383/383/1
f 383/383/1 419/419/1 393/393/1
f 393/393/1 422/422/1 391/391/1
f 391/391/1 423/423/1 392/392/1
f 422/422/1 424/424/1 423/423/1
f 420/420/1 425/425/1 424/424/1
f 418/418/1 427/427/1 425/425/1
f 428/428/1 418/418/1 415/415/1
f 414/414/1 428/428/1 415/415/1
f 429/429/1 431/431/1 432/432/1
f 432/432/1 433/433/1 437/437/1
f 430/430/1 435/435/1 431/431/1
f 433/433/1 435/435/1 438/438/1
f 295/295/1 429/429/1 293/293/1
f 292/292/1 429/429/1 432/432/1
f 292/292/1 437/437/1 291/291/1
f 374/374/1 437/437/1 401/401/1
f 437/437/1 412/412/1 401/401/1
f 412/412/1 438/438/1 410/410/1
f 438/438/1 411/411/1 410/410/1
f 435/435/1 439/439/1 438/438/1
f 434/434/1 440/440/1 435/435/1
f 442/442/1 441/441/1 434/434/1
f 444/444/1 434/434/1 430/430/1
f 436/436/1 430/430/1 429/429/1
f 445/445/1 447/447/1 448/448/1
f 448/448/1 449/449/1 453/453/1
f 446/446/1 451/451/1 447/447/1
f 449/449/1 451/451/1 454/454/1
f 311/311/1 445/445/1 309/309/1
f 308/308/1 445/445/1 448/448/1
f 308/308/1 453/453/1 307/307/1
f 276/276/1 453/453/1 421/421/1
f 453/453/1 428/428/1 421/421/1
f 428/428/1 454/454/1 426/426/1
f 426/426/1 455/455/1 427/427/1
f 451/451/1 455/455/1 454/454/1
f 451/451/1 457/457/1 456/456/1
f 458/458/1 457/457/1 450/450/1
f 446/446/1 458/458/1 450/450/1
f 445/445/1 460/460/1 446/446/1
f 461/461/1 463/463/1 464/464/1
f 464/464/1 465/465/1 469/469/1
f 462/462/1 467/467/1 463/463/1
f 463/463/1 468/468/1 465/465/1
f 327/327/1 461/461/1 325/325/1
f 325/325/1 464/464/1 324/324/1
f 323/323/1 464/464/1 469/469/1
f 323/323/1 436/436/1 295/295/1
f 469/469/1 444/444/1 436/436/1
f 444/444/1 468/468/1 442/442/1
f 468/468/1 443/443/1 442/442/1
f 467/467/1 470/470/1 468/468/1
f 467/467/1 472/472/1 471/471/1
f 466/466/1 473/473/1 472/472/1
f 462/462/1 387/387/1 466/466/1
f 384/384/1 462/462/1 461/461/1
f 333/333/1 403/403/1 477/477/1
f 474/474/1 475/475/1 530/530/1
f 476/476/1 406/406/1 474/474/1
f 477/477/1 404/404/1 476/476/1
f 478/478/1 480/480/1 482/482/1
f 481/481/1 480/480/1 486/486/1
f 479/479/1 484/484/1 480/480/1
f 480/480/1 485/485/1 486/486/1
f 347/347/1 478/478/1 482/482/1
f 347/347/1 481/481/1 346/346/1
f 311/311/1 481/481/1 452/452/1
f 481/481/1 460/460/1 452/452/1
f 486/486/1 458/458/1 460/460/1
f 485/485/1 459/459/1 458/458/1
f 484/484/1 487/487/1 485/485/1
f 484/484/1 489/489/1 488/488/1
f 490/490/1 492/492/1 493/493/1
f 493/493/1 494/494/1 498/498/1
f 492/492/1 495/495/1 496/496/1
f 494/494/1 496/496/1 501/501/1
f 457/457/1 497/497/1 490/490/1
f 456/456/1 490/490/1 493/493/1
f 455/455/1 493/493/1 498/498/1
f 455/455/1 499/499/1 427/427/1
f 498/498/1 500/500/1 499/499/1
f 500/500/1 501/501/1 504/504/1
f 502/502/1 504/504/1 501/501/1
f 501/501/1 505/505/1 502/502/1
f 496/496/1 506/506/1 505/505/1
f 507/507/1 506/506/1 495/495/1
f 509/509/1 495/495/1 491/491/1
f 490/490/1 509/509/1 491/491/1
f 510/510/1 512/512/1 513/513/1
f 510/510/1 514/514/1 519/519/1
f 512/512/1 516/516/1 513/513/1
f 513/513/1 517/517/1 514/514/1
f 472/472/1 518/518/1 511/511/1
f 471/471/1 511/511/1 510/510/1
f 471/471/1 519/519/1 470/470/1
f 470/470/1 520/520/1 443/443/1
f 519/519/1 521/521/1 520/520/1
f 521/521/1 517/517/1 524/524/1
f 522/522/1 524/524/1 517/517/1
f 516/516/1 522/522/1 517/517/1
f 515/515/1 525/525/1 516/516/1
f 527/527/1 526/526/1 515/515/1
f 529/529/1 515/515/1 512/512/1
f 511/511/1 529/529/1 512/512/1
f 530/530/1 531/531/1 537/537/1
f 532/532/1 534/534/1 536/536/1
f 535/535/1 536/536/1 1128/1128/1
f 537/537/1 535/535/1 1128/1128/1
f 538/538/1 540/540/1 542/542/1
f 541/541/1 540/540/1 546/546/1
f 540/540/1 543/543/1 544/544/1
f 540/540/1 545/545/1 546/546/1
f 488/488/1 538/538/1 542/542/1
f 488/488/1 541/541/1 487/487/1
f 487/487/1 497/497/1 459/459/1
f 541/541/1 509/509/1 497/497/1
f 509/509/1 545/545/1 507/507/1
f 545/545/1 508/508/1 507/507/1
f 544/544/1 547/547/1 545/545/1
f 549/549/1 544/544/1 543/543/1
f 550/550/1 552/552/1 554/554/1
f 553/553/1 554/554/1 556/556/1
f 554/554/1 555/555/1 557/557/1
f 556/556/1 557/557/1 559/559/1
f 392/392/1 551/551/1 390/390/1
f 389/389/1 551/551/1 550/550/1
f 388/388/1 550/550/1 553/553/1
f 473/473/1 553/553/1 518/518/1
f 518/518/1 556/556/1 529/529/1
f 529/529/1 559/559/1 527/527/1
f 560/560/1 527/527/1 559/559/1
f 561/561/1 559/559/1 557/557/1
f 562/562/1 557/557/1 555/555/1
f 563/563/1 562/562/1 555/555/1
f 552/552/1 563/563/1 555/555/1
f 551/551/1 565/565/1 552/552/1
f 566/566/1 568/568/1 570/570/1
f 569/569/1 568/568/1 573/573/1
f 567/567/1 572/572/1 568/568/1
f 573/573/1 572/572/1 575/575/1
f 411/411/1 566/566/1 409/409/1
f 408/408/1 566/566/1 570/570/1
f 408/408/1 569/569/1 407/407/1
f 407/407/1 531/531/1 475/475/1
f 531/531/1 573/573/1 535/535/1
f 535/535/1 575/575/1 532/532/1
f 576/576/1 532/532/1 575/575/1
f 572/572/1 576/576/1 575/575/1
f 571/571/1 577/577/1 572/572/1
f 579/579/1 578/578/1 571/571/1
f 581/581/1 571/571/1 567/567/1
f 574/574/1 567/567/1 566/566/1
f 582/582/1 584/584/1 586/586/1
f 585/585/1 586/586/1 589/589/1
f 584/584/1 588/588/1 586/586/1
f 589/589/1 588/588/1 590/590/1
f 425/425/1 499/499/1 583/583/1
f 424/424/1 583/583/1 582/582/1
f 423/423/1 582/582/1 585/585/1
f 392/392/1 585/585/1 558/558/1
f 558/558/1 589/589/1 565/565/1
f 565/565/1 590/590/1 563/563/1
f 591/591/1 563/563/1 590/590/1
f 590/590/1 592/592/1 591/591/1
f 587/587/1 592/592/1 588/588/1
f 504/504/1 593/593/1 587/587/1
f 500/500/1 587/587/1 584/584/1
f 583/583/1 500/500/1 584/584/1
f 594/594/1 596/596/1 598/598/1
f 597/597/1 596/596/1 602/602/1
f 595/595/1 600/600/1 596/596/1
f 596/596/1 601/601/1 602/602/1
f 443/443/1 594/594/1 441/441/1
f 441/441/1 598/598/1 440/440/1
f 440/440/1 597/597/1 439/439/1
f 411/411/1 597/597/1 574/574/1
f 597/597/1 581/581/1 574/574/1
f 581/581/1 601/601/1 579/579/1
f 603/603/1 579/579/1 601/601/1
f 600/600/1 603/603/1 601/601/1
f 605/605/1 600/600/1 599/599/1
f 524/524/1 605/605/1 599/599/1
f 521/521/1 599/599/1 595/595/1
f 520/520/1 595/595/1 594/594/1
f 606/606/1 608/608/1 743/743/1
f 607/607/1 609/609/1 639/639/1
f 610/610/1 612/612/1 1129/1129/1
f 611/611/1 614/614/1 612/612/1
f 613/613/1 616/616/1 614/614/1
f 613/613/1 618/618/1 615/615/1
f 611/611/1 617/617/1 613/613/1
f 610/610/1 619/619/1 611/611/1
f 621/621/1 623/623/1 633/633/1
f 622/622/1 625/625/1 623/623/1
f 624/624/1 627/627/1 625/625/1
f 626/626/1 628/628/1 690/690/1
f 624/624/1 629/629/1 628/628/1
f 621/621/1 629/629/1 622/622/1
f 621/621/1 632/632/1 630/630/1
f 631/631/1 633/633/1 651/651/1
f 634/634/1 636/636/1 645/645/1
f 635/635/1 638/638/1 636/636/1
f 637/637/1 639/639/1 638/638/1
f 637/637/1 608/608/1 607/607/1
f 637/637/1 641/641/1 640/640/1
f 634/634/1 641/641/1 635/635/1
f 634/634/1 644/644/1 642/642/1
f 643/643/1 645/645/1 663/663/1
f 646/646/1 648/648/1 657/657/1
f 647/647/1 650/650/1 648/648/1
f 649/649/1 651/651/1 650/650/1
f 631/631/1 652/652/1 632/632/1
f 649/649/1 653/653/1 652/652/1
f 647/647/1 654/654/1 653/653/1
f 646/646/1 656/656/1 654/654/1
f 655/655/1 657/657/1 675/675/1
f 658/658/1 660/660/1 669/669/1
f 659/659/1 662/662/1 660/660/1
f 661/661/1 663/663/1 662/662/1
f 661/661/1 644/644/1 643/643/1
f 661/661/1 665/665/1 664/664/1
f 658/658/1 665/665/1 659/659/1
f 658/658/1 668/668/1 666/666/1
f 667/667/1 669/669/1 685/685/1
f 670/670/1 672/672/1 679/679/1
f 671/671/1 674/674/1 672/672/1
f 655/655/1 674/674/1 673/673/1
f 673/673/1 656/656/1 655/655/1
f 673/673/1 677/677/1 676/676/1
f 671/671/1 678/678/1 677/677/1
f 670/670/1 618/618/1 678/678/1
f 615/615/1 679/679/1 616/616/1
f 680/680/1 682/682/1 688/688/1
f 680/680/1 684/684/1 681/681/1
f 683/683/1 685/685/1 684/684/1
f 683/683/1 668/668/1 667/667/1
f 683/683/1 687/687/1 686/686/1
f 688/688/1 687/687/1 680/680/1
f 688/688/1 690/690/1 689/689/1
f 626/626/1 682/682/1 627/627/1
f 691/691/1 693/693/1 694/694/1
f 691/691/1 695/695/1 700/700/1
f 693/693/1 697/697/1 694/694/1
f 694/694/1 698/698/1 695/695/1
f 666/666/1 699/699/1 692/692/1
f 666/666/1 691/691/1 665/665/1
f 665/665/1 700/700/1 664/664/1
f 664/664/1 701/701/1 644/644/1
f 701/701/1 695/695/1 792/792/1
f 695/695/1 702/702/1 792/792/1
f 702/702/1 703/703/1 791/791/1
f 697/697/1 703/703/1 698/698/1
f 696/696/1 704/704/1 697/697/1
f 696/696/1 707/707/1 705/705/1
f 693/693/1 706/706/1 696/696/1
f 692/692/1 708/708/1 693/693/1
f 709/709/1 711/711/1 713/713/1
f 712/712/1 711/711/1 719/719/1
f 710/710/1 715/715/1 711/711/1
f 711/711/1 716/716/1 719/719/1
f 618/618/1 709/709/1 678/678/1
f 678/678/1 713/713/1 677/677/1
f 676/676/1 713/713/1 712/712/1
f 656/656/1 712/712/1 718/718/1
f 718/718/1 719/719/1 806/806/1
f 719/719/1 720/720/1 806/806/1
f 720/720/1 721/721/1 805/805/1
f 716/716/1 722/722/1 721/721/1
f 715/715/1 723/723/1 722/722/1
f 724/724/1 723/723/1 714/714/1
f 726/726/1 714/714/1 710/710/1
f 717/717/1 710/710/1 709/709/1
f 727/727/1 729/729/1 731/731/1
f 730/730/1 729/729/1 736/736/1
f 728/728/1 733/733/1 729/729/1
f 729/729/1 734/734/1 736/736/1
f 689/689/1 735/735/1 727/727/1
f 689/689/1 731/731/1 687/687/1
f 686/686/1 731/731/1 730/730/1
f 686/686/1 699/699/1 668/668/1
f 730/730/1 708/708/1 699/699/1
f 736/736/1 706/706/1 708/708/1
f 734/734/1 707/707/1 706/706/1
f 733/733/1 737/737/1 734/734/1
f 732/732/1 738/738/1 733/733/1
f 740/740/1 739/739/1 732/732/1
f 742/742/1 732/732/1 728/728/1
f 727/727/1 742/742/1 728/728/1
f 743/743/1 744/744/1 750/750/1
f 745/745/1 747/747/1 893/893/1
f 748/748/1 746/746/1 745/745/1
f 750/750/1 749/749/1 748/748/1
f 751/751/1 753/753/1 755/755/1
f 754/754/1 753/753/1 759/759/1
f 752/752/1 757/757/1 753/753/1
f 753/753/1 758/758/1 759/759/1
f 620/620/1 755/755/1 619/619/1
f 617/617/1 755/755/1 754/754/1
f 618/618/1 754/754/1 717/717/1
f 717/717/1 759/759/1 726/726/1
f 759/759/1 724/724/1 726/726/1
f 724/724/1 760/760/1 725/725/1
f 757/757/1 760/760/1 758/758/1
f 757/757/1 762/762/1 761/761/1
f 763/763/1 765/765/1 767/767/1
f 766/766/1 767/767/1 769/769/1
f 767/767/1 768/768/1 770/770/1
f 769/769/1 770/770/1 772/772/1
f 630/630/1 771/771/1 764/764/1
f 630/630/1 763/763/1 629/629/1
f 629/629/1 766/766/1 628/628/1
f 628/628/1 735/735/1 690/690/1
f 735/735/1 769/769/1 742/742/1
f 742/742/1 772/772/1 740/740/1
f 740/740/1 773/773/1 741/741/1
f 772/772/1 774/774/1 773/773/1
f 770/770/1 775/775/1 774/774/1
f 776/776/1 775/775/1 768/768/1
f 765/765/1 776/776/1 768/768/1
f 764/764/1 778/778/1 765/765/1
f 779/779/1 781/781/1 783/783/1
f 782/782/1 783/783/1 787/787/1
f 783/783/1 784/784/1 785/785/1
f 783/783/1 786/786/1 787/787/1
f 642/642/1 701/701/1 780/780/1
f 642/642/1 779/779/1 641/641/1
f 641/641/1 782/782/1 640/640/1
f 640/640/1 744/744/1 608/608/1
f 744/744/1 787/787/1 749/749/1
f 749/749/1 786/786/1 746/746/1
f 746/746/1 788/788/1 747/747/1
f 785/785/1 788/788/1 786/786/1
f 785/785/1 790/790/1 789/789/1
f 702/702/1 790/790/1 784/784/1
f 792/792/1 784/784/1 781/781/1
f 780/780/1 792/792/1 781/781/1
f 793/793/1 795/795/1 796/796/1
f 796/796/1 797/797/1 801/801/1
f 794/794/1 799/799/1 795/795/1
f 795/795/1 800/800/1 797/797/1
f 654/654/1 718/718/1 793/793/1
f 654/654/1 796/796/1 653/653/1
f 653/653/1 801/801/1 652/652/1
f 632/632/1 801/801/1 771/771/1
f 771/771/1 797/797/1 778/778/1
f 778/778/1 800/800/1 776/776/1
f 776/776/1 802/802/1 777/777/1
f 800/800/1 803/803/1 802/802/1
f 799/799/1 804/804/1 803/803/1
f 798/798/1 805/805/1 804/804/1
f 794/794/1 720/720/1 798/798/1
f 793/793/1 806/806/1 794/794/1
f 807/807/1 809/809/1 811/811/1
f 810/810/1 809/809/1 817/817/1
f 808/808/1 813/813/1 809/809/1
f 809/809/1 814/814/1 817/817/1
f 790/790/1 815/815/1 807/807/1
f 789/789/1 807/807/1 811/811/1
f 789/789/1 810/810/1 788/788/1
f 747/747/1 810/810/1 816/816/1
f 816/816/1 817/817/1 818/818/1
f 818/818/1 814/814/1 819/819/1
f 819/819/1 820/820/1 895/895/1
f 813/813/1 820/820/1 814/814/1
f 813/813/1 822/822/1 821/821/1
f 823/823/1 822/822/1 812/812/1
f 825/825/1 812/812/1 808/808/1
f 815/815/1 808/808/1 807/807/1
f 826/826/1 828/828/1 829/829/1
f 826/826/1 830/830/1 834/834/1
f 829/829/1 831/831/1 832/832/1
f 830/830/1 832/832/1 837/837/1
f 804/804/1 833/833/1 827/827/1
f 803/803/1 827/827/1 826/826/1
f 803/803/1 834/834/1 802/802/1
f 777/777/1 834/834/1 835/835/1
f 835/835/1 830/830/1 836/836/1
f 836/836/1 837/837/1 838/838/1
f 838/838/1 839/839/1 922/922/1
f 837/837/1 840/840/1 839/839/1
f 832/832/1 841/841/1 840/840/1
f 842/842/1 841/841/1 831/831/1
f 844/844/1 831/831/1 828/828/1
f 827/827/1 844/844/1 828/828/1
f 845/845/1 847/847/1 848/848/1
f 845/845/1 849/849/1 853/853/1
f 847/847/1 851/851/1 848/848/1
f 849/849/1 851/851/1 854/854/1
f 707/707/1 846/846/1 705/705/1
f 704/704/1 846/846/1 845/845/1
f 704/704/1 853/853/1 703/703/1
f 791/791/1 853/853/1 815/815/1
f 815/815/1 849/849/1 825/825/1
f 849/849/1 823/823/1 825/825/1
f 823/823/1 855/855/1 824/824/1
f 851/851/1 855/855/1 854/854/1
f 850/850/1 856/856/1 851/851/1
f 858/858/1 857/857/1 850/850/1
f 860/860/1 850/850/1 847/847/1
f 846/846/1 860/860/1 847/847/1
f 861/861/1 863/863/1 864/864/1
f 861/861/1 865/865/1 870/870/1
f 863/863/1 867/867/1 864/864/1
f 864/864/1 868/868/1 865/865/1
f 725/725/1 862/862/1 723/723/1
f 722/722/1 862/862/1 861/861/1
f 722/722/1 870/870/1 721/721/1
f 805/805/1 870/870/1 833/833/1
f 833/833/1 865/865/1 844/844/1
f 844/844/1 868/868/1 842/842/1
f 842/842/1 871/871/1 843/843/1
f 868/868/1 872/872/1 871/871/1
f 867/867/1 873/873/1 872/872/1
f 874/874/1 873/873/1 866/866/1
f 876/876/1 866/866/1 863/863/1
f 862/862/1 876/876/1 863/863/1
f 877/877/1 879/879/1 880/880/1
f 880/880/1 881/881/1 886/886/1
f 878/878/1 883/883/1 879/879/1
f 879/879/1 884/884/1 881/881/1
f 739/739/1 885/885/1 877/877/1
f 739/739/1 880/880/1 738/738/1
f 738/738/1 886/886/1 737/737/1
f 737/737/1 852/852/1 707/707/1
f 886/886/1 860/860/1 852/852/1
f 881/881/1 858/858/1 860/860/1
f 884/884/1 859/859/1 858/858/1
f 883/883/1 887/887/1 884/884/1
f 882/882/1 888/888/1 883/883/1
f 890/890/1 889/889/1 882/882/1
f 892/892/1 882/882/1 878/878/1
f 877/877/1 892/892/1 878/878/1
f 893/893/1 816/816/1 897/897/1
f 894/894/1 895/895/1 1130/1130/1
f 896/896/1 819/819/1 894/894/1
f 897/897/1 818/818/1 896/896/1
f 898/898/1 900/900/1 901/901/1
f 901/901/1 902/902/1 906/906/1
f 899/899/1 904/904/1 900/900/1
f 900/900/1 905/905/1 902/902/1
f 762/762/1 901/901/1 761/761/1
f 761/761/1 906/906/1 760/760/1
f 725/725/1 906/906/1 869/869/1
f 869/869/1 902/902/1 876/876/1
f 876/876/1 905/905/1 874/874/1
f 905/905/1 875/875/1 874/874/1
f 905/905/1 908/908/1 907/907/1
f 903/903/1 908/908/1 904/904/1
f 910/910/1 912/912/1 914/914/1
f 913/913/1 914/914/1 916/916/1
f 914/914/1 915/915/1 917/917/1
f 916/916/1 917/917/1 918/918/1
f 777/777/1 911/911/1 775/775/1
f 774/774/1 911/911/1 910/910/1
f 774/774/1 913/913/1 773/773/1
f 741/741/1 913/913/1 885/885/1
f 885/885/1 916/916/1 892/892/1
f 892/892/1 918/918/1 890/890/1
f 890/890/1 919/919/1 891/891/1
f 918/918/1 920/920/1 919/919/1
f 917/917/1 921/921/1 920/920/1
f 915/915/1 922/922/1 921/921/1
f 912/912/1 838/838/1 915/915/1
f 911/911/1 836/836/1 912/912/1
f 923/923/1 925/925/1 926/926/1
f 926/926/1 927/927/1 932/932/1
f 924/924/1 929/929/1 925/925/1
f 925/925/1 930/930/1 927/927/1
f 889/889/1 931/931/1 923/923/1
f 889/889/1 926/926/1 888/888/1
f 888/888/1 932/932/1 887/887/1
f 887/887/1 933/933/1 859/859/1
f 932/932/1 934/934/1 933/933/1
f 927/927/1 935/935/1 934/934/1
f 930/930/1 937/937/1 935/935/1
f 929/929/1 936/936/1 930/930/1
f 928/928/1 938/938/1 929/929/1
f 940/940/1 939/939/1 928/928/1
f 942/942/1 928/928/1 924/924/1
f 931/931/1 924/924/1 923/923/1
f 895/895/1 944/944/1 1130/1130/1
f 945/945/1 947/947/1 1131/1131/1
f 948/948/1 945/945/1 1131/1131/1
f 944/944/1 949/949/1 948/948/1
f 950/950/1 952/952/1 953/953/1
f 953/953/1 954/954/1 958/958/1
f 951/951/1 956/956/1 952/952/1
f 952/952/1 957/957/1 954/954/1
f 909/909/1 953/953/1 908/908/1
f 907/907/1 953/953/1 958/958/1
f 875/875/1 958/958/1 1033/1033/1
f 958/958/1 959/959/1 1033/1033/1
f 954/954/1 960/960/1 959/959/1
f 957/957/1 962/962/1 960/960/1
f 957/957/1 963/963/1 961/961/1
f 955/955/1 963/963/1 956/956/1
f 965/965/1 967/967/1 969/969/1
f 968/968/1 969/969/1 971/971/1
f 969/969/1 970/970/1 972/972/1
f 971/971/1 972/972/1 974/974/1
f 921/921/1 973/973/1 966/966/1
f 920/920/1 966/966/1 965/965/1
f 919/919/1 965/965/1 968/968/1
f 891/891/1 968/968/1 931/931/1
f 931/931/1 971/971/1 942/942/1
f 971/971/1 940/940/1 942/942/1
f 974/974/1 941/941/1 940/940/1
f 974/974/1 976/976/1 975/975/1
f 972/972/1 977/977/1 976/976/1
f 970/970/1 979/979/1 977/977/1
f 980/980/1 970/970/1 967/967/1
f 966/966/1 980/980/1 967/967/1
f 981/981/1 983/983/1 985/985/1
f 984/984/1 985/985/1 987/987/1
f 985/985/1 986/986/1 988/988/1
f 987/987/1 988/988/1 990/990/1
f 822/822/1 989/989/1 982/982/1
f 821/821/1 982/982/1 981/981/1
f 821/821/1 984/984/1 820/820/1
f 820/820/1 943/943/1 895/895/1
f 943/943/1 987/987/1 949/949/1
f 949/949/1 990/990/1 945/945/1
f 945/945/1 991/991/1 946/946/1
f 990/990/1 992/992/1 991/991/1
f 988/988/1 993/993/1 992/992/1
f 994/994/1 993/993/1 986/986/1
f 996/996/1 986/986/1 983/983/1
f 982/982/1 996/996/1 983/983/1
f 997/997/1 999/999/1 1000/1000/1
f 997/997/1 1001/1001/1 1005/1005/1
f 1000/1000/1 1002/1002/1 1003/1003/1
f 1001/1001/1 1003/1003/1 1006/1006/1
f 841/841/1 1004/1004/1 998/998/1
f 840/840/1 998/998/1 997/997/1
f 840/840/1 1005/1005/1 839/839/1
f 922/922/1 1005/1005/1 973/973/1
f 973/973/1 1001/1001/1 980/980/1
f 980/980/1 1006/1006/1 978/978/1
f 978/978/1 1007/1007/1 979/979/1
f 1006/1006/1 1008/1008/1 1007/1007/1
f 1003/1003/1 1009/1009/1 1008/1008/1
f 1010/1010/1 1009/1009/1 1002/1002/1
f 1012/1012/1 1002/1002/1 999/999/1
f 998/998/1 1012/1012/1 999/999/1
f 1013/1013/1 1015/1015/1 1017/1017/1
f 1016/1016/1 1017/1017/1 1019/1019/1
f 1017/1017/1 1018/1018/1 1020/1020/1
f 1019/1019/1 1020/1020/1 1021/1021/1
f 859/859/1 1014/1014/1 857/857/1
f 857/857/1 1013/1013/1 856/856/1
f 856/856/1 1016/1016/1 855/855/1
f 824/824/1 1016/1016/1 989/989/1
f 989/989/1 1019/1019/1 996/996/1
f 1019/1019/1 994/994/1 996/996/1
f 994/994/1 1022/1022/1 995/995/1
f 1021/1021/1 1023/1023/1 1022/1022/1
f 1020/1020/1 1024/1024/1 1023/1023/1
f 935/935/1 1024/1024/1 1018/1018/1
f 934/934/1 1018/1018/1 1015/1015/1
f 933/933/1 1015/1015/1 1014/1014/1
f 1025/1025/1 1027/1027/1 1028/1028/1
f 1028/1028/1 1029/1029/1 1034/1034/1
f 1026/1026/1 1031/1031/1 1027/1027/1
f 1027/1027/1 1032/1032/1 1029/1029/1
f 873/873/1 1033/1033/1 1025/1025/1
f 873/873/1 1028/1028/1 872/872/1
f 871/871/1 1028/1028/1 1034/1034/1
f 843/843/1 1034/1034/1 1004/1004/1
f 1034/1034/1 1012/1012/1 1004/1004/1
f 1012/1012/1 1032/1032/1 1010/1010/1
f 1010/1010/1 1035/1035/1 1011/1011/1
f 1032/1032/1 1036/1036/1 1035/1035/1
f 1031/1031/1 1037/1037/1 1036/1036/1
f 960/960/1 1037/1037/1 1030/1030/1
f 959/959/1 1030/1030/1 1026/1026/1
f 1025/1025/1 959/959/1 1026/1026/1
f 1038/1038/1 1040/1040/1 1042/1042/1
f 1041/1041/1 1040/1040/1 1047/1047/1
f 1039/1039/1 1044/1044/1 1040/1040/1
f 1040/1040/1 1045/1045/1 1047/1047/1
f 937/937/1 1038/1038/1 1024/1024/1
f 1024/1024/1 1042/1042/1 1023/1023/1
f 1022/1022/1 1042/1042/1 1041/1041/1
f 995/995/1 1041/1041/1 1114/1114/1
f 1041/1041/1 1048/1048/1 1114/1114/1
f 1047/1047/1 1049/1049/1 1048/1048/1
f 1045/1045/1 34/34/1 1049/1049/1
f 1044/1044/1 80/80/1 1045/1045/1
f 1044/1044/1 79/79/1 78/78/1
f 1050/1050/1 79/79/1 1043/1043/1
f 1039/1039/1 1050/1050/1 1043/1043/1
f 1038/1038/1 1051/1051/1 1039/1039/1
f 1052/1052/1 1054/1054/1 1055/1055/1
f 1055/1055/1 1056/1056/1 1061/1061/1
f 1053/1053/1 1058/1058/1 1054/1054/1
f 1054/1054/1 1059/1059/1 1056/1056/1
f 1037/1037/1 1060/1060/1 1052/1052/1
f 1036/1036/1 1052/1052/1 1055/1055/1
f 1035/1035/1 1055/1055/1 1061/1061/1
f 1035/1035/1 1062/1062/1 1011/1011/1
f 1061/1061/1 1063/1063/1 1062/1062/1
f 1056/1056/1 1064/1064/1 1063/1063/1
f 1064/1064/1 99/99/1 57/57/1
f 1059/1059/1 97/97/1 99/99/1
f 1058/1058/1 98/98/1 97/97/1
f 1057/1057/1 95/95/1 98/98/1
f 1053/1053/1 1065/1065/1 1057/1057/1
f 1060/1060/1 1053/1053/1 1052/1052/1
f 1067/1067/1 1069/1069/1 1071/1071/1
f 1070/1070/1 1069/1069/1 1076/1076/1
f 1068/1068/1 1073/1073/1 1069/1069/1
f 1069/1069/1 1074/1074/1 1076/1076/1
f 939/939/1 1075/1075/1 1067/1067/1
f 939/939/1 1071/1071/1 938/938/1
f 938/938/1 1070/1070/1 936/936/1
f 936/936/1 1046/1046/1 937/937/1
f 1070/1070/1 1051/1051/1 1046/1046/1
f 1076/1076/1 1050/1050/1 1051/1051/1
f 1074/1074/1 76/76/1 1050/1050/1
f 1073/1073/1 119/119/1 1074/1074/1
f 1072/1072/1 117/117/1 1073/1073/1
f 1077/1077/1 116/116/1 1072/1072/1
f 1078/1078/1 1072/1072/1 1068/1068/1
f 1075/1075/1 1068/1068/1 1067/1067/1
f 947/947/1 1079/1079/1 1084/1084/1
f 1080/1080/7 124/124/8 1125/1125/9
f 1082/1082/1 1081/1081/7 1080/1080/7
f 1084/1084/1 1083/1083/1 1082/1082/1
f 1085/1085/1 1087/1087/1 1088/1088/1
f 1088/1088/1 1089/1089/1 1093/1093/1
f 1086/1086/1 1091/1091/7 1087/1087/1
f 1087/1087/1 1092/1092/7 1089/1089/1
f 964/964/1 1088/1088/1 963/963/1
f 961/961/1 1088/1088/1 1093/1093/1
f 962/962/1 1093/1093/1 1060/1060/1
f 1093/1093/1 1066/1066/1 1060/1060/1
f 1089/1089/1 1065/1065/1 1066/1066/1
f 1092/1092/7 95/95/1 1065/1065/1
f 1092/1092/7 138/138/7 137/137/9
f 1091/1091/7 136/136/8 138/138/7
f 1094/1094/1 1096/1096/1 1098/1098/1
f 1097/1097/1 1098/1098/1 1100/1100/1
f 1098/1098/1 1099/1099/1 1101/1101/1
f 1100/1100/1 1101/1101/1 1103/1103/1
f 977/977/1 1102/1102/1 1095/1095/1
f 976/976/1 1095/1095/1 1094/1094/1
f 975/975/1 1094/1094/1 1097/1097/1
f 975/975/1 1075/1075/1 941/941/1
f 1075/1075/1 1100/1100/1 1078/1078/1
f 1078/1078/1 1103/1103/1 1077/1077/1
f 1077/1077/1 13/13/1 14/14/1
f 1103/1103/1 12/12/1 13/13/1
f 1101/1101/1 9/9/1 12/12/1
f 1099/1099/1 10/10/1 9/9/1
f 1096/1096/1 1104/1104/1 1099/1099/1
f 1095/1095/1 1105/1105/1 1096/1096/1
f 1106/1106/1 1108/1108/1 1110/1110/1
f 1109/1109/1 1108/1108/1 1112/1112/1
f 1108/1108/1 1111/1111/1 1113/1113/1
f 1112/1112/1 1113/1113/1 1115/1115/1
f 993/993/1 1114/1114/1 1106/1106/1
f 993/993/1 1110/1110/1 992/992/1
f 992/992/1 1109/1109/1 991/991/1
f 991/991/1 1079/1079/1 946/946/1
f 1079/1079/1 1112/1112/1 1083/1083/1
f 1083/1083/1 1115/1115/1 1081/1081/7
f 1081/1081/7 37/37/4 124/124/8
f 1115/1115/1 36/36/1 37/37/4
f 1113/1113/1 33/33/1 36/36/1
f 1049/1049/1 33/33/1 1111/1111/1
f 1107/1107/1 1049/1049/1 1111/1111/1
f 1106/1106/1 1048/1048/1 1107/1107/1
f 1116/1116/1 1118/1118/1 1119/1119/1
f 1119/1119/1 1120/1120/1 1123/1123/1
f 1118/1118/1 1121/1121/1 1122/1122/1
f 1120/1120/1 1122/1122/1 1124/1124/1
f 1009/1009/1 1062/1062/1 1116/1116/1
f 1008/1008/1 1116/1116/1 1119/1119/1
f 1007/1007/1 1119/1119/1 1123/1123/1
f 1007/1007/1 1102/1102/1 979/979/1
f 1123/1123/1 1105/1105/1 1102/1102/1
f 1105/1105/1 1124/1124/1 1104/1104/1
f 1104/1104/1 60/60/1 10/10/1
f 1124/1124/1 59/59/1 60/60/1
f 1122/1122/1 56/56/1 59/59/1
f 1064/1064/1 56/56/1 1121/1121/1
f 1117/1117/1 1064/1064/1 1121/1121/1
f 1116/1116/1 1063/1063/1 1117/1117/1
s 0
f 1134/1132/1 1133/1133/1 1132/1134/1
f 1134/1132/1 1135/1135/1 1133/1133/1
