# Blender 3.3.1
# www.blender.org
mtllib equirectangular_unwrap_180_3.mtl
o mesh_main.003_Sphere.002
v -0.102732 -0.019472 0.010000
v -0.154103 -0.019472 0.010000
v -0.154103 0.038708 0.010000
v -0.051361 -0.019472 0.010000
v -0.102732 0.038708 0.010000
v -0.154103 0.096888 0.010000
v -0.051361 0.038708 0.010000
v -0.102732 0.096888 0.010000
v -0.154103 -0.077652 0.010000
v -0.205473 -0.077652 0.010000
v -0.205473 -0.019472 0.010000
v -0.102732 -0.077652 0.010000
v -0.051361 -0.077652 0.010000
v 0.000009 -0.077652 0.010000
v 0.000009 -0.019472 0.010000
v 0.000009 0.038708 0.010000
v -0.051361 0.096888 0.010000
v 0.000009 0.096888 0.010000
v -0.051361 0.155068 0.010000
v -0.102732 0.155068 0.010000
v -0.154103 0.155067 0.010000
v -0.205473 0.096888 0.010000
v -0.205473 0.155067 0.010000
v -0.205473 0.038708 0.010000
v 0.462342 -0.019472 0.010000
v 0.462342 0.038707 0.010000
v 0.513713 0.038707 0.010000
v 0.565083 -0.019472 0.010000
v 0.513713 -0.019473 0.010000
v 0.462342 0.096887 0.010000
v 0.513713 0.096887 0.010000
v 0.565083 0.038707 0.010000
v 0.462342 -0.077652 0.010000
v 0.410973 -0.077652 0.010000
v 0.410973 -0.019472 0.010000
v 0.513713 -0.077652 0.010000
v 0.565083 -0.077652 0.010000
v 0.616454 -0.019472 0.010000
v 0.616454 0.038707 0.010000
v 0.565083 0.096887 0.010000
v 0.565083 0.155067 0.010000
v 0.616454 0.155067 0.010000
v 0.513713 0.155067 0.010000
v 0.462342 0.155067 0.010000
v 0.410973 0.096887 0.010000
v 0.410973 0.155067 0.010000
v 0.410973 0.038707 0.010000
v -0.923588 -0.020297 0.010000
v -0.972416 -0.022257 0.010000
v -0.972015 0.032799 0.010000
v -0.873154 -0.019576 0.010000
v -0.923469 0.036957 0.010000
v -0.972416 0.087399 0.010000
v -0.873140 0.038489 0.010000
v -0.923588 0.094076 0.010000
v -0.972818 -0.077652 0.010000
v -1.019789 -0.077652 0.010000
v -1.018837 -0.026071 0.010000
v -0.923707 -0.077652 0.010000
v -0.873169 -0.077652 0.010000
v -0.821918 -0.077652 0.010000
v -0.821918 -0.019472 0.010000
v -0.821918 0.038707 0.010000
v -0.873154 0.096536 0.010000
v -0.821918 0.096887 0.010000
v -0.873169 0.154596 0.010000
v -0.923707 0.151297 0.010000
v -0.972818 0.142340 0.010000
v -1.018837 0.074396 0.010000
v -1.019789 0.124899 0.010000
v -1.017886 0.024701 0.010000
v 1.078561 -0.011343 0.010000
v 1.078561 -0.047565 0.010000
v 1.061431 -0.043668 0.010000
v 1.058918 0.000610 0.010000
v 1.061431 0.040888 0.010000
v 1.078561 0.022582 0.010000
v 1.019806 -0.084412 0.010000
v 1.018855 -0.032589 0.010000
v 1.078561 -0.093280 0.010000
v 1.063567 -0.090492 0.010000
v 1.017904 0.018425 0.010000
v 1.018855 0.067879 0.010000
v 1.019806 0.118140 0.010000
v 1.063567 0.084115 0.010000
v 1.078561 0.066653 0.010000
v -0.308213 -0.019472 0.010000
v -0.359584 -0.019472 0.010000
v -0.359584 0.038708 0.010000
v -0.256843 -0.019472 0.010000
v -0.308213 0.038708 0.010000
v -0.359584 0.096887 0.010000
v -0.256843 0.038708 0.010000
v -0.308213 0.096887 0.010000
v -0.359584 -0.077652 0.010000
v -0.410954 -0.077652 0.010000
v -0.410954 -0.019472 0.010000
v -0.308213 -0.077652 0.010000
v -0.256843 -0.077652 0.010000
v -0.256843 0.096888 0.010000
v -0.256843 0.155067 0.010000
v -0.308213 0.155067 0.010000
v -0.359584 0.155067 0.010000
v -0.410954 0.096887 0.010000
v -0.410954 0.155067 0.010000
v -0.410954 0.038708 0.010000
v 0.256861 -0.019472 0.010000
v 0.256861 0.038708 0.010000
v 0.308232 0.038708 0.010000
v 0.308232 -0.019472 0.010000
v 0.359602 0.038707 0.010000
v 0.256861 0.096887 0.010000
v 0.308232 0.096887 0.010000
v 0.359602 0.096887 0.010000
v 0.205490 -0.077652 0.010000
v 0.205490 -0.019472 0.010000
v 0.308232 -0.077652 0.010000
v 0.256861 -0.077652 0.010000
v 0.359602 -0.077652 0.010000
v 0.359602 -0.019472 0.010000
v 0.359602 0.155067 0.010000
v 0.308232 0.155067 0.010000
v 0.256861 0.155067 0.010000
v 0.205490 0.096888 0.010000
v 0.205490 0.155067 0.010000
v 0.205490 0.038708 0.010000
v -1.061412 -0.031352 0.010000
v -1.068003 -0.032126 0.010000
v -1.068003 0.003855 0.010000
v -1.058899 0.012340 0.010000
v -1.068003 0.038012 0.010000
v -1.063548 -0.077652 0.010000
v -1.068003 -0.077652 0.010000
v -1.063548 0.096954 0.010000
v -1.061412 0.053203 0.010000
v -1.068003 0.082271 0.010000
v 0.873172 -0.019677 0.010000
v 0.873157 0.038390 0.010000
v 0.923487 0.036172 0.010000
v 0.923607 -0.021112 0.010000
v 0.972034 0.030151 0.010000
v 0.873172 0.096434 0.010000
v 0.923607 0.093262 0.010000
v 0.972435 0.084649 0.010000
v 0.821935 -0.077652 0.010000
v 0.821935 -0.019472 0.010000
v 0.873187 -0.077758 0.010000
v 0.923725 -0.078497 0.010000
v 0.972435 -0.025006 0.010000
v 0.972836 -0.080504 0.010000
v 0.972836 0.139488 0.010000
v 0.923725 0.150451 0.010000
v 0.873187 0.154490 0.010000
v 0.821935 0.096888 0.010000
v 0.821935 0.155068 0.010000
v 0.821935 0.038708 0.010000
v -0.565065 -0.019472 0.010000
v -0.565065 0.038707 0.010000
v -0.513695 0.038707 0.010000
v -0.513695 -0.019472 0.010000
v -0.462325 0.038707 0.010000
v -0.565065 0.096887 0.010000
v -0.513695 0.096887 0.010000
v -0.616436 -0.077652 0.010000
v -0.616436 -0.019473 0.010000
v -0.513695 -0.077652 0.010000
v -0.565065 -0.077652 0.010000
v -0.462325 -0.077652 0.010000
v -0.462325 -0.019472 0.010000
v -0.462325 0.096887 0.010000
v -0.462325 0.155067 0.010000
v -0.513695 0.155067 0.010000
v -0.565065 0.155067 0.010000
v -0.616436 0.096887 0.010000
v -0.616436 0.155067 0.010000
v -0.616436 0.038707 0.010000
v 0.051380 -0.019472 0.010000
v 0.051380 0.038708 0.010000
v 0.102750 0.038708 0.010000
v 0.102750 -0.019472 0.010000
v 0.154120 0.038708 0.010000
v 0.051380 0.096888 0.010000
v 0.102750 0.096888 0.010000
v 0.154120 0.096888 0.010000
v 0.051380 -0.077652 0.010000
v 0.102750 -0.077652 0.010000
v 0.154120 -0.019472 0.010000
v 0.154120 -0.077652 0.010000
v 0.154120 0.155067 0.010000
v 0.102750 0.155068 0.010000
v 0.051380 0.155068 0.010000
v 0.000009 0.155068 0.010000
v 0.719195 -0.019472 0.010000
v 0.667825 -0.019472 0.010000
v 0.667825 0.038708 0.010000
v 0.719195 0.038708 0.010000
v 0.770565 0.038708 0.010000
v 0.667825 0.096887 0.010000
v 0.719195 0.096888 0.010000
v 0.616454 -0.077652 0.010000
v 0.719195 -0.077652 0.010000
v 0.667825 -0.077652 0.010000
v 0.770565 -0.077652 0.010000
v 0.770565 -0.019472 0.010000
v 0.770565 0.096888 0.010000
v 0.770565 0.155067 0.010000
v 0.719195 0.155067 0.010000
v 0.667825 0.155067 0.010000
v 0.616454 0.096887 0.010000
v -0.770547 -0.019472 0.010000
v -0.770547 0.038707 0.010000
v -0.719177 0.038707 0.010000
v -0.719177 -0.019472 0.010000
v -0.667806 0.038707 0.010000
v -0.770547 0.096887 0.010000
v -0.719177 0.096887 0.010000
v -0.667806 0.096887 0.010000
v -0.770547 -0.077652 0.010000
v -0.667806 -0.077652 0.010000
v -0.719177 -0.077652 0.010000
v -0.667806 -0.019472 0.010000
v -0.667806 0.155067 0.010000
v -0.719177 0.155067 0.010000
v -0.770547 0.155067 0.010000
v -0.821918 0.155067 0.010000
v 0.051380 0.213248 0.010000
v 0.051380 0.271427 0.010000
v 0.102750 0.271426 0.010000
v 0.102750 0.213248 0.010000
v 0.154120 0.271426 0.010000
v 0.051380 0.329606 0.010000
v 0.102750 0.329606 0.010000
v 0.000009 0.213248 0.010000
v 0.154120 0.213247 0.010000
v 0.205490 0.213247 0.010000
v 0.205490 0.271426 0.010000
v 0.154120 0.329606 0.010000
v 0.205490 0.329606 0.010000
v 0.154120 0.387786 0.010000
v 0.205490 0.387786 0.010000
v 0.102750 0.387786 0.010000
v 0.051380 0.387786 0.010000
v 0.000009 0.329606 0.010000
v 0.000009 0.387786 0.010000
v 0.000009 0.271427 0.010000
v 0.667825 0.213247 0.010000
v 0.667825 0.271426 0.010000
v 0.719195 0.271426 0.010000
v 0.719195 0.213247 0.010000
v 0.770565 0.271426 0.010000
v 0.667825 0.329606 0.010000
v 0.719195 0.329606 0.010000
v 0.616454 0.213247 0.010000
v 0.770565 0.213247 0.010000
v 0.821935 0.213248 0.010000
v 0.770565 0.329606 0.010000
v 0.821935 0.329606 0.010000
v 0.770565 0.387786 0.010000
v 0.821935 0.387786 0.010000
v 0.719195 0.387786 0.010000
v 0.667825 0.387786 0.010000
v 0.616454 0.329606 0.010000
v 0.616454 0.387786 0.010000
v 0.616454 0.271426 0.010000
v -0.770547 0.213247 0.010000
v -0.770547 0.271426 0.010000
v -0.719177 0.271426 0.010000
v -0.719177 0.213247 0.010000
v -0.667806 0.271426 0.010000
v -0.770547 0.329606 0.010000
v -0.719177 0.329606 0.010000
v -0.667806 0.329606 0.010000
v -0.821918 0.213247 0.010000
v -0.667806 0.213247 0.010000
v -0.616436 0.213247 0.010000
v -0.616436 0.271426 0.010000
v -0.667806 0.387786 0.010000
v -0.616436 0.387786 0.010000
v -0.719177 0.387786 0.010000
v -0.770547 0.387786 0.010000
v -0.821918 0.329606 0.010000
v -0.821918 0.387786 0.010000
v -0.821918 0.271426 0.010000
v -0.102732 0.213248 0.010000
v -0.154103 0.213247 0.010000
v -0.154103 0.271426 0.010000
v -0.051361 0.213248 0.010000
v -0.102732 0.271426 0.010000
v -0.154103 0.329606 0.010000
v -0.051361 0.271427 0.010000
v -0.102732 0.329606 0.010000
v -0.205473 0.213247 0.010000
v -0.051361 0.329606 0.010000
v -0.051361 0.387786 0.010000
v -0.102732 0.387786 0.010000
v -0.154103 0.387786 0.010000
v -0.205473 0.329606 0.010000
v -0.205473 0.387786 0.010000
v -0.205473 0.271426 0.010000
v 0.462342 0.213247 0.010000
v 0.462342 0.271426 0.010000
v 0.513713 0.271426 0.010000
v 0.565083 0.213247 0.010000
v 0.513713 0.213247 0.010000
v 0.462342 0.329606 0.010000
v 0.513713 0.329606 0.010000
v 0.565083 0.271426 0.010000
v 0.410973 0.213247 0.010000
v 0.565083 0.329606 0.010000
v 0.565083 0.387786 0.010000
v 0.513713 0.387786 0.010000
v 0.462342 0.387786 0.010000
v 0.410973 0.329606 0.010000
v 0.410973 0.387786 0.010000
v 0.410973 0.271426 0.010000
v -0.923588 0.208785 0.010000
v -0.972416 0.198191 0.010000
v -0.972015 0.253699 0.010000
v -0.873154 0.212690 0.010000
v -0.923469 0.266174 0.010000
v -0.972416 0.307846 0.010000
v -0.873140 0.270771 0.010000
v -0.923588 0.323158 0.010000
v -1.018837 0.177558 0.010000
v -0.873154 0.328800 0.010000
v -0.873169 0.386844 0.010000
v -0.923707 0.380245 0.010000
v -0.972818 0.362332 0.010000
v -1.018837 0.278025 0.010000
v -1.019789 0.327451 0.010000
v -1.017886 0.229408 0.010000
v 1.061431 0.133487 0.010000
v 1.058918 0.180595 0.010000
v 1.078561 0.151680 0.010000
v 1.061431 0.218043 0.010000
v 1.078561 0.183782 0.010000
v 1.018855 0.171040 0.010000
v 1.078561 0.113635 0.010000
v 1.017904 0.223132 0.010000
v 1.018855 0.271508 0.010000
v 1.019806 0.320692 0.010000
v 1.063567 0.258722 0.010000
v 1.078561 0.226587 0.010000
v -0.308213 0.213247 0.010000
v -0.359584 0.213247 0.010000
v -0.359584 0.271426 0.010000
v -0.308213 0.271426 0.010000
v -0.256843 0.271426 0.010000
v -0.359584 0.329606 0.010000
v -0.308213 0.329606 0.010000
v -0.256843 0.329606 0.010000
v -0.410954 0.213247 0.010000
v -0.256843 0.213247 0.010000
v -0.256843 0.387786 0.010000
v -0.308213 0.387786 0.010000
v -0.359584 0.387786 0.010000
v -0.410954 0.329606 0.010000
v -0.410954 0.387786 0.010000
v -0.410954 0.271426 0.010000
v 0.256861 0.213247 0.010000
v 0.256861 0.271426 0.010000
v 0.308232 0.271426 0.010000
v 0.308232 0.213247 0.010000
v 0.359602 0.271426 0.010000
v 0.256861 0.329606 0.010000
v 0.308232 0.329606 0.010000
v 0.359602 0.213247 0.010000
v 0.359602 0.329606 0.010000
v 0.359602 0.387786 0.010000
v 0.308232 0.387786 0.010000
v 0.256861 0.387786 0.010000
v -1.061412 0.145803 0.010000
v -1.068003 0.129063 0.010000
v -1.068003 0.166869 0.010000
v -1.058899 0.192325 0.010000
v -1.068003 0.199202 0.010000
v -1.063548 0.271562 0.010000
v -1.061412 0.230357 0.010000
v -1.068003 0.242194 0.010000
v 0.873172 0.212588 0.010000
v 0.873157 0.270672 0.010000
v 0.923487 0.265390 0.010000
v 0.923607 0.207971 0.010000
v 0.972034 0.251052 0.010000
v 0.873172 0.328699 0.010000
v 0.923607 0.322344 0.010000
v 0.972435 0.305097 0.010000
v 0.972435 0.195441 0.010000
v 0.972836 0.359481 0.010000
v 0.923725 0.379400 0.010000
v 0.873187 0.386739 0.010000
v 0.821935 0.271427 0.010000
v -0.513695 0.213247 0.010000
v -0.565065 0.213247 0.010000
v -0.565065 0.271426 0.010000
v -0.513695 0.271426 0.010000
v -0.462325 0.271426 0.010000
v -0.565065 0.329606 0.010000
v -0.513695 0.329606 0.010000
v -0.462325 0.213247 0.010000
v -0.462325 0.329606 0.010000
v -0.462325 0.387786 0.010000
v -0.513695 0.387786 0.010000
v -0.565065 0.387786 0.010000
v -0.616436 0.329606 0.010000
v -0.359584 0.445966 0.010000
v -0.359584 0.504146 0.010000
v -0.308213 0.504146 0.010000
v -0.256843 0.445966 0.010000
v -0.308213 0.445966 0.010000
v -0.359584 0.562325 0.010000
v -0.256843 0.504146 0.010000
v -0.308213 0.562325 0.010000
v -0.410954 0.445966 0.010000
v -0.205473 0.445966 0.010000
v -0.205473 0.504146 0.010000
v -0.256843 0.562325 0.010000
v -0.205473 0.562325 0.010000
v -0.256843 0.620505 0.010000
v -0.308213 0.620505 0.010000
v -0.359584 0.620505 0.010000
v -0.410954 0.562325 0.010000
v -0.410954 0.620505 0.010000
v -0.410954 0.504146 0.010000
v 0.256861 0.445966 0.010000
v 0.256861 0.504146 0.010000
v 0.308232 0.504146 0.010000
v 0.359602 0.445966 0.010000
v 0.308232 0.445966 0.010000
v 0.256861 0.562325 0.010000
v 0.308232 0.562325 0.010000
v 0.359602 0.562325 0.010000
v 0.205490 0.445966 0.010000
v 0.410973 0.445966 0.010000
v 0.359602 0.504146 0.010000
v 0.410973 0.504146 0.010000
v 0.410973 0.562325 0.010000
v 0.359602 0.620505 0.010000
v 0.308232 0.620505 0.010000
v 0.256861 0.620505 0.010000
v 0.205490 0.562325 0.010000
v 0.205490 0.620505 0.010000
v 0.205490 0.504146 0.010000
v -1.061412 0.322957 0.010000
v -1.068003 0.290252 0.010000
v -1.068003 0.329882 0.010000
v -1.058899 0.372308 0.010000
v -1.068003 0.360391 0.010000
v -1.018837 0.381187 0.010000
v -1.063548 0.446168 0.010000
v -1.019789 0.530003 0.010000
v -1.018837 0.481655 0.010000
v -1.061412 0.407512 0.010000
v -1.068003 0.402117 0.010000
v -1.017886 0.434115 0.010000
v 0.873172 0.444852 0.010000
v 0.873157 0.502953 0.010000
v 0.923487 0.494607 0.010000
v 0.923607 0.437054 0.010000
v 0.972034 0.471954 0.010000
v 0.873172 0.560964 0.010000
v 0.923607 0.551427 0.010000
v 0.972435 0.525543 0.010000
v 0.821935 0.445966 0.010000
v 0.972435 0.415887 0.010000
v 1.018855 0.374669 0.010000
v 1.017904 0.427839 0.010000
v 1.018855 0.475137 0.010000
v 0.972836 0.579474 0.010000
v 1.019806 0.523244 0.010000
v 0.923725 0.608348 0.010000
v 0.873187 0.618986 0.010000
v 0.821935 0.562325 0.010000
v 0.821935 0.620505 0.010000
v 0.821935 0.504146 0.010000
v -0.565065 0.445966 0.010000
v -0.565065 0.504146 0.010000
v -0.513695 0.504146 0.010000
v -0.462325 0.445966 0.010000
v -0.513695 0.445966 0.010000
v -0.565065 0.562325 0.010000
v -0.513695 0.562325 0.010000
v -0.462325 0.504146 0.010000
v -0.616436 0.445966 0.010000
v -0.462325 0.562325 0.010000
v -0.462325 0.620505 0.010000
v -0.513695 0.620505 0.010000
v -0.565065 0.620505 0.010000
v -0.616436 0.562325 0.010000
v -0.616436 0.620505 0.010000
v -0.616436 0.504146 0.010000
v 0.051380 0.445966 0.010000
v 0.051380 0.504146 0.010000
v 0.102750 0.504146 0.010000
v 0.154120 0.445966 0.010000
v 0.102750 0.445966 0.010000
v 0.051380 0.562325 0.010000
v 0.154120 0.504146 0.010000
v 0.102750 0.562325 0.010000
v 0.000009 0.445966 0.010000
v 0.154120 0.562325 0.010000
v 0.154120 0.620505 0.010000
v 0.102750 0.620505 0.010000
v 0.051380 0.620505 0.010000
v 0.000009 0.562325 0.010000
v 0.000009 0.620505 0.010000
v 0.000009 0.504146 0.010000
v 0.667825 0.445966 0.010000
v 0.667825 0.504146 0.010000
v 0.719195 0.504146 0.010000
v 0.770565 0.445966 0.010000
v 0.719195 0.445966 0.010000
v 0.667825 0.562325 0.010000
v 0.770565 0.504146 0.010000
v 0.719195 0.562325 0.010000
v 0.616454 0.445966 0.010000
v 0.770565 0.562325 0.010000
v 0.770565 0.620505 0.010000
v 0.719195 0.620505 0.010000
v 0.667825 0.620505 0.010000
v 0.616454 0.562325 0.010000
v 0.616454 0.620505 0.010000
v 0.616454 0.504146 0.010000
v -0.770547 0.445966 0.010000
v -0.770547 0.504146 0.010000
v -0.719177 0.504146 0.010000
v -0.667806 0.445966 0.010000
v -0.719177 0.445966 0.010000
v -0.770547 0.562325 0.010000
v -0.719177 0.562325 0.010000
v -0.667806 0.562325 0.010000
v -0.821918 0.445966 0.010000
v -0.667806 0.504146 0.010000
v -0.667806 0.620505 0.010000
v -0.719177 0.620505 0.010000
v -0.770547 0.620505 0.010000
v -0.821918 0.562325 0.010000
v -0.821918 0.620505 0.010000
v -0.821918 0.504146 0.010000
v -0.102732 0.445966 0.010000
v -0.154103 0.445966 0.010000
v -0.154103 0.504146 0.010000
v -0.051361 0.445966 0.010000
v -0.102732 0.504146 0.010000
v -0.154103 0.562325 0.010000
v -0.051361 0.504146 0.010000
v -0.102732 0.562325 0.010000
v -0.051361 0.562325 0.010000
v -0.051361 0.620505 0.010000
v -0.102732 0.620505 0.010000
v -0.154103 0.620505 0.010000
v -0.205473 0.620505 0.010000
v 0.462342 0.445966 0.010000
v 0.462342 0.504146 0.010000
v 0.513713 0.504146 0.010000
v 0.565083 0.445966 0.010000
v 0.513713 0.445966 0.010000
v 0.462342 0.562325 0.010000
v 0.565083 0.504146 0.010000
v 0.513713 0.562325 0.010000
v 0.565083 0.562325 0.010000
v 0.565083 0.620505 0.010000
v 0.513713 0.620505 0.010000
v 0.462342 0.620505 0.010000
v 0.410973 0.620505 0.010000
v -0.923588 0.437869 0.010000
v -0.972416 0.418637 0.010000
v -0.972015 0.474601 0.010000
v -0.873154 0.444954 0.010000
v -0.923469 0.495392 0.010000
v -0.972416 0.528292 0.010000
v -0.873140 0.503051 0.010000
v -0.923588 0.552242 0.010000
v -0.873154 0.561064 0.010000
v -0.873169 0.619091 0.010000
v -0.923707 0.609193 0.010000
v -0.972818 0.582324 0.010000
v 1.061431 0.310642 0.010000
v 1.058917 0.360578 0.010000
v 1.078561 0.314703 0.010000
v 1.061431 0.395197 0.010000
v 1.078561 0.344981 0.010000
v 1.078561 0.274834 0.010000
v 1.063567 0.433328 0.010000
v 1.078561 0.386521 0.010000
v -0.102732 0.678685 0.010000
v -0.154103 0.678685 0.010000
v -0.154103 0.736865 0.010000
v -0.051361 0.678685 0.010000
v -0.102732 0.736865 0.010000
v -0.154103 0.795045 0.010000
v -0.051361 0.736865 0.010000
v -0.102732 0.795045 0.010000
v -0.205473 0.678685 0.010000
v 0.000009 0.678685 0.010000
v 0.000009 0.736865 0.010000
v -0.051361 0.795045 0.010000
v 0.000009 0.795045 0.010000
v -0.051361 0.853225 0.010000
v -0.102732 0.853225 0.010000
v -0.154103 0.853225 0.010000
v -0.205473 0.795045 0.010000
v -0.205473 0.853225 0.010000
v -0.205473 0.736865 0.010000
v 0.462343 0.678685 0.010000
v 0.462343 0.736865 0.010000
v 0.513713 0.736865 0.010000
v 0.513713 0.678685 0.010000
v 0.565083 0.736865 0.010000
v 0.462343 0.795045 0.010000
v 0.513713 0.795045 0.010000
v 0.410973 0.678685 0.010000
v 0.565083 0.678685 0.010000
v 0.616454 0.678685 0.010000
v 0.616454 0.736865 0.010000
v 0.565083 0.795045 0.010000
v 0.616454 0.795045 0.010000
v 0.565083 0.853225 0.010000
v 0.513713 0.853225 0.010000
v 0.462342 0.853225 0.010000
v 0.410973 0.795045 0.010000
v 0.410973 0.853225 0.010000
v 0.410973 0.736865 0.010000
v -0.923588 0.666951 0.010000
v -0.972416 0.639084 0.010000
v -0.972015 0.695502 0.010000
v -0.873154 0.677218 0.010000
v -0.923469 0.724609 0.010000
v -0.972416 0.748739 0.010000
v -0.873140 0.735332 0.010000
v -0.923588 0.781324 0.010000
v -1.018837 0.584816 0.010000
v -0.821918 0.678685 0.010000
v -0.821918 0.736865 0.010000
v -0.873154 0.793330 0.010000
v -0.821918 0.795045 0.010000
v -0.873169 0.851339 0.010000
v -0.923707 0.838141 0.010000
v -0.972818 0.802317 0.010000
v -1.018837 0.685284 0.010000
v -1.019789 0.732555 0.010000
v -1.017886 0.638820 0.010000
v 1.061431 0.487797 0.010000
v 1.058918 0.540563 0.010000
v 1.078561 0.477726 0.010000
v 1.061431 0.572352 0.010000
v 1.078561 0.506180 0.010000
v 1.018855 0.578299 0.010000
v 1.078561 0.436033 0.010000
v 1.017904 0.632545 0.010000
v 1.018855 0.678767 0.010000
v 1.019806 0.725796 0.010000
v 1.063567 0.607935 0.010000
v 1.078561 0.546454 0.010000
v -0.308213 0.678685 0.010000
v -0.359584 0.678685 0.010000
v -0.359584 0.736865 0.010000
v -0.256843 0.678685 0.010000
v -0.308213 0.736865 0.010000
v -0.359584 0.795045 0.010000
v -0.256843 0.736865 0.010000
v -0.308213 0.795045 0.010000
v -0.410954 0.678685 0.010000
v -0.256843 0.795045 0.010000
v -0.256843 0.853225 0.010000
v -0.308213 0.853225 0.010000
v -0.359584 0.853225 0.010000
v -0.410954 0.795045 0.010000
v -0.410954 0.853225 0.010000
v -0.410954 0.736865 0.010000
v 0.256861 0.678685 0.010000
v 0.256861 0.736865 0.010000
v 0.308232 0.736865 0.010000
v 0.308232 0.678685 0.010000
v 0.359602 0.736865 0.010000
v 0.256861 0.795045 0.010000
v 0.308232 0.795045 0.010000
v 0.205490 0.678685 0.010000
v 0.359602 0.678685 0.010000
v 0.359602 0.795045 0.010000
v 0.359602 0.853225 0.010000
v 0.308232 0.853225 0.010000
v 0.256861 0.853225 0.010000
v 0.205490 0.795045 0.010000
v 0.205490 0.853225 0.010000
v 0.205490 0.736865 0.010000
v -1.061412 0.500112 0.010000
v -1.068003 0.451442 0.010000
v -1.068003 0.492895 0.010000
v -1.058899 0.552293 0.010000
v -1.068003 0.521581 0.010000
v -1.063548 0.620775 0.010000
v -1.061412 0.584667 0.010000
v -1.068003 0.562040 0.010000
v 0.873172 0.677117 0.010000
v 0.873157 0.735235 0.010000
v 0.923487 0.723826 0.010000
v 0.923607 0.666137 0.010000
v 0.972034 0.692856 0.010000
v 0.873172 0.793228 0.010000
v 0.923607 0.780510 0.010000
v 0.972435 0.745990 0.010000
v 0.821935 0.678685 0.010000
v 0.972435 0.636335 0.010000
v 0.972836 0.799466 0.010000
v 0.923725 0.837296 0.010000
v 0.873187 0.851234 0.010000
v 0.821935 0.795045 0.010000
v 0.821935 0.853225 0.010000
v 0.821935 0.736865 0.010000
v -0.565065 0.678685 0.010000
v -0.565065 0.736865 0.010000
v -0.513695 0.736865 0.010000
v -0.513695 0.678685 0.010000
v -0.462325 0.736865 0.010000
v -0.565065 0.795045 0.010000
v -0.513695 0.795045 0.010000
v -0.616436 0.678685 0.010000
v -0.462325 0.678685 0.010000
v -0.462325 0.795045 0.010000
v -0.462325 0.853225 0.010000
v -0.513695 0.853225 0.010000
v -0.565065 0.853225 0.010000
v -0.616436 0.795045 0.010000
v -0.616436 0.853225 0.010000
v -0.616436 0.736865 0.010000
v 0.051380 0.678685 0.010000
v 0.051380 0.736865 0.010000
v 0.102750 0.736865 0.010000
v 0.102750 0.678685 0.010000
v 0.154120 0.736865 0.010000
v 0.051380 0.795045 0.010000
v 0.102750 0.795045 0.010000
v 0.154120 0.795045 0.010000
v 0.154120 0.678685 0.010000
v 0.154120 0.853225 0.010000
v 0.102750 0.853225 0.010000
v 0.051380 0.853225 0.010000
v 0.000009 0.853225 0.010000
v 0.719195 0.678685 0.010000
v 0.667825 0.678685 0.010000
v 0.667825 0.736865 0.010000
v 0.770565 0.678685 0.010000
v 0.719195 0.736865 0.010000
v 0.667825 0.795045 0.010000
v 0.770565 0.736865 0.010000
v 0.719195 0.795045 0.010000
v 0.770565 0.795045 0.010000
v 0.770565 0.853225 0.010000
v 0.719195 0.853225 0.010000
v 0.667825 0.853225 0.010000
v 0.616454 0.853225 0.010000
v -0.770547 0.678685 0.010000
v -0.770547 0.736865 0.010000
v -0.719177 0.736865 0.010000
v -0.667806 0.678685 0.010000
v -0.719177 0.678685 0.010000
v -0.770547 0.795045 0.010000
v -0.719177 0.795045 0.010000
v -0.667806 0.795045 0.010000
v -0.667806 0.736865 0.010000
v -0.667806 0.853225 0.010000
v -0.719177 0.853225 0.010000
v -0.770547 0.853225 0.010000
v -0.821918 0.853225 0.010000
v -0.565066 0.911404 0.010000
v -0.565066 0.969584 0.010000
v -0.513695 0.969584 0.010000
v -0.513695 0.911404 0.010000
v -0.462325 0.969584 0.010000
v -0.565066 1.027764 0.010000
v -0.513695 1.027764 0.010000
v -0.616436 0.911404 0.010000
v -0.462325 0.911404 0.010000
v -0.410954 0.911404 0.010000
v -0.410954 0.969584 0.010000
v -0.462325 1.027764 0.010000
v -0.462325 1.078290 0.010000
v -0.410954 1.078290 0.010000
v -0.410954 1.027764 0.010000
v -0.513695 1.078290 0.010000
v -0.565065 1.078290 0.010000
v -0.616436 1.027764 0.010000
v -0.616436 1.078290 0.010000
v -0.616436 0.969584 0.010000
v 0.102750 0.911404 0.010000
v 0.051380 0.911404 0.010000
v 0.051380 0.969584 0.010000
v 0.102750 0.969584 0.010000
v 0.154120 0.969584 0.010000
v 0.051380 1.027764 0.010000
v 0.102750 1.027764 0.010000
v 0.154120 1.027764 0.010000
v 0.000009 0.911404 0.010000
v 0.154120 0.911404 0.010000
v 0.205490 0.911404 0.010000
v 0.205490 0.969584 0.010000
v 0.154120 1.078290 0.010000
v 0.205490 1.078290 0.010000
v 0.205490 1.027764 0.010000
v 0.102750 1.078290 0.010000
v 0.051380 1.078290 0.010000
v 0.000009 1.027764 0.010000
v 0.000009 1.078290 0.010000
v 0.000009 0.969584 0.010000
v 0.719195 0.911404 0.010000
v 0.667825 0.911404 0.010000
v 0.667825 0.969584 0.010000
v 0.770565 0.911404 0.010000
v 0.719195 0.969584 0.010000
v 0.667825 1.027764 0.010000
v 0.770565 0.969584 0.010000
v 0.719195 1.027764 0.010000
v 0.616454 0.911404 0.010000
v 0.821935 0.911404 0.010000
v 0.770565 1.027764 0.010000
v 0.821935 1.027764 0.010000
v 0.770565 1.078290 0.010000
v 0.821935 1.078290 0.010000
v 0.719195 1.078290 0.010000
v 0.667825 1.078290 0.010000
v 0.616454 1.027764 0.010000
v 0.616454 1.078290 0.010000
v 0.616454 0.969584 0.010000
v -0.770547 0.911404 0.010000
v -0.770547 0.969584 0.010000
v -0.719177 0.969583 0.010000
v -0.667806 0.911404 0.010000
v -0.719177 0.911404 0.010000
v -0.770547 1.027764 0.010000
v -0.719177 1.027764 0.010000
v -0.667806 1.027764 0.010000
v -0.821918 0.911404 0.010000
v -0.667806 0.969584 0.010000
v -0.667806 1.078290 0.010000
v -0.719177 1.078290 0.010000
v -0.770547 1.078290 0.010000
v -0.821918 1.027764 0.010000
v -0.821918 1.078290 0.010000
v -0.821918 0.969584 0.010000
v -0.102732 0.911404 0.010000
v -0.154103 0.911404 0.010000
v -0.154103 0.969584 0.010000
v -0.051361 0.911404 0.010000
v -0.102732 0.969584 0.010000
v -0.154103 1.027764 0.010000
v -0.051361 0.969584 0.010000
v -0.102732 1.027764 0.010000
v -0.205473 0.911404 0.010000
v -0.051361 1.027764 0.010000
v -0.051361 1.078290 0.010000
v -0.102732 1.078290 0.010000
v -0.154103 1.078290 0.010000
v -0.205473 1.027764 0.010000
v -0.205473 1.078290 0.010000
v -0.205473 0.969584 0.010000
v 0.462343 0.911404 0.010000
v 0.462343 0.969584 0.010000
v 0.513713 0.969584 0.010000
v 0.565083 0.911404 0.010000
v 0.513713 0.911404 0.010000
v 0.462342 1.027764 0.010000
v 0.513713 1.027764 0.010000
v 0.565083 0.969584 0.010000
v 0.410973 0.911404 0.010000
v 0.565083 1.027764 0.010000
v 0.565083 1.078290 0.010000
v 0.513713 1.078290 0.010000
v 0.462342 1.078290 0.010000
v 0.410973 1.027764 0.010000
v 0.410973 1.078290 0.010000
v 0.410973 0.969584 0.010000
v -0.923588 0.896034 0.010000
v -0.972416 0.859531 0.010000
v -0.972015 0.916403 0.010000
v -0.873154 0.909482 0.010000
v -0.923469 0.953827 0.010000
v -0.972416 0.969186 0.010000
v -0.873140 0.967614 0.010000
v -0.923588 1.010407 0.010000
v -1.018837 0.788446 0.010000
v -0.873154 1.025594 0.010000
v -0.873168 1.078290 0.010000
v -0.923707 1.067089 0.010000
v -0.889395 1.078290 0.010000
v -0.972818 1.022309 0.010000
v -1.018837 0.888914 0.010000
v -1.019789 0.935107 0.010000
v -1.017886 0.843527 0.010000
v 1.061431 0.664951 0.010000
v 1.058918 0.720547 0.010000
v 1.078561 0.640748 0.010000
v 1.061431 0.749507 0.010000
v 1.078561 0.667380 0.010000
v 1.018855 0.781928 0.010000
v 1.078561 0.597233 0.010000
v 1.017904 0.837251 0.010000
v 1.018855 0.882396 0.010000
v 1.019806 0.928348 0.010000
v 1.063567 0.782542 0.010000
v 1.078561 0.706387 0.010000
v -0.308213 0.911404 0.010000
v -0.359584 0.911404 0.010000
v -0.359584 0.969584 0.010000
v -0.256843 0.911404 0.010000
v -0.308213 0.969584 0.010000
v -0.359584 1.027764 0.010000
v -0.308213 1.027764 0.010000
v -0.256843 0.969584 0.010000
v -0.256843 1.027764 0.010000
v -0.256843 1.078290 0.010000
v -0.308213 1.078290 0.010000
v -0.359584 1.078290 0.010000
v 0.256861 0.911404 0.010000
v 0.256861 0.969584 0.010000
v 0.308232 0.969584 0.010000
v 0.359602 0.911404 0.010000
v 0.308232 0.911404 0.010000
v 0.256861 1.027764 0.010000
v 0.308232 1.027764 0.010000
v 0.359602 1.027764 0.010000
v 0.359602 0.969584 0.010000
v 0.359602 1.078290 0.010000
v 0.308232 1.078290 0.010000
v 0.256861 1.078290 0.010000
v -1.061412 0.677266 0.010000
v -1.068003 0.612632 0.010000
v -1.068003 0.655910 0.010000
v -1.058899 0.732277 0.010000
v -1.068003 0.682771 0.010000
v -1.063548 0.795381 0.010000
v -1.061412 0.761822 0.010000
v -1.068003 0.721964 0.010000
v 0.873172 0.909381 0.010000
v 0.873157 0.967516 0.010000
v 0.923487 0.953043 0.010000
v 0.923607 0.895220 0.010000
v 0.972034 0.913757 0.010000
v 0.873172 1.025493 0.010000
v 0.923607 1.009593 0.010000
v 0.972435 0.966437 0.010000
v 0.972435 0.856781 0.010000
v 0.972836 1.019457 0.010000
v 0.923725 1.066244 0.010000
v 0.888409 1.078290 0.010000
v 0.873186 1.078290 0.010000
v 0.821935 0.969584 0.010000
v 1.061431 0.842106 0.010000
v 1.058918 0.900532 0.010000
v 1.078561 0.803771 0.010000
v 1.061431 0.926662 0.010000
v 1.078561 0.828580 0.010000
v 1.018855 0.985558 0.010000
v 1.078561 0.758433 0.010000
v 1.017904 1.041958 0.010000
v 1.020921 1.078290 0.010000
v 1.033056 1.078290 0.010000
v 1.063567 0.957148 0.010000
v 1.078561 0.866321 0.010000
v -1.061412 0.854421 0.010000
v -1.068003 0.773821 0.010000
v -1.068003 0.818923 0.010000
v -1.058899 0.912262 0.010000
v -1.068003 0.843960 0.010000
v -1.018837 0.992074 0.010000
v -1.063548 0.969988 0.010000
v -1.035283 1.078290 0.010000
v -1.022788 1.078290 0.010000
v -1.061412 0.938976 0.010000
v -1.068003 0.881887 0.010000
v -1.017886 1.048234 0.010000
v 0.972427 1.078290 0.010000
v 0.972435 1.077228 0.010000
v 0.971334 1.078290 0.010000
v 0.923700 1.078290 0.010000
v 1.018688 1.078290 0.010000
v 0.999926 1.078290 0.010000
v -0.972428 1.078290 0.010000
v -0.923684 1.078290 0.010000
v -1.018531 1.078290 0.010000
v -1.002408 1.078290 0.010000
v -0.973308 1.078290 0.010000
v 1.061431 1.019261 0.010000
v 1.059302 1.078290 0.010000
v 1.078561 0.966794 0.010000
v 1.065260 1.078290 0.010000
v 1.078561 0.989691 0.010000
v 1.078561 0.919632 0.010000
v 1.059009 1.078290 0.010000
v 1.046641 1.078290 0.010000
v 1.071120 1.078290 0.010000
v 1.078561 1.025752 0.010000
v -1.061412 1.031576 0.010000
v -1.068003 0.981938 0.010000
v -1.061385 1.078290 0.010000
v -1.068003 1.005066 0.010000
v -1.067251 1.078290 0.010000
v -1.049295 1.078290 0.010000
v -1.059478 1.078290 0.010000
v -1.068003 0.935012 0.010000
v -1.068003 1.041324 0.010000
v -1.067640 1.078290 0.010000
v 1.078561 1.078290 0.010000
v -1.068003 1.078290 0.010000
v -1.068003 -1.068092 0.010000
v -1.068003 -1.037190 0.010000
v -1.067754 -1.068092 0.010000
v 1.075886 -1.068092 0.010000
v 1.078561 -1.052881 0.010000
v 1.078561 -1.068092 0.010000
v 1.061367 -1.068092 0.010000
v 1.078561 -0.989479 0.010000
v 1.078561 -1.014762 0.010000
v 1.061431 -1.022041 0.010000
v 1.068613 -1.068092 0.010000
v 1.046561 -1.068092 0.010000
v 1.029328 -1.068092 0.010000
v 1.059410 -1.068092 0.010000
v 1.063567 -0.963525 0.010000
v 1.078561 -0.892947 0.010000
v 1.078561 -0.944615 0.010000
v -1.068003 -0.999264 0.010000
v -1.058899 -1.067565 0.010000
v -1.066136 -1.068092 0.010000
v -1.068003 -0.974226 0.010000
v -1.068003 -0.929125 0.010000
v -1.061412 -1.009725 0.010000
v -1.058740 -1.068092 0.010000
v -1.058949 -1.068092 0.010000
v -1.063548 -0.950685 0.010000
v -1.026778 -1.068092 0.010000
v -1.068003 -0.877268 0.010000
v -1.043360 -1.068092 0.010000
v 0.667825 -1.066709 0.010000
v 0.719195 -1.066709 0.010000
v 0.719195 -1.068092 0.010000
v 0.770565 -1.066709 0.010000
v 0.770565 -1.068092 0.010000
v 0.821935 -1.066709 0.010000
v 0.821935 -1.068092 0.010000
v 0.770565 -1.008529 0.010000
v 0.821935 -1.008529 0.010000
v 0.719194 -1.008529 0.010000
v 0.667825 -1.008529 0.010000
v 0.616454 -1.066709 0.010000
v 0.616454 -1.008529 0.010000
v 0.667825 -1.068092 0.010000
v -0.770547 -1.066707 0.010000
v -0.719177 -1.066707 0.010000
v -0.719177 -1.068092 0.010000
v -0.667806 -1.066707 0.010000
v -0.667806 -1.068092 0.010000
v -0.616436 -1.066707 0.010000
v -0.616436 -1.068092 0.010000
v -0.667806 -1.008529 0.010000
v -0.616436 -1.008529 0.010000
v -0.719177 -1.008529 0.010000
v -0.770547 -1.008528 0.010000
v -0.821918 -1.066707 0.010000
v -0.821918 -1.008528 0.010000
v -0.770547 -1.068092 0.010000
v -0.154103 -1.066707 0.010000
v -0.102732 -1.066707 0.010000
v -0.102732 -1.068092 0.010000
v -0.051361 -1.066707 0.010000
v -0.051361 -1.068092 0.010000
v 0.000009 -1.066707 0.010000
v 0.000009 -1.068092 0.010000
v -0.051361 -1.008529 0.010000
v -0.102732 -1.008529 0.010000
v -0.154103 -1.008528 0.010000
v -0.205473 -1.066707 0.010000
v -0.205473 -1.008529 0.010000
v -0.154103 -1.068092 0.010000
v 0.462342 -1.066709 0.010000
v 0.513713 -1.066709 0.010000
v 0.513713 -1.068092 0.010000
v 0.565083 -1.066709 0.010000
v 0.565083 -1.068092 0.010000
v 0.616454 -1.068092 0.010000
v 0.565083 -1.008529 0.010000
v 0.513713 -1.008529 0.010000
v 0.462342 -1.008529 0.010000
v 0.410973 -1.066709 0.010000
v 0.410973 -1.008529 0.010000
v 0.462342 -1.068092 0.010000
v -0.923588 -1.051337 0.010000
v -0.923554 -1.068092 0.010000
v -0.972041 -1.068092 0.010000
v -0.873154 -1.064786 0.010000
v -0.873154 -1.068092 0.010000
v -1.018837 -1.044217 0.010000
v -1.005031 -1.068092 0.010000
v -1.019329 -1.068092 0.010000
v -0.821918 -1.068092 0.010000
v -0.873169 -1.006642 0.010000
v -0.923707 -0.993444 0.010000
v -0.972416 -1.014835 0.010000
v -0.972818 -0.957621 0.010000
v -1.018837 -0.943749 0.010000
v -1.019789 -0.887859 0.010000
v -0.974291 -1.068092 0.010000
v -1.017886 -0.998831 0.010000
v 1.058918 -0.899312 0.010000
v 1.078561 -0.826456 0.010000
v 1.078561 -0.853562 0.010000
v 1.061431 -0.844886 0.010000
v 1.078561 -0.783415 0.010000
v 1.018855 -1.050735 0.010000
v 1.019211 -1.068092 0.010000
v 1.061431 -0.929441 0.010000
v 1.017904 -1.005108 0.010000
v 1.019806 -0.894619 0.010000
v 1.063567 -0.788918 0.010000
v 1.018855 -0.950267 0.010000
v 1.078561 -0.733014 0.010000
v -0.359584 -1.066709 0.010000
v -0.308213 -1.066709 0.010000
v -0.308213 -1.068092 0.010000
v -0.256843 -1.066707 0.010000
v -0.256843 -1.068092 0.010000
v -0.205473 -1.068092 0.010000
v -0.256843 -1.008529 0.010000
v -0.308213 -1.008529 0.010000
v -0.359584 -1.008529 0.010000
v -0.410954 -1.066709 0.010000
v -0.410954 -1.008529 0.010000
v -0.359584 -1.068092 0.010000
v 0.256861 -1.066709 0.010000
v 0.308232 -1.066709 0.010000
v 0.308232 -1.068092 0.010000
v 0.359602 -1.066709 0.010000
v 0.359602 -1.068092 0.010000
v 0.410973 -1.068092 0.010000
v 0.359602 -1.008529 0.010000
v 0.308232 -1.008529 0.010000
v 0.256861 -1.008529 0.010000
v 0.205490 -1.066709 0.010000
v 0.205490 -1.008529 0.010000
v 0.256861 -1.068092 0.010000
v -1.068003 -0.838074 0.010000
v -1.068003 -0.811213 0.010000
v -1.058899 -0.887581 0.010000
v -1.068003 -0.767935 0.010000
v -1.061412 -0.832570 0.010000
v -1.061412 -0.917125 0.010000
v -1.068003 -0.717344 0.010000
v -1.063548 -0.776078 0.010000
v 0.873172 -1.064889 0.010000
v 0.923607 -1.052153 0.010000
v 0.923573 -1.068092 0.010000
v 0.972435 -1.017585 0.010000
v 0.972078 -1.068092 0.010000
v 1.008324 -1.068092 0.010000
v 0.976183 -1.068092 0.010000
v 0.972836 -0.960473 0.010000
v 0.923725 -0.994290 0.010000
v 0.873187 -1.006748 0.010000
v 0.873171 -1.068092 0.010000
v -0.565065 -1.066709 0.010000
v -0.513695 -1.066709 0.010000
v -0.513695 -1.068092 0.010000
v -0.462325 -1.066707 0.010000
v -0.462325 -1.068092 0.010000
v -0.410954 -1.068092 0.010000
v -0.462325 -1.008529 0.010000
v -0.513695 -1.008529 0.010000
v -0.565065 -1.008529 0.010000
v -0.565065 -1.068092 0.010000
v 0.102749 -1.066709 0.010000
v 0.102749 -1.068092 0.010000
v 0.051380 -1.068092 0.010000
v 0.154120 -1.066709 0.010000
v 0.154120 -1.068092 0.010000
v 0.205490 -1.068092 0.010000
v 0.154120 -1.008529 0.010000
v 0.102749 -1.008529 0.010000
v 0.051380 -1.066707 0.010000
v 0.051380 -1.008529 0.010000
v 0.000009 -1.008529 0.010000
v 0.308232 -0.950349 0.010000
v 0.256861 -0.950349 0.010000
v 0.256861 -0.892169 0.010000
v 0.308232 -0.892169 0.010000
v 0.359602 -0.892169 0.010000
v 0.256861 -0.833989 0.010000
v 0.308232 -0.833989 0.010000
v 0.359602 -0.833989 0.010000
v 0.205490 -0.950349 0.010000
v 0.359602 -0.950349 0.010000
v 0.410973 -0.950349 0.010000
v 0.410973 -0.833989 0.010000
v 0.359602 -0.775809 0.010000
v 0.308232 -0.775809 0.010000
v 0.256861 -0.775809 0.010000
v 0.205490 -0.833989 0.010000
v 0.205490 -0.775809 0.010000
v 0.205490 -0.892169 0.010000
v -1.068003 -0.676885 0.010000
v -1.068003 -0.648199 0.010000
v -1.058899 -0.707596 0.010000
v -1.068003 -0.606746 0.010000
v -1.061412 -0.655416 0.010000
v -1.018837 -0.840587 0.010000
v -1.017886 -0.794124 0.010000
v -1.061412 -0.739970 0.010000
v -1.019789 -0.685307 0.010000
v -1.018837 -0.740119 0.010000
v -1.068003 -0.557421 0.010000
v -1.063548 -0.601472 0.010000
v 0.923607 -0.937444 0.010000
v 0.873172 -0.948736 0.010000
v 0.873157 -0.890735 0.010000
v 0.972435 -0.906793 0.010000
v 0.923487 -0.880698 0.010000
v 0.873172 -0.832624 0.010000
v 0.972034 -0.853455 0.010000
v 0.923607 -0.823071 0.010000
v 0.821935 -0.950349 0.010000
v 1.018855 -0.847107 0.010000
v 1.017904 -0.800402 0.010000
v 0.972435 -0.797138 0.010000
v 1.018855 -0.746638 0.010000
v 0.972836 -0.740481 0.010000
v 0.923725 -0.765341 0.010000
v 0.873187 -0.774501 0.010000
v 0.821935 -0.833989 0.010000
v 0.821935 -0.775809 0.010000
v 0.821935 -0.892169 0.010000
v -0.565065 -0.950349 0.010000
v -0.565065 -0.892169 0.010000
v -0.513695 -0.892169 0.010000
v -0.462325 -0.950349 0.010000
v -0.513695 -0.950349 0.010000
v -0.565065 -0.833989 0.010000
v -0.513695 -0.833989 0.010000
v -0.462325 -0.833989 0.010000
v -0.616436 -0.950349 0.010000
v -0.410954 -0.950349 0.010000
v -0.462325 -0.892169 0.010000
v -0.410954 -0.833989 0.010000
v -0.462325 -0.775809 0.010000
v -0.513695 -0.775809 0.010000
v -0.565065 -0.775809 0.010000
v -0.616436 -0.833989 0.010000
v -0.616436 -0.775809 0.010000
v -0.616436 -0.892169 0.010000
v 0.051380 -0.950349 0.010000
v 0.051380 -0.892169 0.010000
v 0.102749 -0.892169 0.010000
v 0.154120 -0.950349 0.010000
v 0.102749 -0.950349 0.010000
v 0.051380 -0.833989 0.010000
v 0.102749 -0.833989 0.010000
v 0.154120 -0.833989 0.010000
v 0.000009 -0.950349 0.010000
v 0.154120 -0.892169 0.010000
v 0.154120 -0.775809 0.010000
v 0.102749 -0.775809 0.010000
v 0.051380 -0.775809 0.010000
v 0.000009 -0.833989 0.010000
v 0.000009 -0.775809 0.010000
v 0.000009 -0.892169 0.010000
v 0.719195 -0.950349 0.010000
v 0.667825 -0.950349 0.010000
v 0.667825 -0.892169 0.010000
v 0.719194 -0.892169 0.010000
v 0.770565 -0.892169 0.010000
v 0.667825 -0.833989 0.010000
v 0.719195 -0.833989 0.010000
v 0.770565 -0.833989 0.010000
v 0.616454 -0.950349 0.010000
v 0.770565 -0.950349 0.010000
v 0.770565 -0.775809 0.010000
v 0.719195 -0.775809 0.010000
v 0.667825 -0.775809 0.010000
v 0.616454 -0.833989 0.010000
v 0.616454 -0.775809 0.010000
v 0.616454 -0.892169 0.010000
v -0.770547 -0.950349 0.010000
v -0.770547 -0.892169 0.010000
v -0.719177 -0.892169 0.010000
v -0.667806 -0.950349 0.010000
v -0.719177 -0.950349 0.010000
v -0.770547 -0.833989 0.010000
v -0.719177 -0.833989 0.010000
v -0.667806 -0.833989 0.010000
v -0.821918 -0.950348 0.010000
v -0.667806 -0.892169 0.010000
v -0.667806 -0.775809 0.010000
v -0.719177 -0.775809 0.010000
v -0.770547 -0.775809 0.010000
v -0.821918 -0.833989 0.010000
v -0.821918 -0.775809 0.010000
v -0.821918 -0.892168 0.010000
v -0.102732 -0.950349 0.010000
v -0.154103 -0.950349 0.010000
v -0.154103 -0.892169 0.010000
v -0.051361 -0.950349 0.010000
v -0.102732 -0.892169 0.010000
v -0.154103 -0.833989 0.010000
v -0.051361 -0.892169 0.010000
v -0.102732 -0.833989 0.010000
v -0.205473 -0.950349 0.010000
v -0.051361 -0.833989 0.010000
v -0.051361 -0.775809 0.010000
v -0.102732 -0.775809 0.010000
v -0.154103 -0.775809 0.010000
v -0.205473 -0.833989 0.010000
v -0.205473 -0.775809 0.010000
v -0.205473 -0.892169 0.010000
v 0.513713 -0.950349 0.010000
v 0.462342 -0.950349 0.010000
v 0.462342 -0.892169 0.010000
v 0.565083 -0.950349 0.010000
v 0.513713 -0.892169 0.010000
v 0.462342 -0.833989 0.010000
v 0.513713 -0.833989 0.010000
v 0.565083 -0.833989 0.010000
v 0.565083 -0.892169 0.010000
v 0.565083 -0.775809 0.010000
v 0.513713 -0.775809 0.010000
v 0.462342 -0.775809 0.010000
v 0.410973 -0.775809 0.010000
v 0.410973 -0.892169 0.010000
v -0.972416 -0.904043 0.010000
v -0.972015 -0.850806 0.010000
v -0.923469 -0.879913 0.010000
v -0.923588 -0.936628 0.010000
v -0.873140 -0.890637 0.010000
v -0.972416 -0.794387 0.010000
v -0.923588 -0.822255 0.010000
v -0.873154 -0.832522 0.010000
v -0.873154 -0.948633 0.010000
v -0.873169 -0.774395 0.010000
v -0.923707 -0.764496 0.010000
v -0.972818 -0.737628 0.010000
v 1.058917 -0.719327 0.010000
v 1.078561 -0.663433 0.010000
v 1.078561 -0.692362 0.010000
v 1.061431 -0.667732 0.010000
v 1.078561 -0.622215 0.010000
v 1.061431 -0.752286 0.010000
v 1.019806 -0.692067 0.010000
v 1.063567 -0.614311 0.010000
v 1.078561 -0.573080 0.010000
v -0.359584 -0.950349 0.010000
v -0.359584 -0.892169 0.010000
v -0.308213 -0.892169 0.010000
v -0.308213 -0.950349 0.010000
v -0.256843 -0.892169 0.010000
v -0.359584 -0.833989 0.010000
v -0.308213 -0.833989 0.010000
v -0.256843 -0.833989 0.010000
v -0.256843 -0.950349 0.010000
v -0.256843 -0.775809 0.010000
v -0.308213 -0.775809 0.010000
v -0.359584 -0.775809 0.010000
v -0.410954 -0.775809 0.010000
v -0.410954 -0.892169 0.010000
v 0.462342 -0.717629 0.010000
v 0.462342 -0.659450 0.010000
v 0.513713 -0.659450 0.010000
v 0.565083 -0.717629 0.010000
v 0.513713 -0.717629 0.010000
v 0.462342 -0.601270 0.010000
v 0.513713 -0.601270 0.010000
v 0.565083 -0.601270 0.010000
v 0.410973 -0.717629 0.010000
v 0.616454 -0.717629 0.010000
v 0.565083 -0.659450 0.010000
v 0.616454 -0.659450 0.010000
v 0.616454 -0.601270 0.010000
v 0.565083 -0.543090 0.010000
v 0.513713 -0.543090 0.010000
v 0.462342 -0.543090 0.010000
v 0.410973 -0.601270 0.010000
v 0.410973 -0.543090 0.010000
v 0.410973 -0.659450 0.010000
v -0.972416 -0.683596 0.010000
v -0.972015 -0.629905 0.010000
v -0.923469 -0.650696 0.010000
v -0.923588 -0.707545 0.010000
v -0.873140 -0.658355 0.010000
v -0.972416 -0.573941 0.010000
v -0.923588 -0.593173 0.010000
v -0.873154 -0.600258 0.010000
v -1.018837 -0.636959 0.010000
v -0.873154 -0.716368 0.010000
v -0.821918 -0.717629 0.010000
v -0.821918 -0.659450 0.010000
v -0.821918 -0.601270 0.010000
v -0.873169 -0.542147 0.010000
v -0.821918 -0.543090 0.010000
v -0.923707 -0.535548 0.010000
v -0.972818 -0.517636 0.010000
v -1.018837 -0.536491 0.010000
v -1.019789 -0.482755 0.010000
v -1.017886 -0.589418 0.010000
v 1.058918 -0.539344 0.010000
v 1.078561 -0.500411 0.010000
v 1.078561 -0.531164 0.010000
v 1.061431 -0.490577 0.010000
v 1.078561 -0.461016 0.010000
v 1.018855 -0.643477 0.010000
v 1.061431 -0.575131 0.010000
v 1.017904 -0.595695 0.010000
v 1.019806 -0.489515 0.010000
v 1.063567 -0.439705 0.010000
v 1.018855 -0.543010 0.010000
v 1.078561 -0.413147 0.010000
v -0.308213 -0.717629 0.010000
v -0.359584 -0.717629 0.010000
v -0.359584 -0.659450 0.010000
v -0.308213 -0.659450 0.010000
v -0.256843 -0.659450 0.010000
v -0.359584 -0.601270 0.010000
v -0.308213 -0.601270 0.010000
v -0.410954 -0.717629 0.010000
v -0.256843 -0.717629 0.010000
v -0.205473 -0.717629 0.010000
v -0.205473 -0.659450 0.010000
v -0.256843 -0.601270 0.010000
v -0.205473 -0.601270 0.010000
v -0.256843 -0.543090 0.010000
v -0.308213 -0.543090 0.010000
v -0.359584 -0.543090 0.010000
v -0.410954 -0.601270 0.010000
v -0.410954 -0.543090 0.010000
v -0.410954 -0.659450 0.010000
v 0.308232 -0.717629 0.010000
v 0.256861 -0.717629 0.010000
v 0.256861 -0.659450 0.010000
v 0.308232 -0.659450 0.010000
v 0.359602 -0.659450 0.010000
v 0.256861 -0.601270 0.010000
v 0.308232 -0.601270 0.010000
v 0.205490 -0.717629 0.010000
v 0.359602 -0.717629 0.010000
v 0.359602 -0.601270 0.010000
v 0.359602 -0.543090 0.010000
v 0.308232 -0.543090 0.010000
v 0.256861 -0.543090 0.010000
v 0.205490 -0.601270 0.010000
v 0.205490 -0.543090 0.010000
v 0.205490 -0.659450 0.010000
v -1.068003 -0.515695 0.010000
v -1.068003 -0.485186 0.010000
v -1.058899 -0.527613 0.010000
v -1.068003 -0.445556 0.010000
v -1.061412 -0.478261 0.010000
v -1.061412 -0.562816 0.010000
v -1.068003 -0.397498 0.010000
v -1.063548 -0.426865 0.010000
v 0.923607 -0.708360 0.010000
v 0.873172 -0.716470 0.010000
v 0.873157 -0.658454 0.010000
v 0.972435 -0.686346 0.010000
v 0.923487 -0.651480 0.010000
v 0.873172 -0.600360 0.010000
v 0.972034 -0.632553 0.010000
v 0.923607 -0.593987 0.010000
v 0.821935 -0.717629 0.010000
v 0.972435 -0.576691 0.010000
v 0.972836 -0.520489 0.010000
v 0.923725 -0.536393 0.010000
v 0.873187 -0.542253 0.010000
v 0.821935 -0.601270 0.010000
v 0.821935 -0.543090 0.010000
v 0.821935 -0.659450 0.010000
v -0.513695 -0.717629 0.010000
v -0.565065 -0.717629 0.010000
v -0.565065 -0.659450 0.010000
v -0.513695 -0.659450 0.010000
v -0.462325 -0.659450 0.010000
v -0.565065 -0.601270 0.010000
v -0.513695 -0.601270 0.010000
v -0.462325 -0.601270 0.010000
v -0.616436 -0.717629 0.010000
v -0.462325 -0.717629 0.010000
v -0.462325 -0.543090 0.010000
v -0.513695 -0.543090 0.010000
v -0.565065 -0.543090 0.010000
v -0.616436 -0.601270 0.010000
v -0.616436 -0.543090 0.010000
v -0.616436 -0.659450 0.010000
v 0.051380 -0.717629 0.010000
v 0.051380 -0.659450 0.010000
v 0.102749 -0.659450 0.010000
v 0.102749 -0.717629 0.010000
v 0.154120 -0.659450 0.010000
v 0.051380 -0.601270 0.010000
v 0.102749 -0.601270 0.010000
v 0.154120 -0.601270 0.010000
v 0.000009 -0.717629 0.010000
v 0.154120 -0.717629 0.010000
v 0.154120 -0.543090 0.010000
v 0.102749 -0.543090 0.010000
v 0.051380 -0.543090 0.010000
v 0.000009 -0.601270 0.010000
v 0.000009 -0.543090 0.010000
v 0.000009 -0.659450 0.010000
v 0.719195 -0.717629 0.010000
v 0.667825 -0.717629 0.010000
v 0.667825 -0.659450 0.010000
v 0.770565 -0.717629 0.010000
v 0.719195 -0.659450 0.010000
v 0.667825 -0.601270 0.010000
v 0.770565 -0.659450 0.010000
v 0.719195 -0.601270 0.010000
v 0.770565 -0.601270 0.010000
v 0.770565 -0.543090 0.010000
v 0.719195 -0.543090 0.010000
v 0.667825 -0.543090 0.010000
v 0.616454 -0.543090 0.010000
v -0.770547 -0.717629 0.010000
v -0.770547 -0.659450 0.010000
v -0.719177 -0.659450 0.010000
v -0.719177 -0.717629 0.010000
v -0.667806 -0.659450 0.010000
v -0.770547 -0.601270 0.010000
v -0.719177 -0.601270 0.010000
v -0.667806 -0.601270 0.010000
v -0.667806 -0.717629 0.010000
v -0.667806 -0.543090 0.010000
v -0.719177 -0.543090 0.010000
v -0.770547 -0.543090 0.010000
v -0.102732 -0.717629 0.010000
v -0.154103 -0.717629 0.010000
v -0.154103 -0.659450 0.010000
v -0.051361 -0.717629 0.010000
v -0.102732 -0.659450 0.010000
v -0.154103 -0.601270 0.010000
v -0.051361 -0.659450 0.010000
v -0.102732 -0.601270 0.010000
v -0.051361 -0.601270 0.010000
v -0.051361 -0.543090 0.010000
v -0.102732 -0.543090 0.010000
v -0.154103 -0.543090 0.010000
v -0.205473 -0.543090 0.010000
v 0.051380 -0.484910 0.010000
v 0.051380 -0.426730 0.010000
v 0.102749 -0.426730 0.010000
v 0.102749 -0.484910 0.010000
v 0.154120 -0.426730 0.010000
v 0.051380 -0.368551 0.010000
v 0.102749 -0.368551 0.010000
v 0.154120 -0.368551 0.010000
v 0.000009 -0.484910 0.010000
v 0.154120 -0.484910 0.010000
v 0.205490 -0.484910 0.010000
v 0.205490 -0.426730 0.010000
v 0.205490 -0.368551 0.010000
v 0.154120 -0.310371 0.010000
v 0.205490 -0.310371 0.010000
v 0.102749 -0.310371 0.010000
v 0.051380 -0.310371 0.010000
v 0.000009 -0.368551 0.010000
v 0.000009 -0.310371 0.010000
v 0.000009 -0.426730 0.010000
v 0.667825 -0.484910 0.010000
v 0.667825 -0.426730 0.010000
v 0.719195 -0.426730 0.010000
v 0.719195 -0.484910 0.010000
v 0.770565 -0.426730 0.010000
v 0.667825 -0.368551 0.010000
v 0.719195 -0.368551 0.010000
v 0.770565 -0.368551 0.010000
v 0.616454 -0.484910 0.010000
v 0.770565 -0.484910 0.010000
v 0.821935 -0.484910 0.010000
v 0.821935 -0.426730 0.010000
v 0.770565 -0.310371 0.010000
v 0.821935 -0.310371 0.010000
v 0.719195 -0.310371 0.010000
v 0.667825 -0.310371 0.010000
v 0.616454 -0.368551 0.010000
v 0.616454 -0.310371 0.010000
v 0.616454 -0.426730 0.010000
v -0.770547 -0.484910 0.010000
v -0.770547 -0.426730 0.010000
v -0.719177 -0.426730 0.010000
v -0.719177 -0.484910 0.010000
v -0.667806 -0.426730 0.010000
v -0.770547 -0.368551 0.010000
v -0.719177 -0.368551 0.010000
v -0.667806 -0.368551 0.010000
v -0.821918 -0.484910 0.010000
v -0.667806 -0.484910 0.010000
v -0.616436 -0.426730 0.010000
v -0.616436 -0.368551 0.010000
v -0.667806 -0.310371 0.010000
v -0.616436 -0.310371 0.010000
v -0.719177 -0.310371 0.010000
v -0.770547 -0.310371 0.010000
v -0.821918 -0.368551 0.010000
v -0.821918 -0.310371 0.010000
v -0.821918 -0.426730 0.010000
v -0.102732 -0.484910 0.010000
v -0.154103 -0.484910 0.010000
v -0.154103 -0.426730 0.010000
v -0.051361 -0.484910 0.010000
v -0.102732 -0.426730 0.010000
v -0.154103 -0.368551 0.010000
v -0.051361 -0.426730 0.010000
v -0.102732 -0.368551 0.010000
v -0.205473 -0.484910 0.010000
v -0.051361 -0.368551 0.010000
v -0.051361 -0.310371 0.010000
v -0.102732 -0.310371 0.010000
v -0.154103 -0.310371 0.010000
v -0.205473 -0.368551 0.010000
v -0.205473 -0.310371 0.010000
v -0.205473 -0.426730 0.010000
v 0.513713 -0.484910 0.010000
v 0.462342 -0.484910 0.010000
v 0.462342 -0.426730 0.010000
v 0.565083 -0.484910 0.010000
v 0.513713 -0.426730 0.010000
v 0.462342 -0.368551 0.010000
v 0.565083 -0.426730 0.010000
v 0.513713 -0.368551 0.010000
v 0.410973 -0.484910 0.010000
v 0.565083 -0.368551 0.010000
v 0.565083 -0.310371 0.010000
v 0.513713 -0.310371 0.010000
v 0.462342 -0.310371 0.010000
v 0.410973 -0.368551 0.010000
v 0.410973 -0.310371 0.010000
v 0.410973 -0.426730 0.010000
v -0.972416 -0.463149 0.010000
v -0.972015 -0.409003 0.010000
v -0.923469 -0.421478 0.010000
v -0.923588 -0.478463 0.010000
v -0.873140 -0.426074 0.010000
v -0.972416 -0.353495 0.010000
v -0.923588 -0.364089 0.010000
v -0.873154 -0.367993 0.010000
v -1.018837 -0.433329 0.010000
v -0.873154 -0.484104 0.010000
v -0.873169 -0.309900 0.010000
v -0.923707 -0.306600 0.010000
v -0.972818 -0.297644 0.010000
v -1.018837 -0.332862 0.010000
v -1.019789 -0.280203 0.010000
v -1.017886 -0.384712 0.010000
v 1.058918 -0.359359 0.010000
v 1.078561 -0.337388 0.010000
v 1.078561 -0.369964 0.010000
v 1.061431 -0.313422 0.010000
v 1.078561 -0.299817 0.010000
v 1.018855 -0.439848 0.010000
v 1.061431 -0.397978 0.010000
v 1.017904 -0.390989 0.010000
v 1.019806 -0.286963 0.010000
v 1.063567 -0.265098 0.010000
v 1.018855 -0.339380 0.010000
v 1.078561 -0.253214 0.010000
v -0.308213 -0.484910 0.010000
v -0.359584 -0.484910 0.010000
v -0.359584 -0.426730 0.010000
v -0.308213 -0.426730 0.010000
v -0.256843 -0.426730 0.010000
v -0.359584 -0.368551 0.010000
v -0.308213 -0.368551 0.010000
v -0.410954 -0.484910 0.010000
v -0.256843 -0.484910 0.010000
v -0.256843 -0.368551 0.010000
v -0.256843 -0.310371 0.010000
v -0.308213 -0.310371 0.010000
v -0.359584 -0.310371 0.010000
v -0.410954 -0.368551 0.010000
v -0.410954 -0.310371 0.010000
v -0.410954 -0.426730 0.010000
v 0.308232 -0.484910 0.010000
v 0.256861 -0.484910 0.010000
v 0.256861 -0.426730 0.010000
v 0.359602 -0.484910 0.010000
v 0.308232 -0.426730 0.010000
v 0.256861 -0.368551 0.010000
v 0.359602 -0.426730 0.010000
v 0.308232 -0.368551 0.010000
v 0.359602 -0.368551 0.010000
v 0.359602 -0.310371 0.010000
v 0.308232 -0.310371 0.010000
v 0.256861 -0.310371 0.010000
v -1.068003 -0.354505 0.010000
v -1.068003 -0.322173 0.010000
v -1.058899 -0.347628 0.010000
v -1.068003 -0.284367 0.010000
v -1.061412 -0.301106 0.010000
v -1.061412 -0.385662 0.010000
v -1.068003 -0.237575 0.010000
v -1.063548 -0.252259 0.010000
v 0.923607 -0.479277 0.010000
v 0.873172 -0.484206 0.010000
v 0.873157 -0.426172 0.010000
v 0.972435 -0.465900 0.010000
v 0.923487 -0.422263 0.010000
v 0.873172 -0.368095 0.010000
v 0.972034 -0.411652 0.010000
v 0.923607 -0.364905 0.010000
v 0.972435 -0.356244 0.010000
v 0.972836 -0.300496 0.010000
v 0.923725 -0.307445 0.010000
v 0.873187 -0.310005 0.010000
v 0.821935 -0.368551 0.010000
v -0.565065 -0.484910 0.010000
v -0.565065 -0.426730 0.010000
v -0.513695 -0.426730 0.010000
v -0.513694 -0.484910 0.010000
v -0.462325 -0.426730 0.010000
v -0.565065 -0.368551 0.010000
v -0.513695 -0.368551 0.010000
v -0.462325 -0.368551 0.010000
v -0.616436 -0.484910 0.010000
v -0.462325 -0.484910 0.010000
v -0.462325 -0.310371 0.010000
v -0.513695 -0.310371 0.010000
v -0.565065 -0.310371 0.010000
v 0.256861 -0.252191 0.010000
v 0.256861 -0.194011 0.010000
v 0.308232 -0.194011 0.010000
v 0.359602 -0.252191 0.010000
v 0.308232 -0.252191 0.010000
v 0.256861 -0.135831 0.010000
v 0.308232 -0.135831 0.010000
v 0.359602 -0.135831 0.010000
v 0.205490 -0.252191 0.010000
v 0.359602 -0.194011 0.010000
v 0.410973 -0.194011 0.010000
v 0.410973 -0.135831 0.010000
v 0.205490 -0.135831 0.010000
v 0.205490 -0.194011 0.010000
v -1.068003 -0.193316 0.010000
v -1.068003 -0.159158 0.010000
v -1.058899 -0.167644 0.010000
v -1.061412 -0.123952 0.010000
v -1.018837 -0.229700 0.010000
v -1.017886 -0.180005 0.010000
v -1.061412 -0.208507 0.010000
v -1.018837 -0.129232 0.010000
v -1.068003 -0.123177 0.010000
v 0.923607 -0.250195 0.010000
v 0.873172 -0.251942 0.010000
v 0.873157 -0.193891 0.010000
v 0.972435 -0.245452 0.010000
v 0.923487 -0.193045 0.010000
v 0.873172 -0.135830 0.010000
v 0.972034 -0.190751 0.010000
v 0.923607 -0.135822 0.010000
v 0.821935 -0.252191 0.010000
v 1.018855 -0.236219 0.010000
v 1.017904 -0.186282 0.010000
v 0.972435 -0.135797 0.010000
v 0.821935 -0.135831 0.010000
v 0.821935 -0.194011 0.010000
v -0.565065 -0.252191 0.010000
v -0.565065 -0.194011 0.010000
v -0.513695 -0.194011 0.010000
v -0.513695 -0.252191 0.010000
v -0.462325 -0.194011 0.010000
v -0.565065 -0.135831 0.010000
v -0.513695 -0.135831 0.010000
v -0.462325 -0.135831 0.010000
v -0.616436 -0.252191 0.010000
v -0.462325 -0.252191 0.010000
v -0.410954 -0.252191 0.010000
v -0.410954 -0.194011 0.010000
v -0.410954 -0.135831 0.010000
v -0.616436 -0.135831 0.010000
v -0.616436 -0.194011 0.010000
v 0.051380 -0.252191 0.010000
v 0.051380 -0.194011 0.010000
v 0.102749 -0.194011 0.010000
v 0.154120 -0.252191 0.010000
v 0.102749 -0.252191 0.010000
v 0.051380 -0.135831 0.010000
v 0.102749 -0.135831 0.010000
v 0.154120 -0.135831 0.010000
v 0.000009 -0.252191 0.010000
v 0.154120 -0.194011 0.010000
v 0.000009 -0.135831 0.010000
v 0.000009 -0.194011 0.010000
v 0.719195 -0.252191 0.010000
v 0.667825 -0.252191 0.010000
v 0.667825 -0.194011 0.010000
v 0.770565 -0.252191 0.010000
v 0.719195 -0.194011 0.010000
v 0.667825 -0.135831 0.010000
v 0.770565 -0.194011 0.010000
v 0.719195 -0.135831 0.010000
v 0.616454 -0.252191 0.010000
v 0.770565 -0.135831 0.010000
v 0.616454 -0.135831 0.010000
v 0.616454 -0.194011 0.010000
v -0.770547 -0.252191 0.010000
v -0.770547 -0.194011 0.010000
v -0.719177 -0.194011 0.010000
v -0.719177 -0.252191 0.010000
v -0.667806 -0.194011 0.010000
v -0.770547 -0.135831 0.010000
v -0.719177 -0.135831 0.010000
v -0.667806 -0.135831 0.010000
v -0.821918 -0.252191 0.010000
v -0.667806 -0.252191 0.010000
v -0.821918 -0.135831 0.010000
v -0.821918 -0.194011 0.010000
v -0.102732 -0.252191 0.010000
v -0.154103 -0.252191 0.010000
v -0.154103 -0.194011 0.010000
v -0.051361 -0.252191 0.010000
v -0.102732 -0.194011 0.010000
v -0.154103 -0.135831 0.010000
v -0.051361 -0.194011 0.010000
v -0.102732 -0.135831 0.010000
v -0.205473 -0.252191 0.010000
v -0.051361 -0.135831 0.010000
v -0.205473 -0.135831 0.010000
v -0.205473 -0.194011 0.010000
v 0.462342 -0.252191 0.010000
v 0.462342 -0.194011 0.010000
v 0.513713 -0.194011 0.010000
v 0.565083 -0.252191 0.010000
v 0.513713 -0.252191 0.010000
v 0.462342 -0.135831 0.010000
v 0.565083 -0.194011 0.010000
v 0.513713 -0.135831 0.010000
v 0.410973 -0.252191 0.010000
v 0.565083 -0.135831 0.010000
v -0.972416 -0.242703 0.010000
v -0.972015 -0.188102 0.010000
v -0.923469 -0.192261 0.010000
v -0.923588 -0.249380 0.010000
v -0.873140 -0.193792 0.010000
v -0.972416 -0.133047 0.010000
v -0.923588 -0.135007 0.010000
v -0.873154 -0.135728 0.010000
v -0.873154 -0.251840 0.010000
v 1.058918 -0.179375 0.010000
v 1.078561 -0.174365 0.010000
v 1.078561 -0.208764 0.010000
v 1.061431 -0.136267 0.010000
v 1.078561 -0.138617 0.010000
v 1.061431 -0.220823 0.010000
v 1.018855 -0.135751 0.010000
v -0.359584 -0.252191 0.010000
v -0.359584 -0.194011 0.010000
v -0.308213 -0.194011 0.010000
v -0.308213 -0.252191 0.010000
v -0.256843 -0.194011 0.010000
v -0.359584 -0.135831 0.010000
v -0.308213 -0.135831 0.010000
v -0.256843 -0.252191 0.010000
v -0.256843 -0.135831 0.010000
vn -0.0000 -0.0000 -1.0000
vt 0.559000 0.502125
vt 0.580156 0.502416
vt 0.580156 0.475692
vt 0.537661 0.501949
vt 0.559000 0.475111
vt 0.580156 0.449097
vt 0.537661 0.474761
vt 0.559000 0.448226
vt 0.580156 0.529205
vt 0.601038 0.529205
vt 0.601038 0.502822
vt 0.559000 0.529205
vt 0.537661 0.529205
vt 0.516232 0.529205
vt 0.516232 0.501891
vt 0.516232 0.474643
vt 0.537661 0.447702
vt 0.516232 0.447527
vt 0.537661 0.420840
vt 0.559000 0.421538
vt 0.580156 0.422695
vt 0.601038 0.450310
vt 0.601038 0.424308
vt 0.601038 0.476503
vt 0.334192 0.506494
vt 0.334192 0.483838
vt 0.316764 0.485919
vt 0.300188 0.508669
vt 0.316764 0.507536
vt 0.334192 0.461292
vt 0.316764 0.464406
vt 0.300188 0.488184
vt 0.334192 0.529205
vt 0.352399 0.529205
vt 0.352399 0.505551
vt 0.316764 0.529205
vt 0.300188 0.529205
vt 0.284537 0.509891
vt 0.284537 0.490624
vt 0.300188 0.467796
vt 0.300188 0.447558
vt 0.284537 0.452415
vt 0.316764 0.443049
vt 0.334192 0.438910
vt 0.352399 0.458470
vt 0.352399 0.435157
vt 0.352399 0.481953
vt 0.818892 0.518704
vt 0.826306 0.520264
vt 0.826284 0.511388
vt 0.810096 0.517118
vt 0.818885 0.508242
vt 0.826306 0.502610
vt 0.810095 0.505063
vt 0.818892 0.497848
vt 0.826328 0.529205
vt 0.832313 0.529205
vt 0.832261 0.521754
vt 0.818898 0.529205
vt 0.810096 0.529205
vt 0.799998 0.529205
vt 0.799998 0.515548
vt 0.799998 0.501924
vt 0.810096 0.493067
vt 0.799998 0.488365
vt 0.810096 0.481157
vt 0.818898 0.487516
vt 0.826328 0.493855
vt 0.832261 0.507257
vt 0.832313 0.500048
vt 0.832209 0.514422
vt 0.194125 0.518634
vt 0.194188 0.523290
vt 0.195738 0.523042
vt 0.195909 0.517205
vt 0.195738 0.511771
vt 0.194188 0.514106
vt 0.200150 0.529205
vt 0.200203 0.521754
vt 0.194246 0.529205
vt 0.195604 0.529205
vt 0.200254 0.514422
vt 0.200203 0.507257
vt 0.200150 0.500048
vt 0.195604 0.506019
vt 0.194246 0.508335
vt 0.641622 0.503971
vt 0.661154 0.504708
vt 0.661153 0.480271
vt 0.621555 0.503341
vt 0.641622 0.478797
vt 0.661153 0.455951
vt 0.621555 0.477539
vt 0.641622 0.453745
vt 0.661153 0.529205
vt 0.680064 0.529205
vt 0.680064 0.505550
vt 0.641622 0.529205
vt 0.621555 0.529205
vt 0.621555 0.451862
vt 0.621555 0.426371
vt 0.641622 0.428875
vt 0.661153 0.431807
vt 0.680064 0.458470
vt 0.680064 0.435157
vt 0.680064 0.481953
vt 0.410908 0.503341
vt 0.410908 0.477539
vt 0.390841 0.478797
vt 0.390841 0.503971
vt 0.371310 0.480271
vt 0.410908 0.451862
vt 0.390841 0.453745
vt 0.371310 0.455951
vt 0.431426 0.529205
vt 0.431426 0.502822
vt 0.390841 0.529205
vt 0.410908 0.529205
vt 0.371310 0.529205
vt 0.371310 0.504708
vt 0.371310 0.431807
vt 0.390841 0.428875
vt 0.410908 0.426371
vt 0.431426 0.450310
vt 0.431426 0.424308
vt 0.431426 0.476502
vt 0.836724 0.523042
vt 0.838276 0.523290
vt 0.838339 0.518635
vt 0.836553 0.517205
vt 0.838276 0.514108
vt 0.836860 0.529205
vt 0.838218 0.529205
vt 0.836860 0.506019
vt 0.836724 0.511771
vt 0.838218 0.508336
vt 0.222367 0.517118
vt 0.222368 0.505063
vt 0.213578 0.508242
vt 0.213572 0.518704
vt 0.206178 0.511388
vt 0.222367 0.493067
vt 0.213572 0.497847
vt 0.206156 0.502609
vt 0.232466 0.529205
vt 0.232466 0.515548
vt 0.222366 0.529205
vt 0.213565 0.529205
vt 0.206156 0.520264
vt 0.206134 0.529205
vt 0.206134 0.493854
vt 0.213565 0.487515
vt 0.222366 0.481156
vt 0.232466 0.488365
vt 0.232466 0.474906
vt 0.232466 0.501924
vt 0.732274 0.508669
vt 0.732274 0.488184
vt 0.715698 0.485919
vt 0.715698 0.507536
vt 0.698271 0.483839
vt 0.732274 0.467796
vt 0.715698 0.464406
vt 0.747926 0.529205
vt 0.747926 0.509891
vt 0.715698 0.529205
vt 0.732274 0.529205
vt 0.698271 0.529205
vt 0.698271 0.506494
vt 0.698271 0.461292
vt 0.698271 0.438910
vt 0.715698 0.443049
vt 0.732274 0.447558
vt 0.747926 0.471450
vt 0.747926 0.452415
vt 0.747926 0.490624
vt 0.494801 0.501949
vt 0.494801 0.474761
vt 0.473463 0.475111
vt 0.473463 0.502125
vt 0.452308 0.475691
vt 0.494801 0.447702
vt 0.473463 0.448226
vt 0.452308 0.449097
vt 0.494801 0.529204
vt 0.473463 0.529205
vt 0.452308 0.502416
vt 0.452308 0.529204
vt 0.452308 0.422695
vt 0.473463 0.421537
vt 0.494801 0.420840
vt 0.516232 0.420607
vt 0.256281 0.512577
vt 0.269882 0.511195
vt 0.269882 0.493230
vt 0.256281 0.495990
vt 0.243790 0.498892
vt 0.269882 0.475351
vt 0.256281 0.479482
vt 0.284537 0.529205
vt 0.256280 0.529205
vt 0.269882 0.529205
vt 0.243790 0.529204
vt 0.243790 0.514030
vt 0.243790 0.483827
vt 0.243790 0.468872
vt 0.256281 0.463096
vt 0.269882 0.457602
vt 0.284537 0.471450
vt 0.788673 0.514030
vt 0.788673 0.498892
vt 0.776182 0.495990
vt 0.776182 0.512577
vt 0.762581 0.493230
vt 0.788673 0.483827
vt 0.776182 0.479483
vt 0.762581 0.475351
vt 0.788673 0.529205
vt 0.762581 0.529205
vt 0.776182 0.529205
vt 0.762581 0.511195
vt 0.762581 0.457602
vt 0.776182 0.463096
vt 0.788673 0.468872
vt 0.799998 0.474906
vt 0.494801 0.394240
vt 0.494801 0.367965
vt 0.473463 0.369003
vt 0.473463 0.395108
vt 0.452308 0.370724
vt 0.494801 0.342078
vt 0.473463 0.343282
vt 0.516232 0.393950
vt 0.452308 0.396549
vt 0.431426 0.398558
vt 0.431426 0.373124
vt 0.452308 0.345280
vt 0.431426 0.348064
vt 0.452308 0.320279
vt 0.431426 0.323442
vt 0.473463 0.318009
vt 0.494801 0.316641
vt 0.516232 0.341675
vt 0.516232 0.316184
vt 0.516232 0.367618
vt 0.269882 0.440026
vt 0.269882 0.422664
vt 0.256281 0.430838
vt 0.256281 0.446868
vt 0.243790 0.439432
vt 0.269882 0.405558
vt 0.256281 0.415045
vt 0.284537 0.433565
vt 0.243790 0.454061
vt 0.232466 0.461577
vt 0.243790 0.425020
vt 0.232466 0.435439
vt 0.243790 0.410857
vt 0.232466 0.422694
vt 0.256281 0.399527
vt 0.269882 0.388751
vt 0.284537 0.396601
vt 0.284537 0.378576
vt 0.284537 0.414946
vt 0.788673 0.454061
vt 0.788673 0.439432
vt 0.776182 0.430838
vt 0.776182 0.446868
vt 0.762581 0.422664
vt 0.788673 0.425020
vt 0.776182 0.415045
vt 0.762581 0.405558
vt 0.799998 0.461577
vt 0.762581 0.440026
vt 0.747926 0.433565
vt 0.747926 0.414946
vt 0.762581 0.388751
vt 0.747926 0.378576
vt 0.776182 0.399527
vt 0.788673 0.410857
vt 0.799998 0.435439
vt 0.799998 0.422694
vt 0.799998 0.448412
vt 0.559000 0.395108
vt 0.580156 0.396549
vt 0.580156 0.370724
vt 0.537662 0.394240
vt 0.559000 0.369003
vt 0.580156 0.345280
vt 0.537661 0.367965
vt 0.559000 0.343282
vt 0.601038 0.398559
vt 0.537662 0.342078
vt 0.537662 0.316641
vt 0.559000 0.318009
vt 0.580156 0.320279
vt 0.601038 0.348064
vt 0.601038 0.323442
vt 0.601038 0.373124
vt 0.334192 0.416745
vt 0.334192 0.394851
vt 0.316764 0.401011
vt 0.300188 0.427516
vt 0.316764 0.421901
vt 0.334192 0.373280
vt 0.316764 0.380429
vt 0.300188 0.407718
vt 0.352399 0.412071
vt 0.300188 0.388213
vt 0.300188 0.369048
vt 0.316764 0.360206
vt 0.334192 0.352085
vt 0.352399 0.366799
vt 0.352399 0.344723
vt 0.352399 0.389266
vt 0.818892 0.477251
vt 0.826306 0.485073
vt 0.826284 0.476439
vt 0.810096 0.469359
vt 0.818885 0.467124
vt 0.826306 0.468097
vt 0.810095 0.457706
vt 0.818892 0.457195
vt 0.832261 0.492644
vt 0.810096 0.446232
vt 0.810096 0.434956
vt 0.818898 0.447428
vt 0.826328 0.459864
vt 0.832261 0.478705
vt 0.832313 0.472012
vt 0.832209 0.485425
vt 0.195738 0.499683
vt 0.195909 0.493666
vt 0.194125 0.497902
vt 0.195738 0.488844
vt 0.194188 0.493672
vt 0.200203 0.492644
vt 0.194188 0.502504
vt 0.200254 0.485425
vt 0.200203 0.478704
vt 0.200150 0.472011
vt 0.195604 0.483725
vt 0.194246 0.488267
vt 0.641622 0.404247
vt 0.661154 0.407899
vt 0.661153 0.384283
vt 0.641622 0.379920
vt 0.621555 0.376195
vt 0.661154 0.361015
vt 0.641622 0.355952
vt 0.621555 0.351629
vt 0.680064 0.412071
vt 0.621555 0.401129
vt 0.621555 0.327490
vt 0.641622 0.332401
vt 0.661153 0.338153
vt 0.680064 0.366799
vt 0.680064 0.344723
vt 0.680064 0.389266
vt 0.410908 0.401129
vt 0.410908 0.376195
vt 0.390841 0.379920
vt 0.390841 0.404247
vt 0.371310 0.384283
vt 0.410908 0.351629
vt 0.390841 0.355952
vt 0.371310 0.407899
vt 0.371310 0.361015
vt 0.371310 0.338153
vt 0.390841 0.332401
vt 0.410908 0.327490
vt 0.836724 0.499683
vt 0.838276 0.502506
vt 0.838339 0.497904
vt 0.836553 0.493667
vt 0.838276 0.493676
vt 0.836860 0.483725
vt 0.836724 0.488845
vt 0.838218 0.488270
vt 0.222367 0.469359
vt 0.222368 0.457706
vt 0.213578 0.467124
vt 0.213572 0.477251
vt 0.206178 0.476438
vt 0.222367 0.446232
vt 0.213572 0.457195
vt 0.206156 0.468097
vt 0.206156 0.485073
vt 0.206134 0.459863
vt 0.213565 0.447428
vt 0.222366 0.434956
vt 0.232466 0.448412
vt 0.715698 0.421901
vt 0.732274 0.427516
vt 0.732274 0.407718
vt 0.715698 0.401011
vt 0.698271 0.394851
vt 0.732274 0.388213
vt 0.715698 0.380429
vt 0.698271 0.416745
vt 0.698271 0.373280
vt 0.698271 0.352086
vt 0.715698 0.360206
vt 0.732274 0.369048
vt 0.747926 0.396601
vt 0.661154 0.315752
vt 0.661154 0.293865
vt 0.641622 0.286780
vt 0.621555 0.303839
vt 0.641622 0.309326
vt 0.661154 0.272544
vt 0.621555 0.280730
vt 0.641622 0.264817
vt 0.680064 0.323092
vt 0.601038 0.299316
vt 0.601038 0.275744
vt 0.621555 0.258218
vt 0.601038 0.252781
vt 0.621555 0.236361
vt 0.641622 0.243491
vt 0.661153 0.251841
vt 0.680064 0.281370
vt 0.680064 0.261379
vt 0.680064 0.301958
vt 0.410908 0.303838
vt 0.410908 0.280730
vt 0.390841 0.286779
vt 0.371310 0.315752
vt 0.390841 0.309326
vt 0.410908 0.258218
vt 0.390841 0.264817
vt 0.371310 0.272544
vt 0.431426 0.299316
vt 0.352399 0.323092
vt 0.371310 0.293865
vt 0.352399 0.301958
vt 0.352399 0.281370
vt 0.371310 0.251841
vt 0.390841 0.243491
vt 0.410908 0.236361
vt 0.431426 0.252781
vt 0.431426 0.230484
vt 0.431426 0.275743
vt 0.836724 0.477459
vt 0.838276 0.482748
vt 0.838339 0.478375
vt 0.836553 0.471494
vt 0.838276 0.474610
vt 0.832261 0.464939
vt 0.836860 0.463178
vt 0.832313 0.446173
vt 0.832261 0.452092
vt 0.836724 0.467470
vt 0.838218 0.469777
vt 0.832209 0.458111
vt 0.222367 0.423899
vt 0.222368 0.413098
vt 0.213578 0.428391
vt 0.213572 0.437794
vt 0.206178 0.443518
vt 0.222367 0.402585
vt 0.213572 0.419310
vt 0.206156 0.435933
vt 0.232466 0.410205
vt 0.206156 0.451578
vt 0.200203 0.464939
vt 0.200254 0.458110
vt 0.200203 0.452092
vt 0.206134 0.428537
vt 0.200150 0.446173
vt 0.213565 0.410484
vt 0.222366 0.392377
vt 0.232466 0.386116
vt 0.232466 0.374575
vt 0.232466 0.398003
vt 0.732274 0.350270
vt 0.732274 0.331921
vt 0.715698 0.321030
vt 0.698271 0.331317
vt 0.715698 0.340391
vt 0.732274 0.314049
vt 0.715698 0.302169
vt 0.698271 0.311026
vt 0.747926 0.360914
vt 0.698271 0.291260
vt 0.698271 0.272067
vt 0.715698 0.283856
vt 0.732274 0.296694
vt 0.747926 0.326848
vt 0.747926 0.310526
vt 0.747926 0.343658
vt 0.494801 0.291718
vt 0.494801 0.267366
vt 0.473463 0.269051
vt 0.452308 0.295782
vt 0.473463 0.293246
vt 0.494801 0.243644
vt 0.452308 0.271846
vt 0.473463 0.245482
vt 0.516232 0.291207
vt 0.452308 0.248530
vt 0.452308 0.225891
vt 0.473463 0.222596
vt 0.494801 0.220611
vt 0.516232 0.243029
vt 0.516232 0.219947
vt 0.516232 0.266803
vt 0.269882 0.372283
vt 0.269882 0.356192
vt 0.256281 0.369466
vt 0.243790 0.396981
vt 0.256281 0.384322
vt 0.269882 0.340517
vt 0.243790 0.383423
vt 0.256281 0.354994
vt 0.284537 0.360914
vt 0.243790 0.370215
vt 0.243790 0.357391
vt 0.256281 0.340942
vt 0.269882 0.325297
vt 0.284537 0.326848
vt 0.284537 0.310526
vt 0.284537 0.343658
vt 0.788673 0.396981
vt 0.788673 0.383423
vt 0.776182 0.369466
vt 0.762581 0.372283
vt 0.776182 0.384322
vt 0.788673 0.370215
vt 0.776182 0.354994
vt 0.762581 0.340517
vt 0.799998 0.410205
vt 0.762581 0.356192
vt 0.762581 0.325297
vt 0.776182 0.340942
vt 0.788673 0.357391
vt 0.799998 0.386117
vt 0.799998 0.374576
vt 0.799998 0.398004
vt 0.559000 0.293246
vt 0.580156 0.295782
vt 0.580156 0.271846
vt 0.537662 0.291718
vt 0.559000 0.269051
vt 0.580156 0.248530
vt 0.537661 0.267366
vt 0.559000 0.245482
vt 0.537662 0.243645
vt 0.537662 0.220611
vt 0.559000 0.222596
vt 0.580156 0.225891
vt 0.601038 0.230484
vt 0.334192 0.331317
vt 0.334192 0.311026
vt 0.316764 0.321030
vt 0.300188 0.350269
vt 0.316764 0.340390
vt 0.334192 0.291260
vt 0.300188 0.331921
vt 0.316764 0.302169
vt 0.300188 0.314049
vt 0.300188 0.296694
vt 0.316764 0.283856
vt 0.334192 0.272067
vt 0.352399 0.261379
vt 0.818892 0.437794
vt 0.826306 0.451578
vt 0.826284 0.443518
vt 0.810096 0.423899
vt 0.818885 0.428392
vt 0.826306 0.435933
vt 0.810095 0.413098
vt 0.818892 0.419310
vt 0.810096 0.402585
vt 0.810096 0.392377
vt 0.818898 0.410484
vt 0.826328 0.428537
vt 0.195738 0.477458
vt 0.195909 0.471494
vt 0.194125 0.478372
vt 0.195738 0.467469
vt 0.194188 0.474606
vt 0.194188 0.482744
vt 0.195604 0.463178
vt 0.194246 0.469772
vt 0.559000 0.200450
vt 0.580156 0.203983
vt 0.580156 0.182859
vt 0.537662 0.198322
vt 0.559000 0.179097
vt 0.580156 0.162567
vt 0.537662 0.176829
vt 0.559000 0.158585
vt 0.601038 0.208908
vt 0.516232 0.197610
vt 0.516232 0.176071
vt 0.537662 0.156185
vt 0.516232 0.155382
vt 0.537662 0.136440
vt 0.559000 0.138966
vt 0.580156 0.143160
vt 0.601038 0.168120
vt 0.601038 0.149006
vt 0.601038 0.188104
vt 0.334192 0.253495
vt 0.334192 0.235587
vt 0.316764 0.249048
vt 0.316764 0.266136
vt 0.300188 0.263706
vt 0.334192 0.218384
vt 0.316764 0.232634
vt 0.352399 0.242035
vt 0.300188 0.279900
vt 0.284537 0.294731
vt 0.284537 0.279501
vt 0.300188 0.248152
vt 0.284537 0.264872
vt 0.300188 0.233274
vt 0.316764 0.216936
vt 0.334192 0.201931
vt 0.352399 0.205464
vt 0.352399 0.188327
vt 0.352399 0.223381
vt 0.818892 0.401850
vt 0.826306 0.421066
vt 0.826284 0.413890
vt 0.810096 0.382487
vt 0.818885 0.393533
vt 0.826306 0.407353
vt 0.810095 0.372951
vt 0.818892 0.385650
vt 0.832261 0.439703
vt 0.799998 0.363407
vt 0.799998 0.352637
vt 0.810096 0.363805
vt 0.799998 0.342293
vt 0.810096 0.355056
vt 0.818898 0.378103
vt 0.826329 0.401079
vt 0.832261 0.428443
vt 0.832313 0.423526
vt 0.832209 0.433528
vt 0.195738 0.457222
vt 0.195909 0.451540
vt 0.194125 0.460796
vt 0.195738 0.448467
vt 0.194188 0.457636
vt 0.200203 0.439703
vt 0.194188 0.464770
vt 0.200254 0.433528
vt 0.200203 0.428442
vt 0.200150 0.423526
vt 0.195604 0.445170
vt 0.194246 0.453561
vt 0.641622 0.222854
vt 0.661154 0.231808
vt 0.661153 0.212491
vt 0.621555 0.215209
vt 0.641622 0.202956
vt 0.661153 0.193936
vt 0.621555 0.194814
vt 0.641622 0.183842
vt 0.680064 0.242035
vt 0.621555 0.175223
vt 0.621555 0.156485
vt 0.641622 0.165560
vt 0.661153 0.176189
vt 0.680064 0.205465
vt 0.680064 0.188327
vt 0.680064 0.223382
vt 0.410908 0.215209
vt 0.410908 0.194814
vt 0.390841 0.202956
vt 0.390841 0.222854
vt 0.371310 0.212491
vt 0.410908 0.175223
vt 0.390841 0.183842
vt 0.431426 0.208908
vt 0.371310 0.231808
vt 0.371310 0.193936
vt 0.371310 0.176189
vt 0.390841 0.165560
vt 0.410908 0.156485
vt 0.431426 0.168120
vt 0.431426 0.149006
vt 0.431426 0.188103
vt 0.836724 0.457222
vt 0.838276 0.464775
vt 0.838339 0.460800
vt 0.836553 0.451540
vt 0.838276 0.457642
vt 0.836860 0.445170
vt 0.836725 0.448467
vt 0.838218 0.453567
vt 0.222367 0.382487
vt 0.222368 0.372951
vt 0.213578 0.393533
vt 0.213572 0.401850
vt 0.206178 0.413889
vt 0.222367 0.363805
vt 0.213572 0.385649
vt 0.206156 0.407352
vt 0.232466 0.363407
vt 0.206156 0.421066
vt 0.206134 0.401079
vt 0.213565 0.378103
vt 0.222366 0.355056
vt 0.232466 0.342293
vt 0.232466 0.332399
vt 0.232466 0.352637
vt 0.732274 0.279900
vt 0.732274 0.263706
vt 0.715698 0.249049
vt 0.715698 0.266136
vt 0.698271 0.235587
vt 0.732274 0.248152
vt 0.715698 0.232634
vt 0.747926 0.294731
vt 0.698271 0.253495
vt 0.698271 0.218384
vt 0.698271 0.201931
vt 0.715698 0.216936
vt 0.732274 0.233275
vt 0.747926 0.264872
vt 0.747926 0.250879
vt 0.747926 0.279501
vt 0.494801 0.198322
vt 0.494801 0.176829
vt 0.473463 0.179097
vt 0.473463 0.200450
vt 0.452308 0.182859
vt 0.494801 0.156185
vt 0.473463 0.158585
vt 0.452308 0.162567
vt 0.452308 0.203983
vt 0.452308 0.143160
vt 0.473463 0.138966
vt 0.494801 0.136440
vt 0.516232 0.135594
vt 0.256281 0.327344
vt 0.269882 0.310569
vt 0.269882 0.296369
vt 0.243790 0.344981
vt 0.256281 0.314233
vt 0.269882 0.282727
vt 0.243790 0.333015
vt 0.256281 0.301639
vt 0.243790 0.321521
vt 0.243790 0.310528
vt 0.256281 0.289592
vt 0.269882 0.269680
vt 0.284537 0.250879
vt 0.788673 0.344981
vt 0.788673 0.333015
vt 0.776182 0.314233
vt 0.762581 0.310569
vt 0.776182 0.327345
vt 0.788673 0.321521
vt 0.776182 0.301639
vt 0.762581 0.282728
vt 0.762581 0.296369
vt 0.762581 0.269680
vt 0.776182 0.289592
vt 0.788673 0.310528
vt 0.799998 0.332399
vt 0.732274 0.219111
vt 0.732274 0.205695
vt 0.715698 0.187833
vt 0.715698 0.201991
vt 0.698271 0.171430
vt 0.732274 0.193056
vt 0.715698 0.174497
vt 0.747926 0.237559
vt 0.698271 0.186267
vt 0.680064 0.172013
vt 0.680064 0.156559
vt 0.698271 0.157453
vt 0.698271 0.146093
vt 0.680064 0.130168
vt 0.680064 0.142001
vt 0.715698 0.163658
vt 0.732274 0.182784
vt 0.747926 0.213054
vt 0.747926 0.203393
vt 0.747926 0.224940
vt 0.473463 0.120289
vt 0.494801 0.117641
vt 0.494801 0.099835
vt 0.473463 0.102596
vt 0.452308 0.107181
vt 0.494801 0.083060
vt 0.473463 0.085931
vt 0.452308 0.090694
vt 0.516232 0.116755
vt 0.452308 0.124684
vt 0.431426 0.130809
vt 0.431426 0.113572
vt 0.452308 0.077294
vt 0.431426 0.084137
vt 0.431426 0.097335
vt 0.473463 0.072385
vt 0.494801 0.069426
vt 0.516232 0.082100
vt 0.516232 0.068437
vt 0.516232 0.098910
vt 0.256281 0.278124
vt 0.269882 0.257259
vt 0.269882 0.245493
vt 0.243790 0.300061
vt 0.256281 0.267261
vt 0.269882 0.234409
vt 0.243790 0.290148
vt 0.256281 0.257028
vt 0.284537 0.237558
vt 0.232466 0.322979
vt 0.243790 0.280809
vt 0.232466 0.305652
vt 0.243790 0.273218
vt 0.232466 0.298820
vt 0.256281 0.248710
vt 0.269882 0.225401
vt 0.284537 0.213054
vt 0.284537 0.203393
vt 0.284537 0.224940
vt 0.788673 0.300062
vt 0.788673 0.290148
vt 0.776182 0.267261
vt 0.762581 0.257259
vt 0.776182 0.278124
vt 0.788673 0.280809
vt 0.776182 0.257028
vt 0.762581 0.234409
vt 0.799998 0.322980
vt 0.762581 0.245493
vt 0.762581 0.225401
vt 0.776182 0.248710
vt 0.788673 0.273218
vt 0.799998 0.305652
vt 0.799998 0.298820
vt 0.799998 0.314057
vt 0.559000 0.120289
vt 0.580156 0.124684
vt 0.580156 0.107181
vt 0.537662 0.117641
vt 0.559000 0.102596
vt 0.580156 0.090694
vt 0.537662 0.099835
vt 0.559000 0.085931
vt 0.601038 0.130809
vt 0.537662 0.083060
vt 0.537662 0.069426
vt 0.559000 0.072385
vt 0.580156 0.077294
vt 0.601038 0.097335
vt 0.601038 0.084137
vt 0.601038 0.113572
vt 0.334192 0.186267
vt 0.334192 0.171430
vt 0.316764 0.187833
vt 0.300188 0.219111
vt 0.316764 0.201991
vt 0.334192 0.157453
vt 0.316764 0.174497
vt 0.300188 0.205695
vt 0.352399 0.172013
vt 0.300188 0.193056
vt 0.300188 0.182784
vt 0.316764 0.163658
vt 0.334192 0.146093
vt 0.352399 0.142001
vt 0.352399 0.130168
vt 0.352399 0.156559
vt 0.818892 0.370801
vt 0.826306 0.394710
vt 0.826285 0.388693
vt 0.810096 0.346713
vt 0.818885 0.363889
vt 0.826306 0.383456
vt 0.810095 0.338810
vt 0.818892 0.357504
vt 0.832261 0.417907
vt 0.810096 0.331381
vt 0.810096 0.325063
vt 0.818898 0.351528
vt 0.812922 0.333129
vt 0.826328 0.378545
vt 0.832261 0.408666
vt 0.832313 0.404940
vt 0.832209 0.412622
vt 0.195738 0.439752
vt 0.195909 0.434570
vt 0.194125 0.445848
vt 0.195738 0.432567
vt 0.194188 0.443418
vt 0.200203 0.417907
vt 0.194188 0.449272
vt 0.200254 0.412622
vt 0.200203 0.408666
vt 0.200150 0.404940
vt 0.195604 0.430390
vt 0.194246 0.440258
vt 0.641622 0.148156
vt 0.661154 0.159293
vt 0.661153 0.143288
vt 0.621555 0.138647
vt 0.641622 0.131669
vt 0.661153 0.128212
vt 0.641622 0.116139
vt 0.621555 0.121748
vt 0.621555 0.105831
vt 0.621555 0.092893
vt 0.641622 0.103516
vt 0.661153 0.115957
vt 0.410908 0.138647
vt 0.410908 0.121748
vt 0.390841 0.131669
vt 0.371310 0.159293
vt 0.390841 0.148156
vt 0.410908 0.105831
vt 0.390841 0.116139
vt 0.371310 0.128212
vt 0.371310 0.143288
vt 0.371310 0.115957
vt 0.390841 0.103516
vt 0.410908 0.092893
vt 0.836724 0.439752
vt 0.838276 0.449278
vt 0.838339 0.445854
vt 0.836553 0.434570
vt 0.838276 0.443424
vt 0.836860 0.430390
vt 0.836724 0.432568
vt 0.838218 0.440265
vt 0.222367 0.346713
vt 0.222368 0.338810
vt 0.213578 0.363888
vt 0.213572 0.370800
vt 0.206178 0.388692
vt 0.222367 0.331380
vt 0.213572 0.357504
vt 0.206156 0.383456
vt 0.206156 0.394710
vt 0.206134 0.378545
vt 0.213565 0.351527
vt 0.219716 0.332589
vt 0.222366 0.325050
vt 0.232466 0.314057
vt 0.195738 0.425719
vt 0.195909 0.421237
vt 0.194125 0.434104
vt 0.195738 0.420381
vt 0.194188 0.432495
vt 0.200203 0.400388
vt 0.194188 0.436846
vt 0.200254 0.396197
vt 0.199986 0.394825
vt 0.198773 0.399691
vt 0.195604 0.419407
vt 0.194246 0.430372
vt 0.836724 0.425719
vt 0.838276 0.436853
vt 0.838338 0.434111
vt 0.836553 0.421237
vt 0.838276 0.432503
vt 0.832261 0.400388
vt 0.836860 0.419408
vt 0.833923 0.401142
vt 0.832675 0.396013
vt 0.836724 0.420381
vt 0.838218 0.430379
vt 0.832209 0.396197
vt 0.206157 0.373437
vt 0.206156 0.373522
vt 0.206324 0.372897
vt 0.213566 0.350347
vt 0.200211 0.393991
vt 0.202577 0.385496
vt 0.826307 0.373669
vt 0.818897 0.350429
vt 0.832244 0.394382
vt 0.830209 0.386984
vt 0.826420 0.374038
vt 0.195738 0.415665
vt 0.195874 0.412326
vt 0.194125 0.426014
vt 0.195393 0.415263
vt 0.194189 0.425287
vt 0.194188 0.427968
vt 0.195903 0.412184
vt 0.197289 0.405991
vt 0.194925 0.418496
vt 0.194254 0.424264
vt 0.836724 0.415665
vt 0.838339 0.426022
vt 0.836780 0.413820
vt 0.838276 0.425295
vt 0.837252 0.416776
vt 0.835454 0.407739
vt 0.836593 0.412884
vt 0.838276 0.427976
vt 0.838210 0.424272
vt 0.837726 0.420103
vt 0.194197 0.422902
vt 0.838249 0.423294
vt 0.838251 0.629431
vt 0.838218 0.628029
vt 0.837742 0.631878
vt 0.194488 0.629993
vt 0.194246 0.628036
vt 0.194230 0.628731
vt 0.195687 0.635567
vt 0.194125 0.624305
vt 0.194188 0.625913
vt 0.195738 0.632688
vt 0.195088 0.632949
vt 0.197297 0.641535
vt 0.199161 0.647931
vt 0.195876 0.636295
vt 0.195604 0.628019
vt 0.194246 0.618151
vt 0.194188 0.621563
vt 0.838276 0.625906
vt 0.836553 0.637172
vt 0.837152 0.634687
vt 0.838339 0.624299
vt 0.838276 0.621556
vt 0.836724 0.632689
vt 0.836537 0.637269
vt 0.836557 0.637189
vt 0.836860 0.628020
vt 0.833039 0.649404
vt 0.838218 0.618145
vt 0.834832 0.643430
vt 0.269882 0.801149
vt 0.256280 0.780284
vt 0.256280 0.780543
vt 0.243790 0.758347
vt 0.243790 0.758583
vt 0.232466 0.735429
vt 0.232466 0.735641
vt 0.243790 0.747881
vt 0.232466 0.726010
vt 0.256280 0.768816
vt 0.269882 0.788728
vt 0.284537 0.820850
vt 0.284537 0.807529
vt 0.269882 0.801429
vt 0.788673 0.758347
vt 0.776182 0.780284
vt 0.776182 0.780543
vt 0.762581 0.801149
vt 0.762581 0.801429
vt 0.747926 0.820850
vt 0.747926 0.821151
vt 0.762581 0.788728
vt 0.747926 0.807529
vt 0.776182 0.768816
vt 0.788673 0.747881
vt 0.799998 0.735429
vt 0.799998 0.726010
vt 0.788673 0.758583
vt 0.580156 0.933725
vt 0.559000 0.938120
vt 0.559000 0.938541
vt 0.537661 0.940767
vt 0.537661 0.941191
vt 0.516232 0.941653
vt 0.516232 0.942078
vt 0.537661 0.921970
vt 0.559000 0.919443
vt 0.580156 0.915249
vt 0.601038 0.927599
vt 0.601038 0.909403
vt 0.580156 0.934141
vt 0.334192 0.872141
vt 0.316764 0.856418
vt 0.316764 0.856755
vt 0.300188 0.839298
vt 0.300188 0.839617
vt 0.284537 0.821151
vt 0.300188 0.825134
vt 0.316764 0.841473
vt 0.334192 0.856478
vt 0.352399 0.886396
vt 0.352399 0.870081
vt 0.334192 0.872494
vt 0.818892 0.687609
vt 0.818890 0.689612
vt 0.826286 0.669334
vt 0.810096 0.711697
vt 0.810095 0.712146
vt 0.832261 0.649743
vt 0.830490 0.657241
vt 0.832288 0.651669
vt 0.799998 0.735641
vt 0.810096 0.703353
vt 0.818898 0.680307
vt 0.826306 0.663699
vt 0.826328 0.657330
vt 0.832261 0.640502
vt 0.832313 0.634883
vt 0.826579 0.668530
vt 0.832209 0.645787
vt 0.195909 0.623839
vt 0.194125 0.612561
vt 0.194188 0.614991
vt 0.195738 0.618657
vt 0.194188 0.609136
vt 0.200203 0.649742
vt 0.200182 0.651136
vt 0.195738 0.625841
vt 0.200254 0.645786
vt 0.200150 0.634882
vt 0.195604 0.613239
vt 0.200203 0.640502
vt 0.194246 0.604847
vt 0.661153 0.899116
vt 0.641622 0.910253
vt 0.641622 0.910645
vt 0.621555 0.919762
vt 0.621555 0.920164
vt 0.601038 0.928009
vt 0.621555 0.901923
vt 0.641622 0.892848
vt 0.661153 0.882221
vt 0.680064 0.886396
vt 0.680064 0.870081
vt 0.661153 0.899496
vt 0.410908 0.919762
vt 0.390841 0.910253
vt 0.390841 0.910645
vt 0.371310 0.899116
vt 0.371310 0.899496
vt 0.352399 0.886763
vt 0.371310 0.882221
vt 0.390841 0.892848
vt 0.410908 0.901923
vt 0.431426 0.927599
vt 0.431426 0.909403
vt 0.410908 0.920164
vt 0.838276 0.614984
vt 0.838339 0.612555
vt 0.836553 0.623839
vt 0.838276 0.609131
vt 0.836724 0.618657
vt 0.836724 0.625841
vt 0.838218 0.604841
vt 0.836860 0.613240
vt 0.222367 0.711696
vt 0.213572 0.687609
vt 0.213573 0.689516
vt 0.206156 0.663699
vt 0.206176 0.669052
vt 0.201553 0.655462
vt 0.205643 0.667552
vt 0.206134 0.657330
vt 0.213565 0.680306
vt 0.222366 0.703352
vt 0.222367 0.712131
vt 0.732274 0.839298
vt 0.715698 0.856418
vt 0.715698 0.856755
vt 0.698271 0.872141
vt 0.698271 0.872494
vt 0.680064 0.886763
vt 0.698271 0.856477
vt 0.715698 0.841473
vt 0.732274 0.825134
vt 0.732274 0.839617
vt 0.473463 0.938120
vt 0.473463 0.938541
vt 0.494801 0.941191
vt 0.452308 0.933725
vt 0.452308 0.934141
vt 0.431426 0.928009
vt 0.452308 0.915249
vt 0.473463 0.919443
vt 0.494801 0.940767
vt 0.494801 0.921970
vt 0.516232 0.922815
vt 0.390841 0.874567
vt 0.410908 0.883186
vt 0.410908 0.863595
vt 0.390841 0.855453
vt 0.371310 0.845918
vt 0.410908 0.843200
vt 0.390841 0.835554
vt 0.371310 0.826600
vt 0.431426 0.890289
vt 0.371310 0.864473
vt 0.352399 0.852944
vt 0.352399 0.816374
vt 0.371310 0.806567
vt 0.390841 0.814918
vt 0.410908 0.822048
vt 0.431426 0.849501
vt 0.431426 0.827924
vt 0.431426 0.870305
vt 0.838276 0.600767
vt 0.838339 0.597608
vt 0.836553 0.606869
vt 0.838276 0.593634
vt 0.836724 0.601187
vt 0.832261 0.629966
vt 0.832209 0.624880
vt 0.836724 0.609941
vt 0.832313 0.612235
vt 0.832261 0.618706
vt 0.838218 0.588633
vt 0.836860 0.595230
vt 0.213572 0.672760
vt 0.222367 0.694603
vt 0.222368 0.685457
vt 0.206156 0.651056
vt 0.213578 0.664876
vt 0.222367 0.675922
vt 0.206178 0.644519
vt 0.213572 0.656558
vt 0.232466 0.716115
vt 0.200203 0.629966
vt 0.200254 0.624880
vt 0.206156 0.637343
vt 0.200203 0.618705
vt 0.206134 0.629872
vt 0.213565 0.647924
vt 0.222366 0.666032
vt 0.232466 0.695002
vt 0.232466 0.683834
vt 0.232466 0.705771
vt 0.732274 0.810256
vt 0.732274 0.794702
vt 0.715698 0.809361
vt 0.698271 0.840024
vt 0.715698 0.825774
vt 0.732274 0.778509
vt 0.715698 0.792274
vt 0.698271 0.804914
vt 0.747926 0.793537
vt 0.680064 0.852944
vt 0.698271 0.822822
vt 0.680064 0.816374
vt 0.698271 0.786341
vt 0.715698 0.774552
vt 0.732274 0.761715
vt 0.747926 0.763677
vt 0.747926 0.747883
vt 0.747926 0.778907
vt 0.494801 0.902224
vt 0.494801 0.881579
vt 0.473463 0.879312
vt 0.452308 0.895841
vt 0.473463 0.899824
vt 0.494801 0.860087
vt 0.473463 0.857958
vt 0.452308 0.854425
vt 0.516232 0.903026
vt 0.452308 0.875549
vt 0.452308 0.832518
vt 0.473463 0.835813
vt 0.494801 0.837798
vt 0.516232 0.860800
vt 0.516232 0.838462
vt 0.516232 0.882337
vt 0.256280 0.756770
vt 0.269882 0.775681
vt 0.269882 0.762040
vt 0.256280 0.744176
vt 0.243790 0.725393
vt 0.269882 0.747839
vt 0.256280 0.731064
vt 0.243790 0.713427
vt 0.284537 0.793537
vt 0.243790 0.736887
vt 0.243790 0.701017
vt 0.256280 0.717466
vt 0.269882 0.733111
vt 0.284537 0.763677
vt 0.284537 0.747882
vt 0.284537 0.778907
vt 0.788673 0.736887
vt 0.788673 0.725393
vt 0.776182 0.744176
vt 0.762581 0.775681
vt 0.776182 0.756770
vt 0.788673 0.713427
vt 0.776182 0.731064
vt 0.762581 0.747839
vt 0.799998 0.716115
vt 0.762581 0.762040
vt 0.762581 0.733111
vt 0.776182 0.717467
vt 0.788673 0.701017
vt 0.799998 0.695002
vt 0.799998 0.683834
vt 0.799998 0.705771
vt 0.559000 0.899824
vt 0.580156 0.895841
vt 0.580156 0.875549
vt 0.537661 0.902224
vt 0.559000 0.879312
vt 0.580156 0.854425
vt 0.537661 0.881579
vt 0.559000 0.857958
vt 0.601038 0.890289
vt 0.537661 0.860087
vt 0.537661 0.837798
vt 0.559000 0.835813
vt 0.580156 0.832518
vt 0.601038 0.849501
vt 0.601038 0.827924
vt 0.601038 0.870305
vt 0.316764 0.825774
vt 0.334192 0.840024
vt 0.334192 0.822822
vt 0.300188 0.810257
vt 0.316764 0.809361
vt 0.334192 0.804914
vt 0.316764 0.792273
vt 0.300188 0.778509
vt 0.300188 0.794702
vt 0.300188 0.761715
vt 0.316764 0.774552
vt 0.334192 0.786341
vt 0.352399 0.797030
vt 0.352399 0.835027
vt 0.826306 0.651056
vt 0.826284 0.644519
vt 0.818885 0.664876
vt 0.818892 0.672760
vt 0.810095 0.685457
vt 0.826306 0.637343
vt 0.818892 0.656559
vt 0.810096 0.675922
vt 0.810096 0.694604
vt 0.810096 0.666032
vt 0.818898 0.647925
vt 0.826328 0.629872
vt 0.195909 0.606869
vt 0.194125 0.597613
vt 0.194188 0.600772
vt 0.195738 0.601187
vt 0.194188 0.593639
vt 0.195738 0.609941
vt 0.200150 0.612235
vt 0.195604 0.595230
vt 0.194246 0.588636
vt 0.661154 0.864473
vt 0.661153 0.845918
vt 0.641622 0.855453
vt 0.641622 0.874567
vt 0.621555 0.863595
vt 0.661153 0.826600
vt 0.641622 0.835554
vt 0.621555 0.843200
vt 0.621555 0.883185
vt 0.621555 0.822048
vt 0.641622 0.814918
vt 0.661153 0.806567
vt 0.680064 0.797030
vt 0.680064 0.835027
vt 0.334192 0.767148
vt 0.334192 0.747382
vt 0.316764 0.737379
vt 0.300188 0.744360
vt 0.316764 0.756239
vt 0.334192 0.727091
vt 0.316764 0.718018
vt 0.300188 0.708139
vt 0.352399 0.777038
vt 0.284537 0.731560
vt 0.300188 0.726487
vt 0.284537 0.714750
vt 0.284537 0.697494
vt 0.300188 0.689360
vt 0.316764 0.698203
vt 0.334192 0.706323
vt 0.352399 0.735316
vt 0.352399 0.713686
vt 0.352399 0.756451
vt 0.826306 0.622476
vt 0.826284 0.614891
vt 0.818885 0.630018
vt 0.818892 0.639098
vt 0.810095 0.645311
vt 0.826306 0.606830
vt 0.818892 0.620615
vt 0.810096 0.634509
vt 0.832261 0.606317
vt 0.810096 0.655823
vt 0.799998 0.672292
vt 0.799998 0.660406
vt 0.799998 0.648203
vt 0.810096 0.623453
vt 0.799998 0.635715
vt 0.818898 0.610980
vt 0.826328 0.598545
vt 0.832261 0.593470
vt 0.832313 0.586397
vt 0.832209 0.600298
vt 0.195909 0.586914
vt 0.194125 0.580037
vt 0.194188 0.583803
vt 0.195738 0.580951
vt 0.194188 0.575664
vt 0.200203 0.606317
vt 0.195738 0.590939
vt 0.200254 0.600298
vt 0.200150 0.586397
vt 0.195604 0.574683
vt 0.200203 0.593469
vt 0.194246 0.570142
vt 0.641622 0.793591
vt 0.661154 0.785864
vt 0.661153 0.764544
vt 0.641622 0.771629
vt 0.621555 0.777679
vt 0.661153 0.742657
vt 0.641622 0.749083
vt 0.680064 0.777039
vt 0.621555 0.800190
vt 0.601038 0.805627
vt 0.601038 0.782665
vt 0.621555 0.754570
vt 0.601038 0.759093
vt 0.621555 0.730918
vt 0.641622 0.726007
vt 0.661153 0.720255
vt 0.680064 0.735317
vt 0.680064 0.713686
vt 0.680064 0.756451
vt 0.390841 0.793591
vt 0.410908 0.800190
vt 0.410908 0.777679
vt 0.390841 0.771629
vt 0.371310 0.764544
vt 0.410908 0.754570
vt 0.390841 0.749083
vt 0.431426 0.805627
vt 0.371310 0.785864
vt 0.371310 0.742657
vt 0.371310 0.720255
vt 0.390841 0.726007
vt 0.410908 0.730918
vt 0.431426 0.759093
vt 0.431426 0.734966
vt 0.431426 0.782665
vt 0.838276 0.583799
vt 0.838338 0.580033
vt 0.836553 0.586914
vt 0.838276 0.575661
vt 0.836724 0.580951
vt 0.836724 0.590939
vt 0.838218 0.570139
vt 0.836860 0.574684
vt 0.213572 0.639098
vt 0.222367 0.655823
vt 0.222368 0.645310
vt 0.206156 0.622476
vt 0.213578 0.630018
vt 0.222367 0.634509
vt 0.206178 0.614891
vt 0.213572 0.620614
vt 0.232466 0.672292
vt 0.206156 0.606830
vt 0.206134 0.598545
vt 0.213565 0.610980
vt 0.222366 0.623453
vt 0.232466 0.648203
vt 0.232466 0.635715
vt 0.232466 0.660405
vt 0.715698 0.756239
vt 0.732274 0.744360
vt 0.732274 0.726487
vt 0.715698 0.737380
vt 0.698271 0.747382
vt 0.732274 0.708139
vt 0.715698 0.718019
vt 0.698271 0.727091
vt 0.747926 0.731560
vt 0.698271 0.767148
vt 0.698271 0.706324
vt 0.715698 0.698203
vt 0.732274 0.689360
vt 0.747926 0.697494
vt 0.747926 0.679833
vt 0.747926 0.714750
vt 0.494801 0.814764
vt 0.494801 0.791042
vt 0.473463 0.789358
vt 0.473463 0.812927
vt 0.452308 0.786563
vt 0.494801 0.766690
vt 0.473463 0.765163
vt 0.452308 0.762627
vt 0.516232 0.815379
vt 0.452308 0.809878
vt 0.452308 0.738131
vt 0.473463 0.740400
vt 0.494801 0.741767
vt 0.516232 0.767202
vt 0.516232 0.742224
vt 0.516232 0.791606
vt 0.256280 0.703414
vt 0.269882 0.717891
vt 0.269882 0.702217
vt 0.243790 0.688193
vt 0.256280 0.688942
vt 0.269882 0.686126
vt 0.243790 0.674985
vt 0.256280 0.674086
vt 0.243790 0.661428
vt 0.243790 0.647551
vt 0.256280 0.658881
vt 0.269882 0.669658
vt 0.284537 0.679832
vt 0.788673 0.688193
vt 0.788673 0.674986
vt 0.776182 0.688942
vt 0.776182 0.703414
vt 0.762581 0.702217
vt 0.788673 0.661428
vt 0.776182 0.674086
vt 0.762581 0.686127
vt 0.762581 0.717891
vt 0.762581 0.669658
vt 0.776182 0.658881
vt 0.788673 0.647551
vt 0.559000 0.812928
vt 0.580156 0.809878
vt 0.580156 0.786563
vt 0.537661 0.814764
vt 0.559000 0.789358
vt 0.580156 0.762627
vt 0.537661 0.791042
vt 0.559000 0.765163
vt 0.537661 0.766690
vt 0.537661 0.741767
vt 0.559000 0.740400
vt 0.580156 0.738130
vt 0.601038 0.734966
vt 0.494801 0.716331
vt 0.494801 0.690444
vt 0.473463 0.689407
vt 0.473463 0.715127
vt 0.452308 0.687685
vt 0.494801 0.664168
vt 0.473463 0.663300
vt 0.452308 0.661859
vt 0.516232 0.716734
vt 0.452308 0.713129
vt 0.431426 0.710344
vt 0.431426 0.685284
vt 0.431426 0.659850
vt 0.452308 0.635714
vt 0.431426 0.634101
vt 0.473463 0.636871
vt 0.494801 0.637568
vt 0.516232 0.664459
vt 0.516232 0.637801
vt 0.516232 0.690790
vt 0.269882 0.652850
vt 0.269882 0.635745
vt 0.256280 0.627570
vt 0.256280 0.643364
vt 0.243790 0.618975
vt 0.269882 0.618383
vt 0.256280 0.611541
vt 0.243790 0.604347
vt 0.284537 0.661808
vt 0.243790 0.633389
vt 0.232466 0.622969
vt 0.232466 0.609997
vt 0.243790 0.589537
vt 0.232466 0.583503
vt 0.256280 0.595313
vt 0.269882 0.600807
vt 0.284537 0.624843
vt 0.284537 0.605993
vt 0.284537 0.643463
vt 0.788673 0.633389
vt 0.788673 0.618976
vt 0.776182 0.627570
vt 0.776182 0.643364
vt 0.762581 0.635745
vt 0.788673 0.604347
vt 0.776182 0.611541
vt 0.762581 0.618384
vt 0.799998 0.622969
vt 0.762581 0.652850
vt 0.747926 0.643463
vt 0.747926 0.624844
vt 0.762581 0.600807
vt 0.747926 0.605994
vt 0.776182 0.595313
vt 0.788673 0.589537
vt 0.799998 0.596832
vt 0.799998 0.583503
vt 0.799998 0.609998
vt 0.559000 0.715127
vt 0.580156 0.713129
vt 0.580156 0.687685
vt 0.537661 0.716331
vt 0.559000 0.689406
vt 0.580156 0.661859
vt 0.537661 0.690444
vt 0.559000 0.663300
vt 0.601038 0.710344
vt 0.537661 0.664168
vt 0.537661 0.637568
vt 0.559000 0.636871
vt 0.580156 0.635714
vt 0.601038 0.659850
vt 0.601038 0.634101
vt 0.601038 0.685284
vt 0.316764 0.677979
vt 0.334192 0.685128
vt 0.334192 0.663557
vt 0.300188 0.670195
vt 0.316764 0.657398
vt 0.334192 0.641664
vt 0.300188 0.650690
vt 0.316764 0.636507
vt 0.352399 0.691609
vt 0.300188 0.630893
vt 0.300188 0.610851
vt 0.316764 0.615359
vt 0.334192 0.619499
vt 0.352399 0.646338
vt 0.352399 0.623252
vt 0.352399 0.669142
vt 0.826306 0.590312
vt 0.826284 0.581970
vt 0.818885 0.591284
vt 0.818892 0.601213
vt 0.810095 0.600702
vt 0.826306 0.573335
vt 0.818892 0.581158
vt 0.810096 0.589050
vt 0.832261 0.579705
vt 0.810096 0.612177
vt 0.810096 0.577252
vt 0.818898 0.570894
vt 0.826328 0.564554
vt 0.832261 0.565765
vt 0.832313 0.558361
vt 0.832209 0.572984
vt 0.195909 0.564742
vt 0.194125 0.560507
vt 0.194188 0.564736
vt 0.195738 0.558726
vt 0.194188 0.555905
vt 0.200203 0.579705
vt 0.195738 0.569564
vt 0.200254 0.572984
vt 0.200150 0.558361
vt 0.195604 0.552389
vt 0.200203 0.565764
vt 0.194246 0.550074
vt 0.641622 0.702457
vt 0.661154 0.697393
vt 0.661153 0.674125
vt 0.641622 0.678488
vt 0.621555 0.682214
vt 0.661153 0.650510
vt 0.641622 0.654161
vt 0.680064 0.691609
vt 0.621555 0.706781
vt 0.621555 0.657280
vt 0.621555 0.632038
vt 0.641622 0.629534
vt 0.661153 0.626601
vt 0.680064 0.646338
vt 0.680064 0.623253
vt 0.680064 0.669142
vt 0.390841 0.702457
vt 0.410908 0.706780
vt 0.410908 0.682214
vt 0.371310 0.697393
vt 0.390841 0.678488
vt 0.410908 0.657280
vt 0.371310 0.674125
vt 0.390841 0.654161
vt 0.371310 0.650510
vt 0.371310 0.626601
vt 0.390841 0.629534
vt 0.410908 0.632037
vt 0.838276 0.564733
vt 0.838339 0.560505
vt 0.836553 0.564742
vt 0.838276 0.555903
vt 0.836724 0.558726
vt 0.836724 0.569564
vt 0.838218 0.550073
vt 0.836860 0.552390
vt 0.213572 0.601213
vt 0.222367 0.612177
vt 0.222368 0.600702
vt 0.206156 0.590311
vt 0.213578 0.591284
vt 0.222367 0.589050
vt 0.206178 0.581970
vt 0.213572 0.581157
vt 0.206156 0.573335
vt 0.206134 0.564554
vt 0.213565 0.570894
vt 0.222366 0.577252
vt 0.232466 0.596832
vt 0.732274 0.670195
vt 0.732274 0.650690
vt 0.715698 0.657398
vt 0.715698 0.677980
vt 0.698271 0.663558
vt 0.732274 0.630894
vt 0.715698 0.636507
vt 0.698271 0.641664
vt 0.747926 0.661808
vt 0.698271 0.685129
vt 0.698271 0.619499
vt 0.715698 0.615359
vt 0.732274 0.610852
vt 0.410908 0.606546
vt 0.410908 0.580869
vt 0.390841 0.579612
vt 0.371310 0.602458
vt 0.390841 0.604663
vt 0.410908 0.555068
vt 0.390841 0.554438
vt 0.371310 0.553701
vt 0.431426 0.608099
vt 0.371310 0.578139
vt 0.352399 0.576456
vt 0.352399 0.552859
vt 0.431426 0.555587
vt 0.431426 0.581906
vt 0.838276 0.544302
vt 0.838338 0.539773
vt 0.836553 0.541203
vt 0.836724 0.535367
vt 0.832261 0.551151
vt 0.832209 0.543986
vt 0.836724 0.546638
vt 0.832261 0.536654
vt 0.838276 0.535119
vt 0.213572 0.560562
vt 0.222367 0.565342
vt 0.222368 0.553347
vt 0.206156 0.555799
vt 0.213578 0.550166
vt 0.222367 0.541290
vt 0.206178 0.547021
vt 0.213572 0.539704
vt 0.232466 0.570043
vt 0.200203 0.551151
vt 0.200254 0.543987
vt 0.206156 0.538144
vt 0.232466 0.542861
vt 0.232466 0.556485
vt 0.732274 0.590612
vt 0.732274 0.570225
vt 0.715698 0.572490
vt 0.715698 0.594003
vt 0.698271 0.574570
vt 0.732274 0.549739
vt 0.715698 0.550873
vt 0.698271 0.551914
vt 0.747926 0.586959
vt 0.698271 0.597116
vt 0.680064 0.599939
vt 0.680064 0.576456
vt 0.680064 0.552859
vt 0.747926 0.548518
vt 0.747926 0.567785
vt 0.494801 0.610706
vt 0.494801 0.583648
vt 0.473463 0.583298
vt 0.452308 0.609312
vt 0.473463 0.610182
vt 0.494801 0.556459
vt 0.473463 0.556284
vt 0.452308 0.555992
vt 0.516232 0.610882
vt 0.452308 0.582717
vt 0.516232 0.556517
vt 0.516232 0.583766
vt 0.256280 0.578925
vt 0.269882 0.583058
vt 0.269882 0.565179
vt 0.243790 0.574582
vt 0.256280 0.562418
vt 0.269882 0.547213
vt 0.243790 0.559516
vt 0.256280 0.545831
vt 0.284537 0.586959
vt 0.243790 0.544379
vt 0.284537 0.548518
vt 0.284537 0.567785
vt 0.788673 0.574582
vt 0.788673 0.559516
vt 0.776182 0.562419
vt 0.776182 0.578926
vt 0.762581 0.565179
vt 0.788673 0.544379
vt 0.776182 0.545831
vt 0.762581 0.547213
vt 0.799998 0.570043
vt 0.762581 0.583058
vt 0.799998 0.542861
vt 0.799998 0.556485
vt 0.559000 0.610182
vt 0.580156 0.609311
vt 0.580156 0.582717
vt 0.537661 0.610706
vt 0.559000 0.583298
vt 0.580156 0.555992
vt 0.537661 0.583648
vt 0.559000 0.556284
vt 0.601038 0.608099
vt 0.537661 0.556459
vt 0.601038 0.555587
vt 0.601038 0.581906
vt 0.334192 0.597116
vt 0.334192 0.574570
vt 0.316764 0.572490
vt 0.300188 0.590612
vt 0.316764 0.594003
vt 0.334192 0.551914
vt 0.300188 0.570225
vt 0.316764 0.550873
vt 0.352399 0.599939
vt 0.300188 0.549739
vt 0.826306 0.555799
vt 0.826284 0.547021
vt 0.818885 0.550166
vt 0.818892 0.560562
vt 0.810095 0.553347
vt 0.826306 0.538144
vt 0.818892 0.539704
vt 0.810096 0.541290
vt 0.810096 0.565342
vt 0.195909 0.541203
vt 0.194125 0.539774
vt 0.194188 0.544303
vt 0.195738 0.535367
vt 0.194188 0.535119
vt 0.195738 0.546637
vt 0.200203 0.536654
vt 0.661154 0.602458
vt 0.661153 0.578138
vt 0.641622 0.579612
vt 0.641622 0.604663
vt 0.621555 0.580869
vt 0.661153 0.553701
vt 0.641622 0.554439
vt 0.621555 0.606547
vt 0.621555 0.555068
s 1
usemtl Material.010
f 1/1/1 2/2/1 3/3/1
f 4/4/1 1/1/1 5/5/1
f 5/5/1 3/3/1 6/6/1
f 7/7/1 5/5/1 8/8/1
f 9/9/1 10/10/1 11/11/1
f 12/12/1 9/9/1 2/2/1
f 13/13/1 12/12/1 1/1/1
f 14/14/1 13/13/1 4/4/1
f 15/15/1 4/4/1 7/7/1
f 16/16/1 7/7/1 17/17/1
f 18/18/1 17/17/1 19/19/1
f 17/17/1 8/8/1 20/20/1
f 8/8/1 6/6/1 21/21/1
f 6/6/1 22/22/1 23/23/1
f 3/3/1 24/24/1 22/22/1
f 2/2/1 11/11/1 24/24/1
f 25/25/1 26/26/1 27/27/1
f 28/28/1 29/29/1 27/27/1
f 26/26/1 30/30/1 31/31/1
f 32/32/1 27/27/1 31/31/1
f 33/33/1 34/34/1 35/35/1
f 36/36/1 33/33/1 25/25/1
f 36/36/1 29/29/1 28/28/1
f 37/37/1 28/28/1 38/38/1
f 38/38/1 28/28/1 32/32/1
f 39/39/1 32/32/1 40/40/1
f 40/40/1 41/41/1 42/42/1
f 40/40/1 31/31/1 43/43/1
f 31/31/1 30/30/1 44/44/1
f 30/30/1 45/45/1 46/46/1
f 47/47/1 45/45/1 30/30/1
f 35/35/1 47/47/1 26/26/1
f 48/48/1 49/49/1 50/50/1
f 51/51/1 48/48/1 52/52/1
f 52/52/1 50/50/1 53/53/1
f 54/54/1 52/52/1 55/55/1
f 56/56/1 57/57/1 58/58/1
f 59/59/1 56/56/1 49/49/1
f 60/60/1 59/59/1 48/48/1
f 61/61/1 60/60/1 51/51/1
f 62/62/1 51/51/1 54/54/1
f 63/63/1 54/54/1 64/64/1
f 65/65/1 64/64/1 66/66/1
f 64/64/1 55/55/1 67/67/1
f 55/55/1 53/53/1 68/68/1
f 53/53/1 69/69/1 70/70/1
f 50/50/1 71/71/1 69/69/1
f 49/49/1 58/58/1 71/71/1
f 72/72/1 73/73/1 74/74/1
f 75/75/1 76/76/1 77/77/1
f 78/78/1 79/79/1 74/74/1
f 73/73/1 80/80/1 81/81/1
f 79/79/1 82/82/1 75/75/1
f 83/83/1 84/84/1 85/85/1
f 82/82/1 83/83/1 76/76/1
f 76/76/1 85/85/1 86/86/1
f 87/87/1 88/88/1 89/89/1
f 90/90/1 87/87/1 91/91/1
f 91/91/1 89/89/1 92/92/1
f 93/93/1 91/91/1 94/94/1
f 95/95/1 96/96/1 97/97/1
f 98/98/1 95/95/1 88/88/1
f 99/99/1 98/98/1 87/87/1
f 10/10/1 99/99/1 90/90/1
f 11/11/1 90/90/1 93/93/1
f 24/24/1 93/93/1 100/100/1
f 22/22/1 100/100/1 101/101/1
f 100/100/1 94/94/1 102/102/1
f 94/94/1 92/92/1 103/103/1
f 92/92/1 104/104/1 105/105/1
f 89/89/1 106/106/1 104/104/1
f 88/88/1 97/97/1 106/106/1
f 107/107/1 108/108/1 109/109/1
f 110/110/1 109/109/1 111/111/1
f 108/108/1 112/112/1 113/113/1
f 109/109/1 113/113/1 114/114/1
f 115/115/1 116/116/1 107/107/1
f 117/117/1 118/118/1 107/107/1
f 119/119/1 117/117/1 110/110/1
f 34/34/1 119/119/1 120/120/1
f 35/35/1 120/120/1 111/111/1
f 111/111/1 114/114/1 45/45/1
f 114/114/1 121/121/1 46/46/1
f 113/113/1 122/122/1 121/121/1
f 112/112/1 123/123/1 122/122/1
f 124/124/1 125/125/1 123/123/1
f 126/126/1 124/124/1 112/112/1
f 116/116/1 126/126/1 108/108/1
f 127/127/1 128/128/1 129/129/1
f 130/130/1 129/129/1 131/131/1
f 57/57/1 132/132/1 127/127/1
f 58/58/1 127/127/1 130/130/1
f 132/132/1 133/133/1 128/128/1
f 134/134/1 70/70/1 69/69/1
f 135/135/1 131/131/1 136/136/1
f 135/135/1 69/69/1 71/71/1
f 137/137/1 138/138/1 139/139/1
f 140/140/1 139/139/1 141/141/1
f 138/138/1 142/142/1 143/143/1
f 139/139/1 143/143/1 144/144/1
f 145/145/1 146/146/1 137/137/1
f 147/147/1 137/137/1 140/140/1
f 148/148/1 140/140/1 149/149/1
f 150/150/1 149/149/1 79/79/1
f 149/149/1 141/141/1 82/82/1
f 141/141/1 144/144/1 83/83/1
f 144/144/1 151/151/1 84/84/1
f 143/143/1 152/152/1 151/151/1
f 142/142/1 153/153/1 152/152/1
f 154/154/1 155/155/1 153/153/1
f 156/156/1 154/154/1 142/142/1
f 146/146/1 156/156/1 138/138/1
f 157/157/1 158/158/1 159/159/1
f 160/160/1 159/159/1 161/161/1
f 158/158/1 162/162/1 163/163/1
f 161/161/1 159/159/1 163/163/1
f 164/164/1 165/165/1 157/157/1
f 166/166/1 167/167/1 157/157/1
f 168/168/1 166/166/1 160/160/1
f 96/96/1 168/168/1 169/169/1
f 169/169/1 161/161/1 106/106/1
f 106/106/1 161/161/1 170/170/1
f 104/104/1 170/170/1 171/171/1
f 170/170/1 163/163/1 172/172/1
f 163/163/1 162/162/1 173/173/1
f 162/162/1 174/174/1 175/175/1
f 158/158/1 176/176/1 174/174/1
f 157/157/1 165/165/1 176/176/1
f 177/177/1 178/178/1 179/179/1
f 180/180/1 179/179/1 181/181/1
f 178/178/1 182/182/1 183/183/1
f 179/179/1 183/183/1 184/184/1
f 185/185/1 14/14/1 15/15/1
f 185/185/1 177/177/1 180/180/1
f 186/186/1 180/180/1 187/187/1
f 188/188/1 187/187/1 116/116/1
f 187/187/1 181/181/1 126/126/1
f 181/181/1 184/184/1 124/124/1
f 184/184/1 189/189/1 125/125/1
f 183/183/1 190/190/1 189/189/1
f 182/182/1 191/191/1 190/190/1
f 18/18/1 192/192/1 191/191/1
f 16/16/1 18/18/1 182/182/1
f 15/15/1 16/16/1 178/178/1
f 193/193/1 194/194/1 195/195/1
f 193/193/1 196/196/1 197/197/1
f 196/196/1 195/195/1 198/198/1
f 197/197/1 196/196/1 199/199/1
f 200/200/1 38/38/1 194/194/1
f 201/201/1 202/202/1 194/194/1
f 203/203/1 201/201/1 193/193/1
f 145/145/1 203/203/1 204/204/1
f 204/204/1 197/197/1 156/156/1
f 156/156/1 197/197/1 205/205/1
f 154/154/1 205/205/1 206/206/1
f 205/205/1 199/199/1 207/207/1
f 199/199/1 198/198/1 208/208/1
f 198/198/1 209/209/1 42/42/1
f 39/39/1 209/209/1 198/198/1
f 194/194/1 38/38/1 39/39/1
f 210/210/1 211/211/1 212/212/1
f 213/213/1 212/212/1 214/214/1
f 211/211/1 215/215/1 216/216/1
f 212/212/1 216/216/1 217/217/1
f 61/61/1 62/62/1 210/210/1
f 218/218/1 210/210/1 213/213/1
f 219/219/1 220/220/1 213/213/1
f 164/164/1 219/219/1 221/221/1
f 165/165/1 221/221/1 214/214/1
f 214/214/1 217/217/1 174/174/1
f 217/217/1 222/222/1 175/175/1
f 217/217/1 216/216/1 223/223/1
f 216/216/1 215/215/1 224/224/1
f 65/65/1 225/225/1 224/224/1
f 211/211/1 63/63/1 65/65/1
f 210/210/1 62/62/1 63/63/1
f 226/226/1 227/227/1 228/228/1
f 229/229/1 228/228/1 230/230/1
f 227/227/1 231/231/1 232/232/1
f 230/230/1 228/228/1 232/232/1
f 192/192/1 233/233/1 226/226/1
f 191/191/1 226/226/1 229/229/1
f 190/190/1 229/229/1 234/234/1
f 189/189/1 234/234/1 235/235/1
f 234/234/1 230/230/1 236/236/1
f 230/230/1 237/237/1 238/238/1
f 237/237/1 239/239/1 240/240/1
f 237/237/1 232/232/1 241/241/1
f 231/231/1 242/242/1 241/241/1
f 231/231/1 243/243/1 244/244/1
f 245/245/1 243/243/1 231/231/1
f 233/233/1 245/245/1 227/227/1
f 246/246/1 247/247/1 248/248/1
f 249/249/1 248/248/1 250/250/1
f 248/248/1 247/247/1 251/251/1
f 250/250/1 248/248/1 252/252/1
f 208/208/1 42/42/1 253/253/1
f 207/207/1 208/208/1 246/246/1
f 206/206/1 207/207/1 249/249/1
f 155/155/1 206/206/1 254/254/1
f 255/255/1 254/254/1 250/250/1
f 250/250/1 256/256/1 257/257/1
f 256/256/1 258/258/1 259/259/1
f 256/256/1 252/252/1 260/260/1
f 252/252/1 251/251/1 261/261/1
f 251/251/1 262/262/1 263/263/1
f 247/247/1 264/264/1 262/262/1
f 246/246/1 253/253/1 264/264/1
f 265/265/1 266/266/1 267/267/1
f 268/268/1 267/267/1 269/269/1
f 266/266/1 270/270/1 271/271/1
f 267/267/1 271/271/1 272/272/1
f 225/225/1 273/273/1 265/265/1
f 224/224/1 265/265/1 268/268/1
f 222/222/1 223/223/1 268/268/1
f 175/175/1 222/222/1 274/274/1
f 275/275/1 274/274/1 269/269/1
f 276/276/1 269/269/1 272/272/1
f 272/272/1 277/277/1 278/278/1
f 272/272/1 271/271/1 279/279/1
f 271/271/1 270/270/1 280/280/1
f 270/270/1 281/281/1 282/282/1
f 266/266/1 283/283/1 281/281/1
f 273/273/1 283/283/1 266/266/1
f 284/284/1 285/285/1 286/286/1
f 287/287/1 284/284/1 288/288/1
f 288/288/1 286/286/1 289/289/1
f 290/290/1 288/288/1 291/291/1
f 21/21/1 23/23/1 292/292/1
f 20/20/1 21/21/1 285/285/1
f 19/19/1 20/20/1 284/284/1
f 192/192/1 19/19/1 287/287/1
f 233/233/1 287/287/1 290/290/1
f 245/245/1 290/290/1 293/293/1
f 243/243/1 293/293/1 294/294/1
f 293/293/1 291/291/1 295/295/1
f 291/291/1 289/289/1 296/296/1
f 289/289/1 297/297/1 298/298/1
f 286/286/1 299/299/1 297/297/1
f 285/285/1 292/292/1 299/299/1
f 300/300/1 301/301/1 302/302/1
f 303/303/1 304/304/1 302/302/1
f 301/301/1 305/305/1 306/306/1
f 307/307/1 302/302/1 306/306/1
f 44/44/1 46/46/1 308/308/1
f 43/43/1 44/44/1 300/300/1
f 41/41/1 43/43/1 304/304/1
f 42/42/1 41/41/1 303/303/1
f 253/253/1 303/303/1 307/307/1
f 264/264/1 307/307/1 309/309/1
f 309/309/1 310/310/1 263/263/1
f 309/309/1 306/306/1 311/311/1
f 306/306/1 305/305/1 312/312/1
f 305/305/1 313/313/1 314/314/1
f 315/315/1 313/313/1 305/305/1
f 308/308/1 315/315/1 301/301/1
f 316/316/1 317/317/1 318/318/1
f 319/319/1 316/316/1 320/320/1
f 320/320/1 318/318/1 321/321/1
f 322/322/1 320/320/1 323/323/1
f 68/68/1 70/70/1 324/324/1
f 67/67/1 68/68/1 317/317/1
f 66/66/1 67/67/1 316/316/1
f 225/225/1 66/66/1 319/319/1
f 273/273/1 319/319/1 322/322/1
f 283/283/1 322/322/1 325/325/1
f 281/281/1 325/325/1 326/326/1
f 325/325/1 323/323/1 327/327/1
f 323/323/1 321/321/1 328/328/1
f 321/321/1 329/329/1 330/330/1
f 318/318/1 331/331/1 329/329/1
f 317/317/1 324/324/1 331/331/1
f 332/332/1 333/333/1 334/334/1
f 333/333/1 335/335/1 336/336/1
f 84/84/1 337/337/1 332/332/1
f 85/85/1 332/332/1 338/338/1
f 337/337/1 339/339/1 333/333/1
f 340/340/1 341/341/1 342/342/1
f 339/339/1 340/340/1 335/335/1
f 335/335/1 342/342/1 343/343/1
f 344/344/1 345/345/1 346/346/1
f 344/344/1 347/347/1 348/348/1
f 347/347/1 346/346/1 349/349/1
f 347/347/1 350/350/1 351/351/1
f 103/103/1 105/105/1 352/352/1
f 102/102/1 103/103/1 345/345/1
f 102/102/1 344/344/1 353/353/1
f 23/23/1 101/101/1 353/353/1
f 292/292/1 353/353/1 348/348/1
f 299/299/1 348/348/1 351/351/1
f 297/297/1 351/351/1 354/354/1
f 351/351/1 350/350/1 355/355/1
f 350/350/1 349/349/1 356/356/1
f 349/349/1 357/357/1 358/358/1
f 359/359/1 357/357/1 349/349/1
f 345/345/1 352/352/1 359/359/1
f 360/360/1 361/361/1 362/362/1
f 363/363/1 362/362/1 364/364/1
f 361/361/1 365/365/1 366/366/1
f 364/364/1 362/362/1 366/366/1
f 125/125/1 235/235/1 360/360/1
f 122/122/1 123/123/1 360/360/1
f 122/122/1 363/363/1 367/367/1
f 46/46/1 121/121/1 367/367/1
f 308/308/1 367/367/1 364/364/1
f 364/364/1 368/368/1 313/313/1
f 368/368/1 369/369/1 314/314/1
f 366/366/1 370/370/1 369/369/1
f 365/365/1 371/371/1 370/370/1
f 238/238/1 240/240/1 371/371/1
f 236/236/1 238/238/1 365/365/1
f 235/235/1 236/236/1 361/361/1
f 372/372/1 373/373/1 374/374/1
f 375/375/1 374/374/1 376/376/1
f 70/70/1 134/134/1 372/372/1
f 324/324/1 372/372/1 375/375/1
f 134/134/1 136/136/1 373/373/1
f 377/377/1 330/330/1 329/329/1
f 378/378/1 376/376/1 379/379/1
f 378/378/1 329/329/1 331/331/1
f 380/380/1 381/381/1 382/382/1
f 383/383/1 382/382/1 384/384/1
f 381/381/1 385/385/1 386/386/1
f 382/382/1 386/386/1 387/387/1
f 155/155/1 255/255/1 380/380/1
f 153/153/1 380/380/1 383/383/1
f 152/152/1 383/383/1 388/388/1
f 151/151/1 388/388/1 337/337/1
f 388/388/1 384/384/1 339/339/1
f 384/384/1 387/387/1 340/340/1
f 387/387/1 389/389/1 341/341/1
f 386/386/1 390/390/1 389/389/1
f 385/385/1 391/391/1 390/390/1
f 257/257/1 259/259/1 391/391/1
f 392/392/1 257/257/1 385/385/1
f 255/255/1 392/392/1 381/381/1
f 393/393/1 394/394/1 395/395/1
f 393/393/1 396/396/1 397/397/1
f 396/396/1 395/395/1 398/398/1
f 397/397/1 396/396/1 399/399/1
f 175/175/1 275/275/1 394/394/1
f 172/172/1 173/173/1 394/394/1
f 171/171/1 172/172/1 393/393/1
f 105/105/1 171/171/1 400/400/1
f 352/352/1 400/400/1 397/397/1
f 359/359/1 397/397/1 401/401/1
f 401/401/1 402/402/1 358/358/1
f 401/401/1 399/399/1 403/403/1
f 399/399/1 398/398/1 404/404/1
f 398/398/1 405/405/1 278/278/1
f 276/276/1 405/405/1 398/398/1
f 394/394/1 275/275/1 276/276/1
f 406/406/1 407/407/1 408/408/1
f 409/409/1 410/410/1 408/408/1
f 408/408/1 407/407/1 411/411/1
f 412/412/1 408/408/1 413/413/1
f 356/356/1 358/358/1 414/414/1
f 355/355/1 356/356/1 406/406/1
f 355/355/1 410/410/1 409/409/1
f 354/354/1 409/409/1 415/415/1
f 409/409/1 412/412/1 416/416/1
f 412/412/1 417/417/1 418/418/1
f 418/418/1 417/417/1 419/419/1
f 417/417/1 413/413/1 420/420/1
f 413/413/1 411/411/1 421/421/1
f 411/411/1 422/422/1 423/423/1
f 407/407/1 424/424/1 422/422/1
f 406/406/1 414/414/1 424/424/1
f 425/425/1 426/426/1 427/427/1
f 428/428/1 429/429/1 427/427/1
f 426/426/1 430/430/1 431/431/1
f 427/427/1 431/431/1 432/432/1
f 371/371/1 240/240/1 433/433/1
f 371/371/1 425/425/1 429/429/1
f 370/370/1 429/429/1 428/428/1
f 369/369/1 428/428/1 434/434/1
f 428/428/1 435/435/1 436/436/1
f 435/435/1 432/432/1 437/437/1
f 437/437/1 432/432/1 438/438/1
f 431/431/1 439/439/1 438/438/1
f 431/431/1 430/430/1 440/440/1
f 441/441/1 442/442/1 440/440/1
f 426/426/1 443/443/1 441/441/1
f 425/425/1 433/433/1 443/443/1
f 444/444/1 445/445/1 446/446/1
f 447/447/1 446/446/1 448/448/1
f 330/330/1 377/377/1 444/444/1
f 449/449/1 444/444/1 447/447/1
f 377/377/1 379/379/1 445/445/1
f 450/450/1 451/451/1 452/452/1
f 453/453/1 448/448/1 454/454/1
f 453/453/1 452/452/1 455/455/1
f 456/456/1 457/457/1 458/458/1
f 459/459/1 458/458/1 460/460/1
f 457/457/1 461/461/1 462/462/1
f 458/458/1 462/462/1 463/463/1
f 259/259/1 464/464/1 456/456/1
f 391/391/1 456/456/1 459/459/1
f 390/390/1 459/459/1 465/465/1
f 389/389/1 465/465/1 466/466/1
f 465/465/1 460/460/1 467/467/1
f 460/460/1 463/463/1 468/468/1
f 463/463/1 469/469/1 470/470/1
f 462/462/1 471/471/1 469/469/1
f 461/461/1 472/472/1 471/471/1
f 473/473/1 474/474/1 472/472/1
f 475/475/1 473/473/1 461/461/1
f 464/464/1 475/475/1 457/457/1
f 476/476/1 477/477/1 478/478/1
f 479/479/1 480/480/1 478/478/1
f 477/477/1 481/481/1 482/482/1
f 483/483/1 478/478/1 482/482/1
f 278/278/1 484/484/1 476/476/1
f 404/404/1 476/476/1 480/480/1
f 402/402/1 403/403/1 480/480/1
f 402/402/1 479/479/1 414/414/1
f 479/479/1 483/483/1 424/424/1
f 483/483/1 485/485/1 422/422/1
f 422/422/1 485/485/1 486/486/1
f 485/485/1 482/482/1 487/487/1
f 482/482/1 481/481/1 488/488/1
f 481/481/1 489/489/1 490/490/1
f 477/477/1 491/491/1 489/489/1
f 476/476/1 484/484/1 491/491/1
f 492/492/1 493/493/1 494/494/1
f 495/495/1 496/496/1 494/494/1
f 494/494/1 493/493/1 497/497/1
f 498/498/1 494/494/1 499/499/1
f 242/242/1 244/244/1 500/500/1
f 241/241/1 242/242/1 492/492/1
f 241/241/1 496/496/1 495/495/1
f 239/239/1 495/495/1 433/433/1
f 495/495/1 498/498/1 443/443/1
f 498/498/1 501/501/1 441/441/1
f 501/501/1 502/502/1 442/442/1
f 499/499/1 503/503/1 502/502/1
f 499/499/1 497/497/1 504/504/1
f 505/505/1 506/506/1 504/504/1
f 493/493/1 507/507/1 505/505/1
f 492/492/1 500/500/1 507/507/1
f 508/508/1 509/509/1 510/510/1
f 511/511/1 512/512/1 510/510/1
f 510/510/1 509/509/1 513/513/1
f 514/514/1 510/510/1 515/515/1
f 261/261/1 263/263/1 516/516/1
f 260/260/1 261/261/1 508/508/1
f 258/258/1 260/260/1 512/512/1
f 259/259/1 258/258/1 511/511/1
f 511/511/1 514/514/1 475/475/1
f 514/514/1 517/517/1 473/473/1
f 473/473/1 517/517/1 518/518/1
f 515/515/1 519/519/1 518/518/1
f 515/515/1 513/513/1 520/520/1
f 521/521/1 522/522/1 520/520/1
f 509/509/1 523/523/1 521/521/1
f 508/508/1 516/516/1 523/523/1
f 524/524/1 525/525/1 526/526/1
f 527/527/1 528/528/1 526/526/1
f 525/525/1 529/529/1 530/530/1
f 526/526/1 530/530/1 531/531/1
f 280/280/1 282/282/1 532/532/1
f 280/280/1 524/524/1 528/528/1
f 277/277/1 279/279/1 528/528/1
f 277/277/1 527/527/1 484/484/1
f 527/527/1 533/533/1 491/491/1
f 533/533/1 531/531/1 489/489/1
f 489/489/1 531/531/1 534/534/1
f 530/530/1 535/535/1 534/534/1
f 530/530/1 529/529/1 536/536/1
f 537/537/1 538/538/1 536/536/1
f 525/525/1 539/539/1 537/537/1
f 532/532/1 539/539/1 525/525/1
f 540/540/1 541/541/1 542/542/1
f 543/543/1 540/540/1 544/544/1
f 544/544/1 542/542/1 545/545/1
f 546/546/1 544/544/1 547/547/1
f 296/296/1 298/298/1 415/415/1
f 295/295/1 296/296/1 541/541/1
f 294/294/1 295/295/1 540/540/1
f 294/294/1 543/543/1 500/500/1
f 543/543/1 546/546/1 507/507/1
f 546/546/1 548/548/1 505/505/1
f 505/505/1 548/548/1 549/549/1
f 547/547/1 550/550/1 549/549/1
f 547/547/1 545/545/1 551/551/1
f 545/545/1 418/418/1 552/552/1
f 542/542/1 416/416/1 418/418/1
f 541/541/1 415/415/1 416/416/1
f 553/553/1 554/554/1 555/555/1
f 556/556/1 557/557/1 555/555/1
f 555/555/1 554/554/1 558/558/1
f 559/559/1 555/555/1 560/560/1
f 312/312/1 314/314/1 434/434/1
f 311/311/1 312/312/1 553/553/1
f 311/311/1 557/557/1 556/556/1
f 263/263/1 310/310/1 556/556/1
f 556/556/1 559/559/1 523/523/1
f 559/559/1 561/561/1 521/521/1
f 561/561/1 562/562/1 522/522/1
f 560/560/1 563/563/1 562/562/1
f 560/560/1 558/558/1 564/564/1
f 437/437/1 565/565/1 564/564/1
f 554/554/1 436/436/1 437/437/1
f 553/553/1 434/434/1 436/436/1
f 566/566/1 567/567/1 568/568/1
f 569/569/1 566/566/1 570/570/1
f 570/570/1 568/568/1 571/571/1
f 572/572/1 570/570/1 573/573/1
f 328/328/1 330/330/1 449/449/1
f 327/327/1 328/328/1 567/567/1
f 326/326/1 327/327/1 566/566/1
f 282/282/1 326/326/1 569/569/1
f 532/532/1 569/569/1 572/572/1
f 539/539/1 572/572/1 574/574/1
f 537/537/1 574/574/1 575/575/1
f 574/574/1 573/573/1 576/576/1
f 573/573/1 571/571/1 577/577/1
f 571/571/1 452/452/1 451/451/1
f 568/568/1 455/455/1 452/452/1
f 567/567/1 449/449/1 455/455/1
f 578/578/1 579/579/1 580/580/1
f 579/579/1 581/581/1 582/582/1
f 341/341/1 466/466/1 578/578/1
f 342/342/1 578/578/1 583/583/1
f 466/466/1 467/467/1 579/579/1
f 468/468/1 470/470/1 584/584/1
f 467/467/1 468/468/1 581/581/1
f 581/581/1 584/584/1 585/585/1
f 586/586/1 587/587/1 588/588/1
f 589/589/1 586/586/1 590/590/1
f 590/590/1 588/588/1 591/591/1
f 592/592/1 590/590/1 593/593/1
f 551/551/1 552/552/1 594/594/1
f 550/550/1 551/551/1 587/587/1
f 550/550/1 586/586/1 589/589/1
f 506/506/1 549/549/1 589/589/1
f 595/595/1 589/589/1 592/592/1
f 596/596/1 592/592/1 597/597/1
f 598/598/1 597/597/1 599/599/1
f 597/597/1 593/593/1 600/600/1
f 593/593/1 591/591/1 601/601/1
f 591/591/1 602/602/1 603/603/1
f 588/588/1 604/604/1 602/602/1
f 587/587/1 594/594/1 604/604/1
f 605/605/1 606/606/1 607/607/1
f 608/608/1 607/607/1 609/609/1
f 607/607/1 606/606/1 610/610/1
f 609/609/1 607/607/1 611/611/1
f 565/565/1 612/612/1 605/605/1
f 563/563/1 564/564/1 605/605/1
f 563/563/1 608/608/1 613/613/1
f 522/522/1 562/562/1 613/613/1
f 614/614/1 613/613/1 609/609/1
f 615/615/1 609/609/1 616/616/1
f 617/617/1 616/616/1 618/618/1
f 616/616/1 611/611/1 619/619/1
f 611/611/1 610/610/1 620/620/1
f 621/621/1 622/622/1 620/620/1
f 623/623/1 621/621/1 610/610/1
f 612/612/1 623/623/1 606/606/1
f 624/624/1 625/625/1 626/626/1
f 627/627/1 624/624/1 628/628/1
f 628/628/1 626/626/1 629/629/1
f 630/630/1 628/628/1 631/631/1
f 577/577/1 451/451/1 632/632/1
f 576/576/1 577/577/1 625/625/1
f 575/575/1 576/576/1 624/624/1
f 538/538/1 575/575/1 627/627/1
f 633/633/1 627/627/1 630/630/1
f 634/634/1 630/630/1 635/635/1
f 636/636/1 635/635/1 637/637/1
f 635/635/1 631/631/1 638/638/1
f 631/631/1 629/629/1 639/639/1
f 629/629/1 640/640/1 641/641/1
f 626/626/1 642/642/1 640/640/1
f 625/625/1 632/632/1 642/642/1
f 643/643/1 644/644/1 645/645/1
f 644/644/1 646/646/1 647/647/1
f 470/470/1 648/648/1 643/643/1
f 584/584/1 643/643/1 649/649/1
f 648/648/1 650/650/1 644/644/1
f 651/651/1 652/652/1 653/653/1
f 650/650/1 651/651/1 646/646/1
f 646/646/1 653/653/1 654/654/1
f 655/655/1 656/656/1 657/657/1
f 658/658/1 655/655/1 659/659/1
f 659/659/1 657/657/1 660/660/1
f 661/661/1 659/659/1 662/662/1
f 421/421/1 423/423/1 663/663/1
f 420/420/1 421/421/1 656/656/1
f 420/420/1 655/655/1 658/658/1
f 552/552/1 419/419/1 658/658/1
f 594/594/1 658/658/1 661/661/1
f 604/604/1 661/661/1 664/664/1
f 602/602/1 664/664/1 665/665/1
f 664/664/1 662/662/1 666/666/1
f 662/662/1 660/660/1 667/667/1
f 660/660/1 668/668/1 669/669/1
f 670/670/1 668/668/1 660/660/1
f 656/656/1 663/663/1 670/670/1
f 671/671/1 672/672/1 673/673/1
f 674/674/1 673/673/1 675/675/1
f 672/672/1 676/676/1 677/677/1
f 675/675/1 673/673/1 677/677/1
f 442/442/1 678/678/1 671/671/1
f 439/439/1 440/440/1 671/671/1
f 439/439/1 674/674/1 679/679/1
f 565/565/1 438/438/1 679/679/1
f 679/679/1 675/675/1 623/623/1
f 623/623/1 675/675/1 680/680/1
f 680/680/1 681/681/1 622/622/1
f 677/677/1 682/682/1 681/681/1
f 676/676/1 683/683/1 682/682/1
f 684/684/1 685/685/1 683/683/1
f 686/686/1 684/684/1 676/676/1
f 678/678/1 686/686/1 672/672/1
f 687/687/1 688/688/1 689/689/1
f 690/690/1 689/689/1 691/691/1
f 451/451/1 450/450/1 687/687/1
f 632/632/1 687/687/1 690/690/1
f 450/450/1 454/454/1 688/688/1
f 692/692/1 641/641/1 640/640/1
f 693/693/1 691/691/1 694/694/1
f 693/693/1 640/640/1 642/642/1
f 695/695/1 696/696/1 697/697/1
f 698/698/1 697/697/1 699/699/1
f 696/696/1 700/700/1 701/701/1
f 697/697/1 701/701/1 702/702/1
f 474/474/1 703/703/1 695/695/1
f 472/472/1 695/695/1 698/698/1
f 471/471/1 698/698/1 704/704/1
f 469/469/1 704/704/1 648/648/1
f 704/704/1 699/699/1 650/650/1
f 699/699/1 702/702/1 651/651/1
f 702/702/1 705/705/1 652/652/1
f 701/701/1 706/706/1 705/705/1
f 700/700/1 707/707/1 706/706/1
f 708/708/1 709/709/1 707/707/1
f 710/710/1 708/708/1 700/700/1
f 703/703/1 710/710/1 696/696/1
f 711/711/1 712/712/1 713/713/1
f 714/714/1 713/713/1 715/715/1
f 712/712/1 716/716/1 717/717/1
f 715/715/1 713/713/1 717/717/1
f 490/490/1 718/718/1 711/711/1
f 487/487/1 488/488/1 711/711/1
f 487/487/1 714/714/1 719/719/1
f 423/423/1 486/486/1 719/719/1
f 719/719/1 715/715/1 670/670/1
f 670/670/1 715/715/1 720/720/1
f 668/668/1 720/720/1 721/721/1
f 717/717/1 722/722/1 721/721/1
f 717/717/1 716/716/1 723/723/1
f 724/724/1 725/725/1 723/723/1
f 712/712/1 726/726/1 724/724/1
f 711/711/1 718/718/1 726/726/1
f 727/727/1 728/728/1 729/729/1
f 730/730/1 729/729/1 731/731/1
f 728/728/1 732/732/1 733/733/1
f 729/729/1 733/733/1 734/734/1
f 506/506/1 595/595/1 727/727/1
f 504/504/1 727/727/1 730/730/1
f 502/502/1 503/503/1 730/730/1
f 502/502/1 735/735/1 678/678/1
f 735/735/1 731/731/1 686/686/1
f 686/686/1 731/731/1 734/734/1
f 734/734/1 736/736/1 685/685/1
f 733/733/1 737/737/1 736/736/1
f 733/733/1 732/732/1 738/738/1
f 732/732/1 598/598/1 739/739/1
f 728/728/1 596/596/1 598/598/1
f 595/595/1 596/596/1 728/728/1
f 740/740/1 741/741/1 742/742/1
f 743/743/1 740/740/1 744/744/1
f 744/744/1 742/742/1 745/745/1
f 746/746/1 744/744/1 747/747/1
f 520/520/1 522/522/1 614/614/1
f 519/519/1 520/520/1 741/741/1
f 518/518/1 519/519/1 740/740/1
f 474/474/1 518/518/1 743/743/1
f 703/703/1 743/743/1 746/746/1
f 746/746/1 748/748/1 708/708/1
f 748/748/1 749/749/1 709/709/1
f 748/748/1 747/747/1 750/750/1
f 747/747/1 745/745/1 751/751/1
f 745/745/1 617/617/1 752/752/1
f 742/742/1 615/615/1 617/617/1
f 741/741/1 614/614/1 615/615/1
f 753/753/1 754/754/1 755/755/1
f 756/756/1 757/757/1 755/755/1
f 754/754/1 758/758/1 759/759/1
f 755/755/1 759/759/1 760/760/1
f 538/538/1 633/633/1 753/753/1
f 535/535/1 536/536/1 753/753/1
f 535/535/1 757/757/1 756/756/1
f 490/490/1 534/534/1 756/756/1
f 756/756/1 761/761/1 726/726/1
f 761/761/1 760/760/1 724/724/1
f 760/760/1 762/762/1 725/725/1
f 759/759/1 763/763/1 762/762/1
f 759/759/1 758/758/1 764/764/1
f 636/636/1 765/765/1 764/764/1
f 634/634/1 636/636/1 758/758/1
f 753/753/1 633/633/1 634/634/1
f 766/766/1 767/767/1 768/768/1
f 769/769/1 768/768/1 770/770/1
f 768/768/1 767/767/1 771/771/1
f 770/770/1 768/768/1 772/772/1
f 723/723/1 725/725/1 773/773/1
f 722/722/1 723/723/1 766/766/1
f 721/721/1 722/722/1 769/769/1
f 721/721/1 774/774/1 775/775/1
f 774/774/1 770/770/1 776/776/1
f 776/776/1 770/770/1 777/777/1
f 778/778/1 779/779/1 780/780/1
f 777/777/1 772/772/1 781/781/1
f 772/772/1 771/771/1 782/782/1
f 783/783/1 784/784/1 782/782/1
f 785/785/1 783/783/1 771/771/1
f 766/766/1 773/773/1 785/785/1
f 786/786/1 787/787/1 788/788/1
f 786/786/1 789/789/1 790/790/1
f 788/788/1 791/791/1 792/792/1
f 789/789/1 792/792/1 793/793/1
f 738/738/1 739/739/1 794/794/1
f 737/737/1 738/738/1 787/787/1
f 737/737/1 786/786/1 795/795/1
f 736/736/1 795/795/1 796/796/1
f 795/795/1 790/790/1 797/797/1
f 797/797/1 790/790/1 793/793/1
f 798/798/1 799/799/1 800/800/1
f 792/792/1 801/801/1 798/798/1
f 791/791/1 802/802/1 801/801/1
f 803/803/1 804/804/1 802/802/1
f 805/805/1 803/803/1 791/791/1
f 787/787/1 794/794/1 805/805/1
f 806/806/1 807/807/1 808/808/1
f 809/809/1 806/806/1 810/810/1
f 810/810/1 808/808/1 811/811/1
f 812/812/1 810/810/1 813/813/1
f 751/751/1 752/752/1 814/814/1
f 750/750/1 751/751/1 807/807/1
f 749/749/1 750/750/1 806/806/1
f 709/709/1 749/749/1 809/809/1
f 815/815/1 809/809/1 812/812/1
f 812/812/1 816/816/1 817/817/1
f 816/816/1 818/818/1 819/819/1
f 820/820/1 818/818/1 816/816/1
f 811/811/1 821/821/1 820/820/1
f 822/822/1 823/823/1 821/821/1
f 824/824/1 822/822/1 811/811/1
f 807/807/1 814/814/1 824/824/1
f 825/825/1 826/826/1 827/827/1
f 828/828/1 829/829/1 827/827/1
f 827/827/1 826/826/1 830/830/1
f 827/827/1 831/831/1 832/832/1
f 765/765/1 833/833/1 825/825/1
f 763/763/1 764/764/1 825/825/1
f 763/763/1 829/829/1 828/828/1
f 762/762/1 828/828/1 773/773/1
f 828/828/1 834/834/1 785/785/1
f 785/785/1 834/834/1 832/832/1
f 832/832/1 835/835/1 784/784/1
f 831/831/1 836/836/1 835/835/1
f 837/837/1 836/836/1 831/831/1
f 838/838/1 839/839/1 837/837/1
f 840/840/1 838/838/1 830/830/1
f 833/833/1 840/840/1 826/826/1
f 841/841/1 842/842/1 843/843/1
f 844/844/1 841/841/1 845/845/1
f 845/845/1 843/843/1 846/846/1
f 847/847/1 845/845/1 848/848/1
f 603/603/1 849/849/1 842/842/1
f 600/600/1 601/601/1 842/842/1
f 599/599/1 600/600/1 841/841/1
f 739/739/1 599/599/1 844/844/1
f 794/794/1 844/844/1 847/847/1
f 805/805/1 847/847/1 850/850/1
f 851/851/1 804/804/1 803/803/1
f 852/852/1 851/851/1 850/850/1
f 853/853/1 852/852/1 848/848/1
f 854/854/1 855/855/1 853/853/1
f 843/843/1 856/856/1 854/854/1
f 842/842/1 849/849/1 856/856/1
f 857/857/1 858/858/1 859/859/1
f 860/860/1 861/861/1 859/859/1
f 858/858/1 862/862/1 863/863/1
f 864/864/1 859/859/1 863/863/1
f 622/622/1 865/865/1 857/857/1
f 619/619/1 620/620/1 857/857/1
f 619/619/1 861/861/1 860/860/1
f 618/618/1 860/860/1 814/814/1
f 814/814/1 860/860/1 864/864/1
f 824/824/1 864/864/1 866/866/1
f 867/867/1 823/823/1 822/822/1
f 863/863/1 868/868/1 867/867/1
f 862/862/1 869/869/1 868/868/1
f 870/870/1 871/871/1 869/869/1
f 872/872/1 870/870/1 862/862/1
f 865/865/1 872/872/1 858/858/1
f 873/873/1 874/874/1 875/875/1
f 876/876/1 873/873/1 877/877/1
f 877/877/1 875/875/1 878/878/1
f 879/879/1 877/877/1 880/880/1
f 639/639/1 641/641/1 881/881/1
f 638/638/1 639/639/1 874/874/1
f 637/637/1 638/638/1 873/873/1
f 765/765/1 637/637/1 876/876/1
f 833/833/1 876/876/1 879/879/1
f 840/840/1 879/879/1 882/882/1
f 883/883/1 839/839/1 838/838/1
f 882/882/1 884/884/1 885/885/1
f 880/880/1 878/878/1 886/886/1
f 878/878/1 887/887/1 888/888/1
f 875/875/1 889/889/1 887/887/1
f 874/874/1 881/881/1 889/889/1
f 890/890/1 891/891/1 892/892/1
f 891/891/1 893/893/1 894/894/1
f 652/652/1 895/895/1 890/890/1
f 653/653/1 890/890/1 896/896/1
f 895/895/1 897/897/1 891/891/1
f 898/898/1 899/899/1 900/900/1
f 897/897/1 898/898/1 893/893/1
f 893/893/1 900/900/1 901/901/1
f 902/902/1 903/903/1 904/904/1
f 905/905/1 902/902/1 906/906/1
f 904/904/1 907/907/1 908/908/1
f 909/909/1 906/906/1 908/908/1
f 667/667/1 669/669/1 775/775/1
f 666/666/1 667/667/1 903/903/1
f 665/665/1 666/666/1 902/902/1
f 603/603/1 665/665/1 905/905/1
f 849/849/1 905/905/1 909/909/1
f 856/856/1 909/909/1 910/910/1
f 911/911/1 855/855/1 854/854/1
f 910/910/1 908/908/1 912/912/1
f 907/907/1 913/913/1 912/912/1
f 780/780/1 779/779/1 913/913/1
f 776/776/1 780/780/1 907/907/1
f 903/903/1 775/775/1 776/776/1
f 914/914/1 915/915/1 916/916/1
f 917/917/1 918/918/1 916/916/1
f 915/915/1 919/919/1 920/920/1
f 916/916/1 920/920/1 921/921/1
f 685/685/1 796/796/1 914/914/1
f 683/683/1 914/914/1 918/918/1
f 682/682/1 918/918/1 917/917/1
f 622/622/1 681/681/1 917/917/1
f 917/917/1 922/922/1 872/872/1
f 872/872/1 922/922/1 921/921/1
f 923/923/1 871/871/1 870/870/1
f 920/920/1 924/924/1 923/923/1
f 925/925/1 924/924/1 920/920/1
f 800/800/1 799/799/1 925/925/1
f 797/797/1 800/800/1 919/919/1
f 796/796/1 797/797/1 915/915/1
f 926/926/1 927/927/1 928/928/1
f 929/929/1 928/928/1 930/930/1
f 641/641/1 692/692/1 926/926/1
f 881/881/1 926/926/1 929/929/1
f 692/692/1 694/694/1 927/927/1
f 931/931/1 888/888/1 887/887/1
f 932/932/1 930/930/1 933/933/1
f 932/932/1 887/887/1 889/889/1
f 934/934/1 935/935/1 936/936/1
f 937/937/1 936/936/1 938/938/1
f 935/935/1 939/939/1 940/940/1
f 936/936/1 940/940/1 941/941/1
f 709/709/1 815/815/1 934/934/1
f 707/707/1 934/934/1 937/937/1
f 706/706/1 937/937/1 942/942/1
f 705/705/1 942/942/1 895/895/1
f 942/942/1 938/938/1 897/897/1
f 938/938/1 941/941/1 898/898/1
f 941/941/1 943/943/1 899/899/1
f 940/940/1 944/944/1 943/943/1
f 945/945/1 944/944/1 939/939/1
f 817/817/1 819/819/1 946/946/1
f 947/947/1 817/817/1 939/939/1
f 815/815/1 947/947/1 935/935/1
f 948/948/1 949/949/1 950/950/1
f 949/949/1 951/951/1 952/952/1
f 899/899/1 953/953/1 948/948/1
f 900/900/1 948/948/1 954/954/1
f 953/953/1 955/955/1 949/949/1
f 956/956/1 957/957/1 958/958/1
f 956/956/1 951/951/1 955/955/1
f 951/951/1 958/958/1 959/959/1
f 960/960/1 961/961/1 962/962/1
f 963/963/1 962/962/1 964/964/1
f 888/888/1 931/931/1 960/960/1
f 965/965/1 960/960/1 963/963/1
f 931/931/1 933/933/1 961/961/1
f 966/966/1 967/967/1 968/968/1
f 969/969/1 964/964/1 970/970/1
f 969/969/1 971/971/1 963/963/1
f 972/972/1 973/973/1 974/974/1
f 975/975/1 944/944/1 945/945/1
f 944/944/1 973/973/1 943/943/1
f 943/943/1 973/973/1 953/953/1
f 973/973/1 955/955/1 953/953/1
f 976/976/1 955/955/1 977/977/1
f 965/965/1 886/886/1 888/888/1
f 884/884/1 886/886/1 978/978/1
f 884/884/1 979/979/1 885/885/1
f 980/980/1 981/981/1 971/971/1
f 971/971/1 981/981/1 982/982/1
f 983/983/1 984/984/1 985/985/1
f 984/984/1 986/986/1 987/987/1
f 983/983/1 958/958/1 957/957/1
f 958/958/1 983/983/1 988/988/1
f 989/989/1 983/983/1 990/990/1
f 986/986/1 991/991/1 992/992/1
f 993/993/1 994/994/1 995/995/1
f 996/996/1 997/997/1 995/995/1
f 993/993/1 998/998/1 967/967/1
f 993/993/1 999/999/1 998/998/1
f 966/966/1 970/970/1 1000/1000/1
f 1001/1001/1 1002/1002/1 997/997/1
f 1003/1003/1 992/992/1 991/991/1
f 1001/1001/1 1004/1004/1 1002/1002/1
f 1005/1005/1 1006/1006/1 1007/1007/1
f 1008/1008/1 1009/1009/1 1010/1010/1
f 1011/1011/1 1012/1012/1 1013/1013/1
f 1012/1012/1 1011/1011/1 1014/1014/1
f 1009/1009/1 1008/1008/1 1015/1015/1
f 1014/1014/1 1016/1016/1 1017/1017/1
f 1014/1014/1 1018/1018/1 1016/1016/1
f 1019/1019/1 1020/1020/1 1021/1021/1
f 1022/1022/1 1023/1023/1 1024/1024/1
f 1025/1025/1 1026/1026/1 1027/1027/1
f 1028/1028/1 1029/1029/1 1023/1023/1
f 1024/1024/1 1007/1007/1 1006/1006/1
f 1027/1027/1 1030/1030/1 1031/1031/1
f 1026/1026/1 1032/1032/1 1030/1030/1
f 1023/1023/1 1027/1027/1 1033/1033/1
f 1034/1034/1 1035/1035/1 1036/1036/1
f 1035/1035/1 1037/1037/1 1038/1038/1
f 1037/1037/1 1039/1039/1 1040/1040/1
f 1037/1037/1 1041/1041/1 1042/1042/1
f 1037/1037/1 1035/1035/1 1043/1043/1
f 1034/1034/1 1044/1044/1 1043/1043/1
f 1034/1034/1 1045/1045/1 1046/1046/1
f 1045/1045/1 1034/1034/1 1047/1047/1
f 1048/1048/1 1049/1049/1 1050/1050/1
f 1049/1049/1 1051/1051/1 1052/1052/1
f 1051/1051/1 1053/1053/1 1054/1054/1
f 1051/1051/1 1055/1055/1 1056/1056/1
f 1049/1049/1 1057/1057/1 1055/1055/1
f 1048/1048/1 1058/1058/1 1057/1057/1
f 1059/1059/1 1060/1060/1 1058/1058/1
f 1059/1059/1 1048/1048/1 1061/1061/1
f 1062/1062/1 1063/1063/1 1064/1064/1
f 1063/1063/1 1065/1065/1 1066/1066/1
f 1065/1065/1 1067/1067/1 1068/1068/1
f 1067/1067/1 1065/1065/1 1069/1069/1
f 1065/1065/1 1063/1063/1 1070/1070/1
f 1062/1062/1 1071/1071/1 1070/1070/1
f 1062/1062/1 1072/1072/1 1073/1073/1
f 1072/1072/1 1062/1062/1 1074/1074/1
f 1075/1075/1 1076/1076/1 1077/1077/1
f 1076/1076/1 1078/1078/1 1079/1079/1
f 1078/1078/1 1045/1045/1 1080/1080/1
f 1078/1078/1 1081/1081/1 1046/1046/1
f 1078/1078/1 1076/1076/1 1082/1082/1
f 1075/1075/1 1083/1083/1 1082/1082/1
f 1075/1075/1 1084/1084/1 1085/1085/1
f 1084/1084/1 1075/1075/1 1086/1086/1
f 1087/1087/1 1088/1088/1 1089/1089/1
f 1090/1090/1 1091/1091/1 1088/1088/1
f 1092/1092/1 1093/1093/1 1094/1094/1
f 1059/1059/1 1095/1095/1 1091/1091/1
f 1090/1090/1 1096/1096/1 1060/1060/1
f 1087/1087/1 1097/1097/1 1096/1096/1
f 1098/1098/1 1099/1099/1 1097/1097/1
f 1100/1100/1 1101/1101/1 1099/1099/1
f 1102/1102/1 1103/1103/1 1098/1098/1
f 1102/1102/1 1093/1093/1 1092/1092/1
f 1104/1104/1 1105/1105/1 1106/1106/1
f 1107/1107/1 1108/1108/1 1105/1105/1
f 1109/1109/1 1017/1017/1 1110/1110/1
f 1111/1111/1 1106/1106/1 1020/1020/1
f 1111/1111/1 1109/1109/1 1112/1112/1
f 1113/1113/1 1114/1114/1 1107/1107/1
f 1115/1115/1 1107/1107/1 1104/1104/1
f 1114/1114/1 1116/1116/1 1108/1108/1
f 1117/1117/1 1118/1118/1 1119/1119/1
f 1118/1118/1 1120/1120/1 1121/1121/1
f 1120/1120/1 1072/1072/1 1122/1122/1
f 1072/1072/1 1120/1120/1 1123/1123/1
f 1120/1120/1 1118/1118/1 1124/1124/1
f 1118/1118/1 1117/1117/1 1125/1125/1
f 1117/1117/1 1126/1126/1 1127/1127/1
f 1126/1126/1 1117/1117/1 1128/1128/1
f 1129/1129/1 1130/1130/1 1131/1131/1
f 1130/1130/1 1132/1132/1 1133/1133/1
f 1132/1132/1 1084/1084/1 1134/1134/1
f 1132/1132/1 1135/1135/1 1085/1085/1
f 1132/1132/1 1130/1130/1 1136/1136/1
f 1129/1129/1 1137/1137/1 1136/1136/1
f 1129/1129/1 1138/1138/1 1139/1139/1
f 1138/1138/1 1129/1129/1 1140/1140/1
f 1141/1141/1 1142/1142/1 1143/1143/1
f 1142/1142/1 1144/1144/1 1145/1145/1
f 1031/1031/1 1030/1030/1 1092/1092/1
f 1103/1103/1 1092/1092/1 1146/1146/1
f 1032/1032/1 1141/1141/1 1146/1146/1
f 1101/1101/1 1100/1100/1 1145/1145/1
f 1144/1144/1 1147/1147/1 1148/1148/1
f 1100/1100/1 1103/1103/1 1143/1143/1
f 1149/1149/1 1150/1150/1 1151/1151/1
f 1150/1150/1 1152/1152/1 1153/1153/1
f 1109/1109/1 1110/1110/1 1154/1154/1
f 1109/1109/1 1154/1154/1 1155/1155/1
f 1152/1152/1 1155/1155/1 1153/1153/1
f 1115/1115/1 1152/1152/1 1156/1156/1
f 1152/1152/1 1150/1150/1 1157/1157/1
f 1150/1150/1 1149/1149/1 1158/1158/1
f 1149/1149/1 1039/1039/1 1042/1042/1
f 1039/1039/1 1149/1149/1 1159/1159/1
f 1160/1160/1 1161/1161/1 1162/1162/1
f 1161/1161/1 1163/1163/1 1164/1164/1
f 1126/1126/1 1165/1165/1 1164/1164/1
f 1163/1163/1 1166/1166/1 1127/1127/1
f 1163/1163/1 1161/1161/1 1167/1167/1
f 1161/1161/1 1160/1160/1 1168/1168/1
f 1160/1160/1 1053/1053/1 1056/1056/1
f 1053/1053/1 1160/1160/1 1169/1169/1
f 1170/1170/1 1171/1171/1 1172/1172/1
f 1170/1170/1 1173/1173/1 1174/1174/1
f 1173/1173/1 1138/1138/1 1175/1175/1
f 1173/1173/1 1176/1176/1 1139/1139/1
f 1173/1173/1 1170/1170/1 1177/1177/1
f 1178/1178/1 1179/1179/1 1177/1177/1
f 1178/1178/1 1067/1067/1 1180/1180/1
f 1067/1067/1 1178/1178/1 1172/1172/1
f 1181/1181/1 1182/1182/1 1183/1183/1
f 1181/1181/1 1184/1184/1 1185/1185/1
f 1183/1183/1 1186/1186/1 1187/1187/1
f 1184/1184/1 1187/1187/1 1188/1188/1
f 1137/1137/1 1139/1139/1 1189/1189/1
f 1137/1137/1 1182/1182/1 1181/1181/1
f 1136/1136/1 1181/1181/1 1190/1190/1
f 1135/1135/1 1190/1190/1 1191/1191/1
f 1191/1191/1 1190/1190/1 1185/1185/1
f 1185/1185/1 1188/1188/1 1192/1192/1
f 1192/1192/1 1188/1188/1 1193/1193/1
f 1187/1187/1 1194/1194/1 1193/1193/1
f 1186/1186/1 1195/1195/1 1194/1194/1
f 1186/1186/1 1196/1196/1 1197/1197/1
f 1183/1183/1 1198/1198/1 1196/1196/1
f 1182/1182/1 1189/1189/1 1198/1198/1
f 1199/1199/1 1200/1200/1 1201/1201/1
f 1200/1200/1 1202/1202/1 1203/1203/1
f 1204/1204/1 1101/1101/1 1148/1148/1
f 1205/1205/1 1204/1204/1 1206/1206/1
f 1147/1147/1 1199/1199/1 1206/1206/1
f 1207/1207/1 1208/1208/1 1203/1203/1
f 1202/1202/1 1209/1209/1 1210/1210/1
f 1208/1208/1 1205/1205/1 1201/1201/1
f 1211/1211/1 1212/1212/1 1213/1213/1
f 1214/1214/1 1211/1211/1 1215/1215/1
f 1215/1215/1 1213/1213/1 1216/1216/1
f 1217/1217/1 1215/1215/1 1218/1218/1
f 1158/1158/1 1042/1042/1 1219/1219/1
f 1157/1157/1 1158/1158/1 1212/1212/1
f 1156/1156/1 1157/1157/1 1211/1211/1
f 1113/1113/1 1156/1156/1 1214/1214/1
f 1220/1220/1 1214/1214/1 1217/1217/1
f 1221/1221/1 1217/1217/1 1222/1222/1
f 1223/1223/1 1222/1222/1 1224/1224/1
f 1222/1222/1 1218/1218/1 1225/1225/1
f 1218/1218/1 1216/1216/1 1226/1226/1
f 1216/1216/1 1227/1227/1 1228/1228/1
f 1213/1213/1 1229/1229/1 1227/1227/1
f 1212/1212/1 1219/1219/1 1229/1229/1
f 1230/1230/1 1231/1231/1 1232/1232/1
f 1233/1233/1 1234/1234/1 1232/1232/1
f 1231/1231/1 1235/1235/1 1236/1236/1
f 1232/1232/1 1236/1236/1 1237/1237/1
f 1056/1056/1 1238/1238/1 1230/1230/1
f 1168/1168/1 1230/1230/1 1234/1234/1
f 1166/1166/1 1167/1167/1 1234/1234/1
f 1127/1127/1 1166/1166/1 1233/1233/1
f 1239/1239/1 1233/1233/1 1240/1240/1
f 1240/1240/1 1237/1237/1 1241/1241/1
f 1241/1241/1 1237/1237/1 1242/1242/1
f 1237/1237/1 1236/1236/1 1243/1243/1
f 1236/1236/1 1235/1235/1 1244/1244/1
f 1245/1245/1 1246/1246/1 1244/1244/1
f 1247/1247/1 1245/1245/1 1235/1235/1
f 1238/1238/1 1247/1247/1 1231/1231/1
f 1248/1248/1 1249/1249/1 1250/1250/1
f 1251/1251/1 1252/1252/1 1250/1250/1
f 1249/1249/1 1253/1253/1 1254/1254/1
f 1250/1250/1 1254/1254/1 1255/1255/1
f 1179/1179/1 1180/1180/1 1256/1256/1
f 1179/1179/1 1248/1248/1 1252/1252/1
f 1176/1176/1 1177/1177/1 1252/1252/1
f 1176/1176/1 1251/1251/1 1189/1189/1
f 1251/1251/1 1257/1257/1 1198/1198/1
f 1257/1257/1 1255/1255/1 1196/1196/1
f 1255/1255/1 1258/1258/1 1197/1197/1
f 1254/1254/1 1259/1259/1 1258/1258/1
f 1253/1253/1 1260/1260/1 1259/1259/1
f 1261/1261/1 1262/1262/1 1260/1260/1
f 1263/1263/1 1261/1261/1 1253/1253/1
f 1248/1248/1 1256/1256/1 1263/1263/1
f 1264/1264/1 1265/1265/1 1266/1266/1
f 1264/1264/1 1267/1267/1 1268/1268/1
f 1267/1267/1 1266/1266/1 1269/1269/1
f 1267/1267/1 1270/1270/1 1271/1271/1
f 1044/1044/1 1046/1046/1 1272/1272/1
f 1044/1044/1 1265/1265/1 1264/1264/1
f 1041/1041/1 1043/1043/1 1264/1264/1
f 1041/1041/1 1273/1273/1 1219/1219/1
f 1219/1219/1 1273/1273/1 1268/1268/1
f 1268/1268/1 1271/1271/1 1227/1227/1
f 1227/1227/1 1271/1271/1 1274/1274/1
f 1271/1271/1 1270/1270/1 1275/1275/1
f 1270/1270/1 1269/1269/1 1276/1276/1
f 1269/1269/1 1277/1277/1 1278/1278/1
f 1266/1266/1 1279/1279/1 1277/1277/1
f 1265/1265/1 1272/1272/1 1279/1279/1
f 1280/1280/1 1281/1281/1 1282/1282/1
f 1283/1283/1 1284/1284/1 1282/1282/1
f 1281/1281/1 1285/1285/1 1286/1286/1
f 1282/1282/1 1286/1286/1 1287/1287/1
f 1060/1060/1 1288/1288/1 1280/1280/1
f 1058/1058/1 1280/1280/1 1284/1284/1
f 1055/1055/1 1057/1057/1 1284/1284/1
f 1056/1056/1 1055/1055/1 1283/1283/1
f 1238/1238/1 1283/1283/1 1289/1289/1
f 1289/1289/1 1287/1287/1 1245/1245/1
f 1245/1245/1 1287/1287/1 1290/1290/1
f 1286/1286/1 1291/1291/1 1290/1290/1
f 1286/1286/1 1285/1285/1 1292/1292/1
f 1293/1293/1 1294/1294/1 1292/1292/1
f 1281/1281/1 1295/1295/1 1293/1293/1
f 1288/1288/1 1295/1295/1 1281/1281/1
f 1296/1296/1 1297/1297/1 1298/1298/1
f 1299/1299/1 1296/1296/1 1300/1300/1
f 1300/1300/1 1298/1298/1 1301/1301/1
f 1302/1302/1 1300/1300/1 1303/1303/1
f 1071/1071/1 1073/1073/1 1304/1304/1
f 1071/1071/1 1297/1297/1 1296/1296/1
f 1070/1070/1 1296/1296/1 1299/1299/1
f 1069/1069/1 1299/1299/1 1256/1256/1
f 1256/1256/1 1299/1299/1 1302/1302/1
f 1263/1263/1 1302/1302/1 1305/1305/1
f 1261/1261/1 1305/1305/1 1306/1306/1
f 1305/1305/1 1303/1303/1 1307/1307/1
f 1303/1303/1 1301/1301/1 1308/1308/1
f 1309/1309/1 1310/1310/1 1308/1308/1
f 1298/1298/1 1311/1311/1 1309/1309/1
f 1297/1297/1 1304/1304/1 1311/1311/1
f 1312/1312/1 1313/1313/1 1314/1314/1
f 1315/1315/1 1312/1312/1 1316/1316/1
f 1316/1316/1 1314/1314/1 1317/1317/1
f 1316/1316/1 1318/1318/1 1319/1319/1
f 1083/1083/1 1085/1085/1 1191/1191/1
f 1083/1083/1 1313/1313/1 1312/1312/1
f 1082/1082/1 1312/1312/1 1315/1315/1
f 1081/1081/1 1315/1315/1 1272/1272/1
f 1272/1272/1 1315/1315/1 1320/1320/1
f 1279/1279/1 1320/1320/1 1319/1319/1
f 1277/1277/1 1319/1319/1 1321/1321/1
f 1318/1318/1 1322/1322/1 1321/1321/1
f 1318/1318/1 1317/1317/1 1323/1323/1
f 1192/1192/1 1324/1324/1 1323/1323/1
f 1325/1325/1 1192/1192/1 1317/1317/1
f 1313/1313/1 1191/1191/1 1325/1325/1
f 1326/1326/1 1327/1327/1 1328/1328/1
f 1329/1329/1 1328/1328/1 1330/1330/1
f 1327/1327/1 1331/1331/1 1332/1332/1
f 1328/1328/1 1332/1332/1 1333/1333/1
f 1101/1101/1 1204/1204/1 1326/1326/1
f 1099/1099/1 1326/1326/1 1329/1329/1
f 1097/1097/1 1329/1329/1 1334/1334/1
f 1096/1096/1 1334/1334/1 1288/1288/1
f 1334/1334/1 1330/1330/1 1295/1295/1
f 1330/1330/1 1333/1333/1 1293/1293/1
f 1333/1333/1 1335/1335/1 1294/1294/1
f 1332/1332/1 1336/1336/1 1335/1335/1
f 1331/1331/1 1337/1337/1 1336/1336/1
f 1208/1208/1 1207/1207/1 1337/1337/1
f 1205/1205/1 1208/1208/1 1331/1331/1
f 1204/1204/1 1205/1205/1 1327/1327/1
f 1338/1338/1 1339/1339/1 1340/1340/1
f 1341/1341/1 1342/1342/1 1339/1339/1
f 1114/1114/1 1113/1113/1 1220/1220/1
f 1343/1343/1 1340/1340/1 1116/1116/1
f 1343/1343/1 1220/1220/1 1221/1221/1
f 1344/1344/1 1345/1345/1 1341/1341/1
f 1223/1223/1 1341/1341/1 1338/1338/1
f 1345/1345/1 1346/1346/1 1342/1342/1
f 1347/1347/1 1348/1348/1 1349/1349/1
f 1350/1350/1 1349/1349/1 1351/1351/1
f 1348/1348/1 1352/1352/1 1353/1353/1
f 1349/1349/1 1353/1353/1 1354/1354/1
f 1125/1125/1 1127/1127/1 1239/1239/1
f 1125/1125/1 1347/1347/1 1350/1350/1
f 1124/1124/1 1350/1350/1 1355/1355/1
f 1073/1073/1 1123/1123/1 1355/1355/1
f 1304/1304/1 1355/1355/1 1351/1351/1
f 1311/1311/1 1351/1351/1 1354/1354/1
f 1309/1309/1 1354/1354/1 1356/1356/1
f 1354/1354/1 1353/1353/1 1357/1357/1
f 1353/1353/1 1352/1352/1 1358/1358/1
f 1352/1352/1 1241/1241/1 1359/1359/1
f 1348/1348/1 1360/1360/1 1241/1241/1
f 1347/1347/1 1239/1239/1 1360/1360/1
f 1361/1361/1 1362/1362/1 1363/1363/1
f 1364/1364/1 1365/1365/1 1363/1363/1
f 1362/1362/1 1366/1366/1 1367/1367/1
f 1363/1363/1 1367/1367/1 1368/1368/1
f 1323/1323/1 1324/1324/1 1369/1369/1
f 1322/1322/1 1323/1323/1 1361/1361/1
f 1322/1322/1 1365/1365/1 1364/1364/1
f 1278/1278/1 1321/1321/1 1364/1364/1
f 1370/1370/1 1364/1364/1 1371/1371/1
f 1372/1372/1 1371/1371/1 1368/1368/1
f 1373/1373/1 1368/1368/1 1374/1374/1
f 1367/1367/1 1375/1375/1 1374/1374/1
f 1367/1367/1 1366/1366/1 1376/1376/1
f 1377/1377/1 1378/1378/1 1376/1376/1
f 1379/1379/1 1377/1377/1 1366/1366/1
f 1369/1369/1 1379/1379/1 1362/1362/1
f 1380/1380/1 1381/1381/1 1382/1382/1
f 1383/1383/1 1382/1382/1 1384/1384/1
f 1381/1381/1 1385/1385/1 1386/1386/1
f 1382/1382/1 1386/1386/1 1387/1387/1
f 1207/1207/1 1388/1388/1 1380/1380/1
f 1337/1337/1 1380/1380/1 1383/1383/1
f 1336/1336/1 1383/1383/1 1389/1389/1
f 1335/1335/1 1389/1389/1 1390/1390/1
f 1389/1389/1 1384/1384/1 1391/1391/1
f 1384/1384/1 1387/1387/1 1392/1392/1
f 1387/1387/1 1393/1393/1 1394/1394/1
f 1386/1386/1 1395/1395/1 1393/1393/1
f 1385/1385/1 1396/1396/1 1395/1395/1
f 1397/1397/1 1398/1398/1 1396/1396/1
f 1399/1399/1 1397/1397/1 1385/1385/1
f 1388/1388/1 1399/1399/1 1381/1381/1
f 1400/1400/1 1401/1401/1 1402/1402/1
f 1403/1403/1 1404/1404/1 1401/1401/1
f 1345/1345/1 1344/1344/1 1405/1405/1
f 1406/1406/1 1402/1402/1 1346/1346/1
f 1406/1406/1 1405/1405/1 1407/1407/1
f 1408/1408/1 1409/1409/1 1403/1403/1
f 1410/1410/1 1403/1403/1 1400/1400/1
f 1409/1409/1 1411/1411/1 1404/1404/1
f 1412/1412/1 1413/1413/1 1414/1414/1
f 1412/1412/1 1415/1415/1 1416/1416/1
f 1415/1415/1 1414/1414/1 1417/1417/1
f 1416/1416/1 1415/1415/1 1418/1418/1
f 1358/1358/1 1359/1359/1 1419/1419/1
f 1357/1357/1 1358/1358/1 1413/1413/1
f 1357/1357/1 1412/1412/1 1420/1420/1
f 1310/1310/1 1356/1356/1 1420/1420/1
f 1421/1421/1 1420/1420/1 1416/1416/1
f 1422/1422/1 1416/1416/1 1423/1423/1
f 1424/1424/1 1423/1423/1 1425/1425/1
f 1423/1423/1 1418/1418/1 1426/1426/1
f 1418/1418/1 1417/1417/1 1427/1427/1
f 1428/1428/1 1429/1429/1 1427/1427/1
f 1430/1430/1 1428/1428/1 1417/1417/1
f 1413/1413/1 1419/1419/1 1430/1430/1
f 1431/1431/1 1432/1432/1 1433/1433/1
f 1431/1431/1 1434/1434/1 1435/1435/1
f 1433/1433/1 1436/1436/1 1437/1437/1
f 1435/1435/1 1434/1434/1 1437/1437/1
f 1197/1197/1 1438/1438/1 1432/1432/1
f 1194/1194/1 1195/1195/1 1432/1432/1
f 1194/1194/1 1431/1431/1 1439/1439/1
f 1324/1324/1 1193/1193/1 1439/1439/1
f 1369/1369/1 1439/1439/1 1435/1435/1
f 1435/1435/1 1440/1440/1 1377/1377/1
f 1377/1377/1 1440/1440/1 1441/1441/1
f 1437/1437/1 1442/1442/1 1441/1441/1
f 1436/1436/1 1443/1443/1 1442/1442/1
f 1444/1444/1 1445/1445/1 1443/1443/1
f 1446/1446/1 1444/1444/1 1436/1436/1
f 1432/1432/1 1438/1438/1 1446/1446/1
f 1447/1447/1 1448/1448/1 1449/1449/1
f 1448/1448/1 1450/1450/1 1451/1451/1
f 1388/1388/1 1207/1207/1 1210/1210/1
f 1399/1399/1 1388/1388/1 1452/1452/1
f 1209/1209/1 1447/1447/1 1452/1452/1
f 1398/1398/1 1397/1397/1 1451/1451/1
f 1450/1450/1 1453/1453/1 1454/1454/1
f 1397/1397/1 1399/1399/1 1449/1449/1
f 1455/1455/1 1456/1456/1 1457/1457/1
f 1458/1458/1 1455/1455/1 1459/1459/1
f 1459/1459/1 1457/1457/1 1460/1460/1
f 1461/1461/1 1459/1459/1 1462/1462/1
f 1226/1226/1 1228/1228/1 1463/1463/1
f 1225/1225/1 1226/1226/1 1456/1456/1
f 1224/1224/1 1225/1225/1 1455/1455/1
f 1344/1344/1 1224/1224/1 1458/1458/1
f 1405/1405/1 1458/1458/1 1461/1461/1
f 1407/1407/1 1461/1461/1 1464/1464/1
f 1410/1410/1 1464/1464/1 1465/1465/1
f 1464/1464/1 1462/1462/1 1466/1466/1
f 1462/1462/1 1460/1460/1 1467/1467/1
f 1460/1460/1 1468/1468/1 1469/1469/1
f 1457/1457/1 1470/1470/1 1468/1468/1
f 1456/1456/1 1463/1463/1 1470/1470/1
f 1471/1471/1 1472/1472/1 1473/1473/1
f 1471/1471/1 1474/1474/1 1475/1475/1
f 1473/1473/1 1476/1476/1 1477/1477/1
f 1474/1474/1 1477/1477/1 1478/1478/1
f 1246/1246/1 1479/1479/1 1472/1472/1
f 1243/1243/1 1244/1244/1 1472/1472/1
f 1243/1243/1 1471/1471/1 1480/1480/1
f 1359/1359/1 1242/1242/1 1480/1480/1
f 1419/1419/1 1480/1480/1 1475/1475/1
f 1430/1430/1 1475/1475/1 1478/1478/1
f 1428/1428/1 1478/1478/1 1481/1481/1
f 1478/1478/1 1477/1477/1 1482/1482/1
f 1477/1477/1 1476/1476/1 1483/1483/1
f 1484/1484/1 1485/1485/1 1483/1483/1
f 1486/1486/1 1484/1484/1 1476/1476/1
f 1472/1472/1 1479/1479/1 1486/1486/1
f 1487/1487/1 1488/1488/1 1489/1489/1
f 1490/1490/1 1489/1489/1 1491/1491/1
f 1488/1488/1 1492/1492/1 1493/1493/1
f 1489/1489/1 1493/1493/1 1494/1494/1
f 1260/1260/1 1262/1262/1 1495/1495/1
f 1260/1260/1 1487/1487/1 1490/1490/1
f 1259/1259/1 1490/1490/1 1496/1496/1
f 1258/1258/1 1496/1496/1 1438/1438/1
f 1496/1496/1 1491/1491/1 1446/1446/1
f 1491/1491/1 1494/1494/1 1444/1444/1
f 1494/1494/1 1497/1497/1 1445/1445/1
f 1493/1493/1 1498/1498/1 1497/1497/1
f 1492/1492/1 1499/1499/1 1498/1498/1
f 1500/1500/1 1501/1501/1 1499/1499/1
f 1502/1502/1 1500/1500/1 1492/1492/1
f 1487/1487/1 1495/1495/1 1502/1502/1
f 1503/1503/1 1504/1504/1 1505/1505/1
f 1506/1506/1 1503/1503/1 1507/1507/1
f 1507/1507/1 1505/1505/1 1508/1508/1
f 1509/1509/1 1507/1507/1 1510/1510/1
f 1276/1276/1 1278/1278/1 1370/1370/1
f 1275/1275/1 1276/1276/1 1504/1504/1
f 1274/1274/1 1275/1275/1 1503/1503/1
f 1228/1228/1 1274/1274/1 1506/1506/1
f 1463/1463/1 1506/1506/1 1509/1509/1
f 1509/1509/1 1511/1511/1 1468/1468/1
f 1468/1468/1 1511/1511/1 1512/1512/1
f 1511/1511/1 1510/1510/1 1513/1513/1
f 1510/1510/1 1508/1508/1 1514/1514/1
f 1508/1508/1 1373/1373/1 1515/1515/1
f 1505/1505/1 1372/1372/1 1373/1373/1
f 1504/1504/1 1370/1370/1 1372/1372/1
f 1516/1516/1 1517/1517/1 1518/1518/1
f 1519/1519/1 1518/1518/1 1520/1520/1
f 1517/1517/1 1521/1521/1 1522/1522/1
f 1518/1518/1 1522/1522/1 1523/1523/1
f 1294/1294/1 1390/1390/1 1516/1516/1
f 1292/1292/1 1516/1516/1 1519/1519/1
f 1291/1291/1 1519/1519/1 1524/1524/1
f 1246/1246/1 1290/1290/1 1524/1524/1
f 1479/1479/1 1524/1524/1 1520/1520/1
f 1486/1486/1 1520/1520/1 1523/1523/1
f 1523/1523/1 1525/1525/1 1485/1485/1
f 1523/1523/1 1522/1522/1 1526/1526/1
f 1521/1521/1 1527/1527/1 1526/1526/1
f 1392/1392/1 1394/1394/1 1527/1527/1
f 1391/1391/1 1392/1392/1 1521/1521/1
f 1390/1390/1 1391/1391/1 1517/1517/1
f 1528/1528/1 1529/1529/1 1530/1530/1
f 1531/1531/1 1528/1528/1 1532/1532/1
f 1532/1532/1 1530/1530/1 1533/1533/1
f 1534/1534/1 1532/1532/1 1535/1535/1
f 1310/1310/1 1421/1421/1 1529/1529/1
f 1307/1307/1 1308/1308/1 1529/1529/1
f 1307/1307/1 1528/1528/1 1531/1531/1
f 1262/1262/1 1306/1306/1 1531/1531/1
f 1495/1495/1 1531/1531/1 1534/1534/1
f 1502/1502/1 1534/1534/1 1536/1536/1
f 1500/1500/1 1536/1536/1 1537/1537/1
f 1536/1536/1 1535/1535/1 1538/1538/1
f 1535/1535/1 1533/1533/1 1539/1539/1
f 1533/1533/1 1424/1424/1 1540/1540/1
f 1530/1530/1 1422/1422/1 1424/1424/1
f 1529/1529/1 1421/1421/1 1422/1422/1
f 1541/1541/1 1542/1542/1 1543/1543/1
f 1544/1544/1 1543/1543/1 1545/1545/1
f 1542/1542/1 1546/1546/1 1547/1547/1
f 1543/1543/1 1547/1547/1 1548/1548/1
f 1499/1499/1 1501/1501/1 1549/1549/1
f 1499/1499/1 1541/1541/1 1544/1544/1
f 1498/1498/1 1544/1544/1 1550/1550/1
f 1497/1497/1 1550/1550/1 1551/1551/1
f 1550/1550/1 1545/1545/1 1552/1552/1
f 1545/1545/1 1548/1548/1 1553/1553/1
f 1548/1548/1 1554/1554/1 1555/1555/1
f 1547/1547/1 1556/1556/1 1554/1554/1
f 1546/1546/1 1557/1557/1 1556/1556/1
f 1558/1558/1 1559/1559/1 1557/1557/1
f 1560/1560/1 1558/1558/1 1546/1546/1
f 1549/1549/1 1560/1560/1 1542/1542/1
f 1561/1561/1 1562/1562/1 1563/1563/1
f 1564/1564/1 1563/1563/1 1565/1565/1
f 1563/1563/1 1562/1562/1 1566/1566/1
f 1563/1563/1 1567/1567/1 1568/1568/1
f 1515/1515/1 1569/1569/1 1561/1561/1
f 1513/1513/1 1514/1514/1 1561/1561/1
f 1512/1512/1 1513/1513/1 1564/1564/1
f 1512/1512/1 1570/1570/1 1571/1571/1
f 1570/1570/1 1565/1565/1 1572/1572/1
f 1572/1572/1 1565/1565/1 1568/1568/1
f 1568/1568/1 1573/1573/1 1574/1574/1
f 1568/1568/1 1567/1567/1 1575/1575/1
f 1567/1567/1 1566/1566/1 1576/1576/1
f 1577/1577/1 1578/1578/1 1576/1576/1
f 1562/1562/1 1579/1579/1 1577/1577/1
f 1561/1561/1 1569/1569/1 1579/1579/1
f 1580/1580/1 1581/1581/1 1582/1582/1
f 1583/1583/1 1582/1582/1 1584/1584/1
f 1581/1581/1 1585/1585/1 1586/1586/1
f 1582/1582/1 1586/1586/1 1587/1587/1
f 1394/1394/1 1588/1588/1 1580/1580/1
f 1527/1527/1 1580/1580/1 1583/1583/1
f 1525/1525/1 1526/1526/1 1583/1583/1
f 1485/1485/1 1525/1525/1 1589/1589/1
f 1589/1589/1 1584/1584/1 1590/1590/1
f 1584/1584/1 1587/1587/1 1591/1591/1
f 1587/1587/1 1592/1592/1 1593/1593/1
f 1587/1587/1 1586/1586/1 1594/1594/1
f 1585/1585/1 1595/1595/1 1594/1594/1
f 1596/1596/1 1597/1597/1 1595/1595/1
f 1581/1581/1 1598/1598/1 1596/1596/1
f 1588/1588/1 1598/1598/1 1581/1581/1
f 1599/1599/1 1600/1600/1 1601/1601/1
f 1602/1602/1 1599/1599/1 1603/1603/1
f 1603/1603/1 1601/1601/1 1604/1604/1
f 1605/1605/1 1603/1603/1 1606/1606/1
f 1539/1539/1 1540/1540/1 1607/1607/1
f 1538/1538/1 1539/1539/1 1600/1600/1
f 1537/1537/1 1538/1538/1 1599/1599/1
f 1501/1501/1 1537/1537/1 1602/1602/1
f 1549/1549/1 1602/1602/1 1605/1605/1
f 1605/1605/1 1608/1608/1 1558/1558/1
f 1608/1608/1 1609/1609/1 1559/1559/1
f 1608/1608/1 1606/1606/1 1610/1610/1
f 1606/1606/1 1604/1604/1 1611/1611/1
f 1604/1604/1 1612/1612/1 1613/1613/1
f 1614/1614/1 1612/1612/1 1604/1604/1
f 1600/1600/1 1607/1607/1 1614/1614/1
f 1615/1615/1 1616/1616/1 1617/1617/1
f 1618/1618/1 1615/1615/1 1619/1619/1
f 1619/1619/1 1617/1617/1 1620/1620/1
f 1621/1621/1 1619/1619/1 1622/1622/1
f 1376/1376/1 1378/1378/1 1623/1623/1
f 1375/1375/1 1376/1376/1 1616/1616/1
f 1375/1375/1 1615/1615/1 1618/1618/1
f 1374/1374/1 1618/1618/1 1569/1569/1
f 1569/1569/1 1618/1618/1 1621/1621/1
f 1579/1579/1 1621/1621/1 1624/1624/1
f 1577/1577/1 1624/1624/1 1625/1625/1
f 1624/1624/1 1622/1622/1 1626/1626/1
f 1622/1622/1 1620/1620/1 1627/1627/1
f 1628/1628/1 1629/1629/1 1627/1627/1
f 1630/1630/1 1628/1628/1 1620/1620/1
f 1616/1616/1 1623/1623/1 1630/1630/1
f 1631/1631/1 1632/1632/1 1633/1633/1
f 1634/1634/1 1633/1633/1 1635/1635/1
f 1632/1632/1 1636/1636/1 1637/1637/1
f 1633/1633/1 1637/1637/1 1638/1638/1
f 1398/1398/1 1639/1639/1 1631/1631/1
f 1396/1396/1 1631/1631/1 1634/1634/1
f 1395/1395/1 1634/1634/1 1640/1640/1
f 1393/1393/1 1640/1640/1 1588/1588/1
f 1640/1640/1 1635/1635/1 1598/1598/1
f 1635/1635/1 1638/1638/1 1596/1596/1
f 1638/1638/1 1641/1641/1 1597/1597/1
f 1637/1637/1 1642/1642/1 1641/1641/1
f 1636/1636/1 1643/1643/1 1642/1642/1
f 1644/1644/1 1645/1645/1 1643/1643/1
f 1646/1646/1 1644/1644/1 1636/1636/1
f 1639/1639/1 1646/1646/1 1632/1632/1
f 1647/1647/1 1648/1648/1 1649/1649/1
f 1650/1650/1 1651/1651/1 1648/1648/1
f 1409/1409/1 1408/1408/1 1652/1652/1
f 1653/1653/1 1649/1649/1 1411/1411/1
f 1653/1653/1 1652/1652/1 1654/1654/1
f 1655/1655/1 1656/1656/1 1650/1650/1
f 1657/1657/1 1650/1650/1 1647/1647/1
f 1656/1656/1 1658/1658/1 1651/1651/1
f 1659/1659/1 1660/1660/1 1661/1661/1
f 1659/1659/1 1662/1662/1 1663/1663/1
f 1662/1662/1 1661/1661/1 1664/1664/1
f 1663/1663/1 1662/1662/1 1665/1665/1
f 1427/1427/1 1429/1429/1 1666/1666/1
f 1426/1426/1 1427/1427/1 1660/1660/1
f 1426/1426/1 1659/1659/1 1667/1667/1
f 1540/1540/1 1425/1425/1 1667/1667/1
f 1607/1607/1 1667/1667/1 1663/1663/1
f 1614/1614/1 1663/1663/1 1668/1668/1
f 1612/1612/1 1668/1668/1 1669/1669/1
f 1668/1668/1 1665/1665/1 1670/1670/1
f 1665/1665/1 1664/1664/1 1671/1671/1
f 1672/1672/1 1673/1673/1 1671/1671/1
f 1674/1674/1 1672/1672/1 1664/1664/1
f 1660/1660/1 1666/1666/1 1674/1674/1
f 1675/1675/1 1676/1676/1 1677/1677/1
f 1678/1678/1 1675/1675/1 1679/1679/1
f 1679/1679/1 1677/1677/1 1680/1680/1
f 1681/1681/1 1679/1679/1 1682/1682/1
f 1445/1445/1 1551/1551/1 1676/1676/1
f 1443/1443/1 1676/1676/1 1675/1675/1
f 1442/1442/1 1675/1675/1 1678/1678/1
f 1378/1378/1 1441/1441/1 1678/1678/1
f 1623/1623/1 1678/1678/1 1681/1681/1
f 1681/1681/1 1683/1683/1 1628/1628/1
f 1628/1628/1 1683/1683/1 1684/1684/1
f 1683/1683/1 1682/1682/1 1685/1685/1
f 1682/1682/1 1680/1680/1 1686/1686/1
f 1553/1553/1 1555/1555/1 1686/1686/1
f 1552/1552/1 1553/1553/1 1680/1680/1
f 1551/1551/1 1552/1552/1 1677/1677/1
f 1687/1687/1 1688/1688/1 1689/1689/1
f 1688/1688/1 1690/1690/1 1691/1691/1
f 1639/1639/1 1398/1398/1 1454/1454/1
f 1646/1646/1 1639/1639/1 1692/1692/1
f 1453/1453/1 1687/1687/1 1692/1692/1
f 1645/1645/1 1644/1644/1 1691/1691/1
f 1690/1690/1 1693/1693/1 1694/1694/1
f 1644/1644/1 1646/1646/1 1689/1689/1
f 1695/1695/1 1696/1696/1 1697/1697/1
f 1698/1698/1 1695/1695/1 1699/1699/1
f 1699/1699/1 1697/1697/1 1700/1700/1
f 1701/1701/1 1699/1699/1 1702/1702/1
f 1467/1467/1 1469/1469/1 1571/1571/1
f 1466/1466/1 1467/1467/1 1696/1696/1
f 1465/1465/1 1466/1466/1 1695/1695/1
f 1408/1408/1 1465/1465/1 1698/1698/1
f 1652/1652/1 1698/1698/1 1701/1701/1
f 1654/1654/1 1701/1701/1 1703/1703/1
f 1657/1657/1 1703/1703/1 1704/1704/1
f 1703/1703/1 1702/1702/1 1705/1705/1
f 1702/1702/1 1700/1700/1 1706/1706/1
f 1700/1700/1 1707/1707/1 1574/1574/1
f 1697/1697/1 1572/1572/1 1707/1707/1
f 1696/1696/1 1571/1571/1 1572/1572/1
f 1708/1708/1 1709/1709/1 1710/1710/1
f 1711/1711/1 1710/1710/1 1712/1712/1
f 1709/1709/1 1713/1713/1 1714/1714/1
f 1710/1710/1 1714/1714/1 1715/1715/1
f 1483/1483/1 1485/1485/1 1716/1716/1
f 1483/1483/1 1708/1708/1 1711/1711/1
f 1481/1481/1 1482/1482/1 1711/1711/1
f 1429/1429/1 1481/1481/1 1717/1717/1
f 1717/1717/1 1712/1712/1 1674/1674/1
f 1674/1674/1 1712/1712/1 1715/1715/1
f 1672/1672/1 1715/1715/1 1718/1718/1
f 1715/1715/1 1714/1714/1 1719/1719/1
f 1714/1714/1 1713/1713/1 1720/1720/1
f 1591/1591/1 1593/1593/1 1720/1720/1
f 1590/1590/1 1591/1591/1 1713/1713/1
f 1708/1708/1 1716/1716/1 1590/1590/1
f 1721/1721/1 1722/1722/1 1723/1723/1
f 1724/1724/1 1725/1725/1 1723/1723/1
f 1722/1722/1 1726/1726/1 1727/1727/1
f 1723/1723/1 1727/1727/1 1728/1728/1
f 1555/1555/1 1729/1729/1 1721/1721/1
f 1686/1686/1 1721/1721/1 1725/1725/1
f 1684/1684/1 1685/1685/1 1725/1725/1
f 1629/1629/1 1684/1684/1 1724/1724/1
f 1724/1724/1 1730/1730/1 1731/1731/1
f 1730/1730/1 1728/1728/1 1732/1732/1
f 1728/1728/1 119/119/1 34/34/1
f 1727/1727/1 117/117/1 119/119/1
f 1727/1727/1 1726/1726/1 118/118/1
f 1733/1733/1 115/115/1 118/118/1
f 1722/1722/1 1734/1734/1 1733/1733/1
f 1721/1721/1 1729/1729/1 1734/1734/1
f 1735/1735/1 1736/1736/1 1737/1737/1
f 1738/1738/1 1737/1737/1 1736/1736/1
f 1739/1739/1 1645/1645/1 1694/1694/1
f 1740/1740/1 1739/1739/1 1741/1741/1
f 1693/1693/1 1735/1735/1 1741/1741/1
f 57/57/1 1742/1742/1 1738/1738/1
f 132/132/1 1738/1738/1 1743/1743/1
f 1742/1742/1 1740/1740/1 1737/1737/1
f 1744/1744/1 1745/1745/1 1746/1746/1
f 1747/1747/1 1744/1744/1 1748/1748/1
f 1748/1748/1 1746/1746/1 1749/1749/1
f 1750/1750/1 1748/1748/1 1751/1751/1
f 1706/1706/1 1574/1574/1 1752/1752/1
f 1705/1705/1 1706/1706/1 1745/1745/1
f 1704/1704/1 1705/1705/1 1744/1744/1
f 1655/1655/1 1704/1704/1 1747/1747/1
f 1753/1753/1 1747/1747/1 1750/1750/1
f 1754/1754/1 1750/1750/1 1755/1755/1
f 1755/1755/1 150/150/1 78/78/1
f 1751/1751/1 148/148/1 150/150/1
f 1749/1749/1 147/147/1 148/148/1
f 1756/1756/1 145/145/1 147/147/1
f 1746/1746/1 1757/1757/1 1756/1756/1
f 1745/1745/1 1752/1752/1 1757/1757/1
f 1758/1758/1 1759/1759/1 1760/1760/1
f 1761/1761/1 1760/1760/1 1762/1762/1
f 1759/1759/1 1763/1763/1 1764/1764/1
f 1760/1760/1 1764/1764/1 1765/1765/1
f 1720/1720/1 1593/1593/1 1766/1766/1
f 1719/1719/1 1720/1720/1 1758/1758/1
f 1718/1718/1 1719/1719/1 1761/1761/1
f 1718/1718/1 1767/1767/1 1768/1768/1
f 1767/1767/1 1762/1762/1 1769/1769/1
f 1762/1762/1 1765/1765/1 1770/1770/1
f 1770/1770/1 1765/1765/1 168/168/1
f 1765/1765/1 1764/1764/1 166/166/1
f 1764/1764/1 1763/1763/1 167/167/1
f 1763/1763/1 1771/1771/1 164/164/1
f 1759/1759/1 1772/1772/1 1771/1771/1
f 1766/1766/1 1772/1772/1 1759/1759/1
f 1773/1773/1 1774/1774/1 1775/1775/1
f 1776/1776/1 1777/1777/1 1775/1775/1
f 1774/1774/1 1778/1778/1 1779/1779/1
f 1775/1775/1 1779/1779/1 1780/1780/1
f 1557/1557/1 1559/1559/1 1781/1781/1
f 1557/1557/1 1773/1773/1 1777/1777/1
f 1556/1556/1 1777/1777/1 1776/1776/1
f 1554/1554/1 1776/1776/1 1729/1729/1
f 1776/1776/1 1782/1782/1 1734/1734/1
f 1782/1782/1 1780/1780/1 1733/1733/1
f 1780/1780/1 188/188/1 115/115/1
f 1779/1779/1 186/186/1 188/188/1
f 1778/1778/1 185/185/1 186/186/1
f 1783/1783/1 14/14/1 185/185/1
f 1784/1784/1 1783/1783/1 1778/1778/1
f 1781/1781/1 1784/1784/1 1774/1774/1
f 1785/1785/1 1786/1786/1 1787/1787/1
f 1788/1788/1 1785/1785/1 1789/1789/1
f 1789/1789/1 1787/1787/1 1790/1790/1
f 1791/1791/1 1789/1789/1 1792/1792/1
f 1576/1576/1 1578/1578/1 1793/1793/1
f 1575/1575/1 1576/1576/1 1786/1786/1
f 1573/1573/1 1575/1575/1 1785/1785/1
f 1574/1574/1 1573/1573/1 1788/1788/1
f 1752/1752/1 1788/1788/1 1791/1791/1
f 1757/1757/1 1791/1791/1 1794/1794/1
f 1756/1756/1 1794/1794/1 203/203/1
f 1794/1794/1 1792/1792/1 201/201/1
f 1792/1792/1 1790/1790/1 202/202/1
f 1790/1790/1 1795/1795/1 200/200/1
f 1787/1787/1 1796/1796/1 1795/1795/1
f 1786/1786/1 1793/1793/1 1796/1796/1
f 1797/1797/1 1798/1798/1 1799/1799/1
f 1800/1800/1 1799/1799/1 1801/1801/1
f 1798/1798/1 1802/1802/1 1803/1803/1
f 1799/1799/1 1803/1803/1 1804/1804/1
f 1595/1595/1 1597/1597/1 1805/1805/1
f 1595/1595/1 1797/1797/1 1800/1800/1
f 1592/1592/1 1594/1594/1 1800/1800/1
f 1593/1593/1 1592/1592/1 1806/1806/1
f 1806/1806/1 1801/1801/1 1772/1772/1
f 1801/1801/1 1804/1804/1 1771/1771/1
f 1804/1804/1 219/219/1 164/164/1
f 1804/1804/1 1803/1803/1 220/220/1
f 1803/1803/1 1802/1802/1 218/218/1
f 1807/1807/1 61/61/1 218/218/1
f 1798/1798/1 1808/1808/1 1807/1807/1
f 1805/1805/1 1808/1808/1 1798/1798/1
f 1809/1809/1 1810/1810/1 1811/1811/1
f 1812/1812/1 1809/1809/1 1813/1813/1
f 1813/1813/1 1811/1811/1 1814/1814/1
f 1815/1815/1 1813/1813/1 1816/1816/1
f 1611/1611/1 1613/1613/1 1817/1817/1
f 1610/1610/1 1611/1611/1 1810/1810/1
f 1609/1609/1 1610/1610/1 1809/1809/1
f 1609/1609/1 1812/1812/1 1781/1781/1
f 1781/1781/1 1812/1812/1 1815/1815/1
f 1784/1784/1 1815/1815/1 1818/1818/1
f 1783/1783/1 1818/1818/1 13/13/1
f 1818/1818/1 1816/1816/1 12/12/1
f 1816/1816/1 1814/1814/1 9/9/1
f 1814/1814/1 1819/1819/1 10/10/1
f 1811/1811/1 1820/1820/1 1819/1819/1
f 1810/1810/1 1817/1817/1 1820/1820/1
f 1821/1821/1 1822/1822/1 1823/1823/1
f 1824/1824/1 1825/1825/1 1823/1823/1
f 1823/1823/1 1822/1822/1 1826/1826/1
f 1827/1827/1 1823/1823/1 1828/1828/1
f 1627/1627/1 1629/1629/1 1829/1829/1
f 1627/1627/1 1821/1821/1 1825/1825/1
f 1626/1626/1 1825/1825/1 1824/1824/1
f 1625/1625/1 1824/1824/1 1793/1793/1
f 1793/1793/1 1824/1824/1 1827/1827/1
f 1796/1796/1 1827/1827/1 1830/1830/1
f 1795/1795/1 1830/1830/1 37/37/1
f 1830/1830/1 1828/1828/1 36/36/1
f 1828/1828/1 1826/1826/1 33/33/1
f 1732/1732/1 34/34/1 33/33/1
f 1822/1822/1 1731/1731/1 1732/1732/1
f 1821/1821/1 1829/1829/1 1731/1731/1
f 1831/1831/1 1832/1832/1 1833/1833/1
f 1834/1834/1 1833/1833/1 1835/1835/1
f 1832/1832/1 1836/1836/1 1837/1837/1
f 1833/1833/1 1837/1837/1 1838/1838/1
f 1645/1645/1 1739/1739/1 1831/1831/1
f 1643/1643/1 1831/1831/1 1834/1834/1
f 1642/1642/1 1834/1834/1 1839/1839/1
f 1641/1641/1 1839/1839/1 1805/1805/1
f 1839/1839/1 1835/1835/1 1808/1808/1
f 1835/1835/1 1838/1838/1 1807/1807/1
f 1838/1838/1 60/60/1 61/61/1
f 1837/1837/1 59/59/1 60/60/1
f 1836/1836/1 56/56/1 59/59/1
f 1742/1742/1 57/57/1 56/56/1
f 1740/1740/1 1742/1742/1 1836/1836/1
f 1739/1739/1 1740/1740/1 1832/1832/1
f 1840/1840/1 1841/1841/1 1842/1842/1
f 1843/1843/1 1844/1844/1 1841/1841/1
f 1656/1656/1 1655/1655/1 1753/1753/1
f 1845/1845/1 1842/1842/1 1658/1658/1
f 1845/1845/1 1753/1753/1 1754/1754/1
f 1846/1846/1 78/78/1 81/81/1
f 1846/1846/1 1843/1843/1 1840/1840/1
f 1843/1843/1 81/81/1 80/80/1
f 1847/1847/1 1848/1848/1 1849/1849/1
f 1850/1850/1 1849/1849/1 1851/1851/1
f 1849/1849/1 1848/1848/1 1852/1852/1
f 1851/1851/1 1849/1849/1 1853/1853/1
f 1671/1671/1 1673/1673/1 1768/1768/1
f 1670/1670/1 1671/1671/1 1847/1847/1
f 1669/1669/1 1670/1670/1 1850/1850/1
f 1669/1669/1 1854/1854/1 1817/1817/1
f 1854/1854/1 1851/1851/1 1820/1820/1
f 1820/1820/1 1851/1851/1 1855/1855/1
f 1819/1819/1 1855/1855/1 99/99/1
f 1855/1855/1 1853/1853/1 98/98/1
f 1853/1853/1 1852/1852/1 95/95/1
f 1770/1770/1 96/96/1 95/95/1
f 1848/1848/1 1769/1769/1 1770/1770/1
f 1847/1847/1 1768/1768/1 1769/1769/1
f 1/1/1 3/3/1 5/5/1
f 4/4/1 5/5/1 7/7/1
f 5/5/1 6/6/1 8/8/1
f 7/7/1 8/8/1 17/17/1
f 9/9/1 11/11/1 2/2/1
f 12/12/1 2/2/1 1/1/1
f 13/13/1 1/1/1 4/4/1
f 14/14/1 4/4/1 15/15/1
f 15/15/1 7/7/1 16/16/1
f 16/16/1 17/17/1 18/18/1
f 18/18/1 19/19/1 192/192/1
f 17/17/1 20/20/1 19/19/1
f 8/8/1 21/21/1 20/20/1
f 6/6/1 23/23/1 21/21/1
f 3/3/1 22/22/1 6/6/1
f 2/2/1 24/24/1 3/3/1
f 25/25/1 27/27/1 29/29/1
f 28/28/1 27/27/1 32/32/1
f 26/26/1 31/31/1 27/27/1
f 32/32/1 31/31/1 40/40/1
f 33/33/1 35/35/1 25/25/1
f 36/36/1 25/25/1 29/29/1
f 36/36/1 28/28/1 37/37/1
f 37/37/1 38/38/1 200/200/1
f 38/38/1 32/32/1 39/39/1
f 39/39/1 40/40/1 209/209/1
f 40/40/1 42/42/1 209/209/1
f 40/40/1 43/43/1 41/41/1
f 31/31/1 44/44/1 43/43/1
f 30/30/1 46/46/1 44/44/1
f 47/47/1 30/30/1 26/26/1
f 35/35/1 26/26/1 25/25/1
f 48/48/1 50/50/1 52/52/1
f 51/51/1 52/52/1 54/54/1
f 52/52/1 53/53/1 55/55/1
f 54/54/1 55/55/1 64/64/1
f 56/56/1 58/58/1 49/49/1
f 59/59/1 49/49/1 48/48/1
f 60/60/1 48/48/1 51/51/1
f 61/61/1 51/51/1 62/62/1
f 62/62/1 54/54/1 63/63/1
f 63/63/1 64/64/1 65/65/1
f 65/65/1 66/66/1 225/225/1
f 64/64/1 67/67/1 66/66/1
f 55/55/1 68/68/1 67/67/1
f 53/53/1 70/70/1 68/68/1
f 50/50/1 69/69/1 53/53/1
f 49/49/1 71/71/1 50/50/1
f 72/72/1 74/74/1 75/75/1
f 75/75/1 77/77/1 72/72/1
f 78/78/1 74/74/1 81/81/1
f 73/73/1 81/81/1 74/74/1
f 79/79/1 75/75/1 74/74/1
f 83/83/1 85/85/1 76/76/1
f 82/82/1 76/76/1 75/75/1
f 76/76/1 86/86/1 77/77/1
f 87/87/1 89/89/1 91/91/1
f 90/90/1 91/91/1 93/93/1
f 91/91/1 92/92/1 94/94/1
f 93/93/1 94/94/1 100/100/1
f 95/95/1 97/97/1 88/88/1
f 98/98/1 88/88/1 87/87/1
f 99/99/1 87/87/1 90/90/1
f 10/10/1 90/90/1 11/11/1
f 11/11/1 93/93/1 24/24/1
f 24/24/1 100/100/1 22/22/1
f 22/22/1 101/101/1 23/23/1
f 100/100/1 102/102/1 101/101/1
f 94/94/1 103/103/1 102/102/1
f 92/92/1 105/105/1 103/103/1
f 89/89/1 104/104/1 92/92/1
f 88/88/1 106/106/1 89/89/1
f 107/107/1 109/109/1 110/110/1
f 110/110/1 111/111/1 120/120/1
f 108/108/1 113/113/1 109/109/1
f 109/109/1 114/114/1 111/111/1
f 115/115/1 107/107/1 118/118/1
f 117/117/1 107/107/1 110/110/1
f 119/119/1 110/110/1 120/120/1
f 34/34/1 120/120/1 35/35/1
f 35/35/1 111/111/1 47/47/1
f 111/111/1 45/45/1 47/47/1
f 114/114/1 46/46/1 45/45/1
f 113/113/1 121/121/1 114/114/1
f 112/112/1 122/122/1 113/113/1
f 124/124/1 123/123/1 112/112/1
f 126/126/1 112/112/1 108/108/1
f 116/116/1 108/108/1 107/107/1
f 127/127/1 129/129/1 130/130/1
f 130/130/1 131/131/1 135/135/1
f 57/57/1 127/127/1 58/58/1
f 58/58/1 130/130/1 71/71/1
f 132/132/1 128/128/1 127/127/1
f 134/134/1 69/69/1 135/135/1
f 135/135/1 136/136/1 134/134/1
f 135/135/1 71/71/1 130/130/1
f 137/137/1 139/139/1 140/140/1
f 140/140/1 141/141/1 149/149/1
f 138/138/1 143/143/1 139/139/1
f 139/139/1 144/144/1 141/141/1
f 145/145/1 137/137/1 147/147/1
f 147/147/1 140/140/1 148/148/1
f 148/148/1 149/149/1 150/150/1
f 150/150/1 79/79/1 78/78/1
f 149/149/1 82/82/1 79/79/1
f 141/141/1 83/83/1 82/82/1
f 144/144/1 84/84/1 83/83/1
f 143/143/1 151/151/1 144/144/1
f 142/142/1 152/152/1 143/143/1
f 154/154/1 153/153/1 142/142/1
f 156/156/1 142/142/1 138/138/1
f 146/146/1 138/138/1 137/137/1
f 157/157/1 159/159/1 160/160/1
f 160/160/1 161/161/1 169/169/1
f 158/158/1 163/163/1 159/159/1
f 161/161/1 163/163/1 170/170/1
f 164/164/1 157/157/1 167/167/1
f 166/166/1 157/157/1 160/160/1
f 168/168/1 160/160/1 169/169/1
f 96/96/1 169/169/1 97/97/1
f 169/169/1 106/106/1 97/97/1
f 106/106/1 170/170/1 104/104/1
f 104/104/1 171/171/1 105/105/1
f 170/170/1 172/172/1 171/171/1
f 163/163/1 173/173/1 172/172/1
f 162/162/1 175/175/1 173/173/1
f 158/158/1 174/174/1 162/162/1
f 157/157/1 176/176/1 158/158/1
f 177/177/1 179/179/1 180/180/1
f 180/180/1 181/181/1 187/187/1
f 178/178/1 183/183/1 179/179/1
f 179/179/1 184/184/1 181/181/1
f 185/185/1 15/15/1 177/177/1
f 185/185/1 180/180/1 186/186/1
f 186/186/1 187/187/1 188/188/1
f 188/188/1 116/116/1 115/115/1
f 187/187/1 126/126/1 116/116/1
f 181/181/1 124/124/1 126/126/1
f 184/184/1 125/125/1 124/124/1
f 183/183/1 189/189/1 184/184/1
f 182/182/1 190/190/1 183/183/1
f 18/18/1 191/191/1 182/182/1
f 16/16/1 182/182/1 178/178/1
f 15/15/1 178/178/1 177/177/1
f 193/193/1 195/195/1 196/196/1
f 193/193/1 197/197/1 204/204/1
f 196/196/1 198/198/1 199/199/1
f 197/197/1 199/199/1 205/205/1
f 200/200/1 194/194/1 202/202/1
f 201/201/1 194/194/1 193/193/1
f 203/203/1 193/193/1 204/204/1
f 145/145/1 204/204/1 146/146/1
f 204/204/1 156/156/1 146/146/1
f 156/156/1 205/205/1 154/154/1
f 154/154/1 206/206/1 155/155/1
f 205/205/1 207/207/1 206/206/1
f 199/199/1 208/208/1 207/207/1
f 198/198/1 42/42/1 208/208/1
f 39/39/1 198/198/1 195/195/1
f 194/194/1 39/39/1 195/195/1
f 210/210/1 212/212/1 213/213/1
f 213/213/1 214/214/1 221/221/1
f 211/211/1 216/216/1 212/212/1
f 212/212/1 217/217/1 214/214/1
f 61/61/1 210/210/1 218/218/1
f 218/218/1 213/213/1 220/220/1
f 219/219/1 213/213/1 221/221/1
f 164/164/1 221/221/1 165/165/1
f 165/165/1 214/214/1 176/176/1
f 214/214/1 174/174/1 176/176/1
f 217/217/1 175/175/1 174/174/1
f 217/217/1 223/223/1 222/222/1
f 216/216/1 224/224/1 223/223/1
f 65/65/1 224/224/1 215/215/1
f 211/211/1 65/65/1 215/215/1
f 210/210/1 63/63/1 211/211/1
f 226/226/1 228/228/1 229/229/1
f 229/229/1 230/230/1 234/234/1
f 227/227/1 232/232/1 228/228/1
f 230/230/1 232/232/1 237/237/1
f 192/192/1 226/226/1 191/191/1
f 191/191/1 229/229/1 190/190/1
f 190/190/1 234/234/1 189/189/1
f 189/189/1 235/235/1 125/125/1
f 234/234/1 236/236/1 235/235/1
f 230/230/1 238/238/1 236/236/1
f 237/237/1 240/240/1 238/238/1
f 237/237/1 241/241/1 239/239/1
f 231/231/1 241/241/1 232/232/1
f 231/231/1 244/244/1 242/242/1
f 245/245/1 231/231/1 227/227/1
f 233/233/1 227/227/1 226/226/1
f 246/246/1 248/248/1 249/249/1
f 249/249/1 250/250/1 254/254/1
f 248/248/1 251/251/1 252/252/1
f 250/250/1 252/252/1 256/256/1
f 208/208/1 253/253/1 246/246/1
f 207/207/1 246/246/1 249/249/1
f 206/206/1 249/249/1 254/254/1
f 155/155/1 254/254/1 255/255/1
f 255/255/1 250/250/1 392/392/1
f 250/250/1 257/257/1 392/392/1
f 256/256/1 259/259/1 257/257/1
f 256/256/1 260/260/1 258/258/1
f 252/252/1 261/261/1 260/260/1
f 251/251/1 263/263/1 261/261/1
f 247/247/1 262/262/1 251/251/1
f 246/246/1 264/264/1 247/247/1
f 265/265/1 267/267/1 268/268/1
f 268/268/1 269/269/1 274/274/1
f 266/266/1 271/271/1 267/267/1
f 267/267/1 272/272/1 269/269/1
f 225/225/1 265/265/1 224/224/1
f 224/224/1 268/268/1 223/223/1
f 222/222/1 268/268/1 274/274/1
f 175/175/1 274/274/1 275/275/1
f 275/275/1 269/269/1 276/276/1
f 276/276/1 272/272/1 405/405/1
f 272/272/1 278/278/1 405/405/1
f 272/272/1 279/279/1 277/277/1
f 271/271/1 280/280/1 279/279/1
f 270/270/1 282/282/1 280/280/1
f 266/266/1 281/281/1 270/270/1
f 273/273/1 266/266/1 265/265/1
f 284/284/1 286/286/1 288/288/1
f 287/287/1 288/288/1 290/290/1
f 288/288/1 289/289/1 291/291/1
f 290/290/1 291/291/1 293/293/1
f 21/21/1 292/292/1 285/285/1
f 20/20/1 285/285/1 284/284/1
f 19/19/1 284/284/1 287/287/1
f 192/192/1 287/287/1 233/233/1
f 233/233/1 290/290/1 245/245/1
f 245/245/1 293/293/1 243/243/1
f 243/243/1 294/294/1 244/244/1
f 293/293/1 295/295/1 294/294/1
f 291/291/1 296/296/1 295/295/1
f 289/289/1 298/298/1 296/296/1
f 286/286/1 297/297/1 289/289/1
f 285/285/1 299/299/1 286/286/1
f 300/300/1 302/302/1 304/304/1
f 303/303/1 302/302/1 307/307/1
f 301/301/1 306/306/1 302/302/1
f 307/307/1 306/306/1 309/309/1
f 44/44/1 308/308/1 300/300/1
f 43/43/1 300/300/1 304/304/1
f 41/41/1 304/304/1 303/303/1
f 42/42/1 303/303/1 253/253/1
f 253/253/1 307/307/1 264/264/1
f 264/264/1 309/309/1 262/262/1
f 309/309/1 263/263/1 262/262/1
f 309/309/1 311/311/1 310/310/1
f 306/306/1 312/312/1 311/311/1
f 305/305/1 314/314/1 312/312/1
f 315/315/1 305/305/1 301/301/1
f 308/308/1 301/301/1 300/300/1
f 316/316/1 318/318/1 320/320/1
f 319/319/1 320/320/1 322/322/1
f 320/320/1 321/321/1 323/323/1
f 322/322/1 323/323/1 325/325/1
f 68/68/1 324/324/1 317/317/1
f 67/67/1 317/317/1 316/316/1
f 66/66/1 316/316/1 319/319/1
f 225/225/1 319/319/1 273/273/1
f 273/273/1 322/322/1 283/283/1
f 283/283/1 325/325/1 281/281/1
f 281/281/1 326/326/1 282/282/1
f 325/325/1 327/327/1 326/326/1
f 323/323/1 328/328/1 327/327/1
f 321/321/1 330/330/1 328/328/1
f 318/318/1 329/329/1 321/321/1
f 317/317/1 331/331/1 318/318/1
f 332/332/1 334/334/1 338/338/1
f 333/333/1 336/336/1 334/334/1
f 84/84/1 332/332/1 85/85/1
f 85/85/1 338/338/1 86/86/1
f 337/337/1 333/333/1 332/332/1
f 340/340/1 342/342/1 335/335/1
f 339/339/1 335/335/1 333/333/1
f 335/335/1 343/343/1 336/336/1
f 344/344/1 346/346/1 347/347/1
f 344/344/1 348/348/1 353/353/1
f 347/347/1 349/349/1 350/350/1
f 347/347/1 351/351/1 348/348/1
f 103/103/1 352/352/1 345/345/1
f 102/102/1 345/345/1 344/344/1
f 102/102/1 353/353/1 101/101/1
f 23/23/1 353/353/1 292/292/1
f 292/292/1 348/348/1 299/299/1
f 299/299/1 351/351/1 297/297/1
f 297/297/1 354/354/1 298/298/1
f 351/351/1 355/355/1 354/354/1
f 350/350/1 356/356/1 355/355/1
f 349/349/1 358/358/1 356/356/1
f 359/359/1 349/349/1 346/346/1
f 345/345/1 359/359/1 346/346/1
f 360/360/1 362/362/1 363/363/1
f 363/363/1 364/364/1 367/367/1
f 361/361/1 366/366/1 362/362/1
f 364/364/1 366/366/1 368/368/1
f 125/125/1 360/360/1 123/123/1
f 122/122/1 360/360/1 363/363/1
f 122/122/1 367/367/1 121/121/1
f 46/46/1 367/367/1 308/308/1
f 308/308/1 364/364/1 315/315/1
f 364/364/1 313/313/1 315/315/1
f 368/368/1 314/314/1 313/313/1
f 366/366/1 369/369/1 368/368/1
f 365/365/1 370/370/1 366/366/1
f 238/238/1 371/371/1 365/365/1
f 236/236/1 365/365/1 361/361/1
f 235/235/1 361/361/1 360/360/1
f 372/372/1 374/374/1 375/375/1
f 375/375/1 376/376/1 378/378/1
f 70/70/1 372/372/1 324/324/1
f 324/324/1 375/375/1 331/331/1
f 134/134/1 373/373/1 372/372/1
f 377/377/1 329/329/1 378/378/1
f 378/378/1 379/379/1 377/377/1
f 378/378/1 331/331/1 375/375/1
f 380/380/1 382/382/1 383/383/1
f 383/383/1 384/384/1 388/388/1
f 381/381/1 386/386/1 382/382/1
f 382/382/1 387/387/1 384/384/1
f 155/155/1 380/380/1 153/153/1
f 153/153/1 383/383/1 152/152/1
f 152/152/1 388/388/1 151/151/1
f 151/151/1 337/337/1 84/84/1
f 388/388/1 339/339/1 337/337/1
f 384/384/1 340/340/1 339/339/1
f 387/387/1 341/341/1 340/340/1
f 386/386/1 389/389/1 387/387/1
f 385/385/1 390/390/1 386/386/1
f 257/257/1 391/391/1 385/385/1
f 392/392/1 385/385/1 381/381/1
f 255/255/1 381/381/1 380/380/1
f 393/393/1 395/395/1 396/396/1
f 393/393/1 397/397/1 400/400/1
f 396/396/1 398/398/1 399/399/1
f 397/397/1 399/399/1 401/401/1
f 175/175/1 394/394/1 173/173/1
f 172/172/1 394/394/1 393/393/1
f 171/171/1 393/393/1 400/400/1
f 105/105/1 400/400/1 352/352/1
f 352/352/1 397/397/1 359/359/1
f 359/359/1 401/401/1 357/357/1
f 401/401/1 358/358/1 357/357/1
f 401/401/1 403/403/1 402/402/1
f 399/399/1 404/404/1 403/403/1
f 398/398/1 278/278/1 404/404/1
f 276/276/1 398/398/1 395/395/1
f 394/394/1 276/276/1 395/395/1
f 406/406/1 408/408/1 410/410/1
f 409/409/1 408/408/1 412/412/1
f 408/408/1 411/411/1 413/413/1
f 412/412/1 413/413/1 417/417/1
f 356/356/1 414/414/1 406/406/1
f 355/355/1 406/406/1 410/410/1
f 355/355/1 409/409/1 354/354/1
f 354/354/1 415/415/1 298/298/1
f 409/409/1 416/416/1 415/415/1
f 412/412/1 418/418/1 416/416/1
f 418/418/1 419/419/1 552/552/1
f 417/417/1 420/420/1 419/419/1
f 413/413/1 421/421/1 420/420/1
f 411/411/1 423/423/1 421/421/1
f 407/407/1 422/422/1 411/411/1
f 406/406/1 424/424/1 407/407/1
f 425/425/1 427/427/1 429/429/1
f 428/428/1 427/427/1 435/435/1
f 426/426/1 431/431/1 427/427/1
f 427/427/1 432/432/1 435/435/1
f 371/371/1 433/433/1 425/425/1
f 371/371/1 429/429/1 370/370/1
f 370/370/1 428/428/1 369/369/1
f 369/369/1 434/434/1 314/314/1
f 428/428/1 436/436/1 434/434/1
f 435/435/1 437/437/1 436/436/1
f 437/437/1 438/438/1 565/565/1
f 431/431/1 438/438/1 432/432/1
f 431/431/1 440/440/1 439/439/1
f 441/441/1 440/440/1 430/430/1
f 426/426/1 441/441/1 430/430/1
f 425/425/1 443/443/1 426/426/1
f 444/444/1 446/446/1 447/447/1
f 447/447/1 448/448/1 453/453/1
f 330/330/1 444/444/1 449/449/1
f 449/449/1 447/447/1 455/455/1
f 377/377/1 445/445/1 444/444/1
f 450/450/1 452/452/1 453/453/1
f 453/453/1 454/454/1 450/450/1
f 453/453/1 455/455/1 447/447/1
f 456/456/1 458/458/1 459/459/1
f 459/459/1 460/460/1 465/465/1
f 457/457/1 462/462/1 458/458/1
f 458/458/1 463/463/1 460/460/1
f 259/259/1 456/456/1 391/391/1
f 391/391/1 459/459/1 390/390/1
f 390/390/1 465/465/1 389/389/1
f 389/389/1 466/466/1 341/341/1
f 465/465/1 467/467/1 466/466/1
f 460/460/1 468/468/1 467/467/1
f 463/463/1 470/470/1 468/468/1
f 462/462/1 469/469/1 463/463/1
f 461/461/1 471/471/1 462/462/1
f 473/473/1 472/472/1 461/461/1
f 475/475/1 461/461/1 457/457/1
f 464/464/1 457/457/1 456/456/1
f 476/476/1 478/478/1 480/480/1
f 479/479/1 478/478/1 483/483/1
f 477/477/1 482/482/1 478/478/1
f 483/483/1 482/482/1 485/485/1
f 278/278/1 476/476/1 404/404/1
f 404/404/1 480/480/1 403/403/1
f 402/402/1 480/480/1 479/479/1
f 402/402/1 414/414/1 358/358/1
f 479/479/1 424/424/1 414/414/1
f 483/483/1 422/422/1 424/424/1
f 422/422/1 486/486/1 423/423/1
f 485/485/1 487/487/1 486/486/1
f 482/482/1 488/488/1 487/487/1
f 481/481/1 490/490/1 488/488/1
f 477/477/1 489/489/1 481/481/1
f 476/476/1 491/491/1 477/477/1
f 492/492/1 494/494/1 496/496/1
f 495/495/1 494/494/1 498/498/1
f 494/494/1 497/497/1 499/499/1
f 498/498/1 499/499/1 501/501/1
f 242/242/1 500/500/1 492/492/1
f 241/241/1 492/492/1 496/496/1
f 241/241/1 495/495/1 239/239/1
f 239/239/1 433/433/1 240/240/1
f 495/495/1 443/443/1 433/433/1
f 498/498/1 441/441/1 443/443/1
f 501/501/1 442/442/1 441/441/1
f 499/499/1 502/502/1 501/501/1
f 499/499/1 504/504/1 503/503/1
f 505/505/1 504/504/1 497/497/1
f 493/493/1 505/505/1 497/497/1
f 492/492/1 507/507/1 493/493/1
f 508/508/1 510/510/1 512/512/1
f 511/511/1 510/510/1 514/514/1
f 510/510/1 513/513/1 515/515/1
f 514/514/1 515/515/1 517/517/1
f 261/261/1 516/516/1 508/508/1
f 260/260/1 508/508/1 512/512/1
f 258/258/1 512/512/1 511/511/1
f 259/259/1 511/511/1 464/464/1
f 511/511/1 475/475/1 464/464/1
f 514/514/1 473/473/1 475/475/1
f 473/473/1 518/518/1 474/474/1
f 515/515/1 518/518/1 517/517/1
f 515/515/1 520/520/1 519/519/1
f 521/521/1 520/520/1 513/513/1
f 509/509/1 521/521/1 513/513/1
f 508/508/1 523/523/1 509/509/1
f 524/524/1 526/526/1 528/528/1
f 527/527/1 526/526/1 533/533/1
f 525/525/1 530/530/1 526/526/1
f 526/526/1 531/531/1 533/533/1
f 280/280/1 532/532/1 524/524/1
f 280/280/1 528/528/1 279/279/1
f 277/277/1 528/528/1 527/527/1
f 277/277/1 484/484/1 278/278/1
f 527/527/1 491/491/1 484/484/1
f 533/533/1 489/489/1 491/491/1
f 489/489/1 534/534/1 490/490/1
f 530/530/1 534/534/1 531/531/1
f 530/530/1 536/536/1 535/535/1
f 537/537/1 536/536/1 529/529/1
f 525/525/1 537/537/1 529/529/1
f 532/532/1 525/525/1 524/524/1
f 540/540/1 542/542/1 544/544/1
f 543/543/1 544/544/1 546/546/1
f 544/544/1 545/545/1 547/547/1
f 546/546/1 547/547/1 548/548/1
f 296/296/1 415/415/1 541/541/1
f 295/295/1 541/541/1 540/540/1
f 294/294/1 540/540/1 543/543/1
f 294/294/1 500/500/1 244/244/1
f 543/543/1 507/507/1 500/500/1
f 546/546/1 505/505/1 507/507/1
f 505/505/1 549/549/1 506/506/1
f 547/547/1 549/549/1 548/548/1
f 547/547/1 551/551/1 550/550/1
f 545/545/1 552/552/1 551/551/1
f 542/542/1 418/418/1 545/545/1
f 541/541/1 416/416/1 542/542/1
f 553/553/1 555/555/1 557/557/1
f 556/556/1 555/555/1 559/559/1
f 555/555/1 558/558/1 560/560/1
f 559/559/1 560/560/1 561/561/1
f 312/312/1 434/434/1 553/553/1
f 311/311/1 553/553/1 557/557/1
f 311/311/1 556/556/1 310/310/1
f 263/263/1 556/556/1 516/516/1
f 556/556/1 523/523/1 516/516/1
f 559/559/1 521/521/1 523/523/1
f 561/561/1 522/522/1 521/521/1
f 560/560/1 562/562/1 561/561/1
f 560/560/1 564/564/1 563/563/1
f 437/437/1 564/564/1 558/558/1
f 554/554/1 437/437/1 558/558/1
f 553/553/1 436/436/1 554/554/1
f 566/566/1 568/568/1 570/570/1
f 569/569/1 570/570/1 572/572/1
f 570/570/1 571/571/1 573/573/1
f 572/572/1 573/573/1 574/574/1
f 328/328/1 449/449/1 567/567/1
f 327/327/1 567/567/1 566/566/1
f 326/326/1 566/566/1 569/569/1
f 282/282/1 569/569/1 532/532/1
f 532/532/1 572/572/1 539/539/1
f 539/539/1 574/574/1 537/537/1
f 537/537/1 575/575/1 538/538/1
f 574/574/1 576/576/1 575/575/1
f 573/573/1 577/577/1 576/576/1
f 571/571/1 451/451/1 577/577/1
f 568/568/1 452/452/1 571/571/1
f 567/567/1 455/455/1 568/568/1
f 578/578/1 580/580/1 583/583/1
f 579/579/1 582/582/1 580/580/1
f 341/341/1 578/578/1 342/342/1
f 342/342/1 583/583/1 343/343/1
f 466/466/1 579/579/1 578/578/1
f 468/468/1 584/584/1 581/581/1
f 467/467/1 581/581/1 579/579/1
f 581/581/1 585/585/1 582/582/1
f 586/586/1 588/588/1 590/590/1
f 589/589/1 590/590/1 592/592/1
f 590/590/1 591/591/1 593/593/1
f 592/592/1 593/593/1 597/597/1
f 551/551/1 594/594/1 587/587/1
f 550/550/1 587/587/1 586/586/1
f 550/550/1 589/589/1 549/549/1
f 506/506/1 589/589/1 595/595/1
f 595/595/1 592/592/1 596/596/1
f 596/596/1 597/597/1 598/598/1
f 598/598/1 599/599/1 739/739/1
f 597/597/1 600/600/1 599/599/1
f 593/593/1 601/601/1 600/600/1
f 591/591/1 603/603/1 601/601/1
f 588/588/1 602/602/1 591/591/1
f 587/587/1 604/604/1 588/588/1
f 605/605/1 607/607/1 608/608/1
f 608/608/1 609/609/1 613/613/1
f 607/607/1 610/610/1 611/611/1
f 609/609/1 611/611/1 616/616/1
f 565/565/1 605/605/1 564/564/1
f 563/563/1 605/605/1 608/608/1
f 563/563/1 613/613/1 562/562/1
f 522/522/1 613/613/1 614/614/1
f 614/614/1 609/609/1 615/615/1
f 615/615/1 616/616/1 617/617/1
f 617/617/1 618/618/1 752/752/1
f 616/616/1 619/619/1 618/618/1
f 611/611/1 620/620/1 619/619/1
f 621/621/1 620/620/1 610/610/1
f 623/623/1 610/610/1 606/606/1
f 612/612/1 606/606/1 605/605/1
f 624/624/1 626/626/1 628/628/1
f 627/627/1 628/628/1 630/630/1
f 628/628/1 629/629/1 631/631/1
f 630/630/1 631/631/1 635/635/1
f 577/577/1 632/632/1 625/625/1
f 576/576/1 625/625/1 624/624/1
f 575/575/1 624/624/1 627/627/1
f 538/538/1 627/627/1 633/633/1
f 633/633/1 630/630/1 634/634/1
f 634/634/1 635/635/1 636/636/1
f 636/636/1 637/637/1 765/765/1
f 635/635/1 638/638/1 637/637/1
f 631/631/1 639/639/1 638/638/1
f 629/629/1 641/641/1 639/639/1
f 626/626/1 640/640/1 629/629/1
f 625/625/1 642/642/1 626/626/1
f 643/643/1 645/645/1 649/649/1
f 644/644/1 647/647/1 645/645/1
f 470/470/1 643/643/1 584/584/1
f 584/584/1 649/649/1 585/585/1
f 648/648/1 644/644/1 643/643/1
f 651/651/1 653/653/1 646/646/1
f 650/650/1 646/646/1 644/644/1
f 646/646/1 654/654/1 647/647/1
f 655/655/1 657/657/1 659/659/1
f 658/658/1 659/659/1 661/661/1
f 659/659/1 660/660/1 662/662/1
f 661/661/1 662/662/1 664/664/1
f 421/421/1 663/663/1 656/656/1
f 420/420/1 656/656/1 655/655/1
f 420/420/1 658/658/1 419/419/1
f 552/552/1 658/658/1 594/594/1
f 594/594/1 661/661/1 604/604/1
f 604/604/1 664/664/1 602/602/1
f 602/602/1 665/665/1 603/603/1
f 664/664/1 666/666/1 665/665/1
f 662/662/1 667/667/1 666/666/1
f 660/660/1 669/669/1 667/667/1
f 670/670/1 660/660/1 657/657/1
f 656/656/1 670/670/1 657/657/1
f 671/671/1 673/673/1 674/674/1
f 674/674/1 675/675/1 679/679/1
f 672/672/1 677/677/1 673/673/1
f 675/675/1 677/677/1 680/680/1
f 442/442/1 671/671/1 440/440/1
f 439/439/1 671/671/1 674/674/1
f 439/439/1 679/679/1 438/438/1
f 565/565/1 679/679/1 612/612/1
f 679/679/1 623/623/1 612/612/1
f 623/623/1 680/680/1 621/621/1
f 680/680/1 622/622/1 621/621/1
f 677/677/1 681/681/1 680/680/1
f 676/676/1 682/682/1 677/677/1
f 684/684/1 683/683/1 676/676/1
f 686/686/1 676/676/1 672/672/1
f 678/678/1 672/672/1 671/671/1
f 687/687/1 689/689/1 690/690/1
f 690/690/1 691/691/1 693/693/1
f 451/451/1 687/687/1 632/632/1
f 632/632/1 690/690/1 642/642/1
f 450/450/1 688/688/1 687/687/1
f 692/692/1 640/640/1 693/693/1
f 693/693/1 694/694/1 692/692/1
f 693/693/1 642/642/1 690/690/1
f 695/695/1 697/697/1 698/698/1
f 698/698/1 699/699/1 704/704/1
f 696/696/1 701/701/1 697/697/1
f 697/697/1 702/702/1 699/699/1
f 474/474/1 695/695/1 472/472/1
f 472/472/1 698/698/1 471/471/1
f 471/471/1 704/704/1 469/469/1
f 469/469/1 648/648/1 470/470/1
f 704/704/1 650/650/1 648/648/1
f 699/699/1 651/651/1 650/650/1
f 702/702/1 652/652/1 651/651/1
f 701/701/1 705/705/1 702/702/1
f 700/700/1 706/706/1 701/701/1
f 708/708/1 707/707/1 700/700/1
f 710/710/1 700/700/1 696/696/1
f 703/703/1 696/696/1 695/695/1
f 711/711/1 713/713/1 714/714/1
f 714/714/1 715/715/1 719/719/1
f 712/712/1 717/717/1 713/713/1
f 715/715/1 717/717/1 720/720/1
f 490/490/1 711/711/1 488/488/1
f 487/487/1 711/711/1 714/714/1
f 487/487/1 719/719/1 486/486/1
f 423/423/1 719/719/1 663/663/1
f 719/719/1 670/670/1 663/663/1
f 670/670/1 720/720/1 668/668/1
f 668/668/1 721/721/1 669/669/1
f 717/717/1 721/721/1 720/720/1
f 717/717/1 723/723/1 722/722/1
f 724/724/1 723/723/1 716/716/1
f 712/712/1 724/724/1 716/716/1
f 711/711/1 726/726/1 712/712/1
f 727/727/1 729/729/1 730/730/1
f 730/730/1 731/731/1 735/735/1
f 728/728/1 733/733/1 729/729/1
f 729/729/1 734/734/1 731/731/1
f 506/506/1 727/727/1 504/504/1
f 504/504/1 730/730/1 503/503/1
f 502/502/1 730/730/1 735/735/1
f 502/502/1 678/678/1 442/442/1
f 735/735/1 686/686/1 678/678/1
f 686/686/1 734/734/1 684/684/1
f 734/734/1 685/685/1 684/684/1
f 733/733/1 736/736/1 734/734/1
f 733/733/1 738/738/1 737/737/1
f 732/732/1 739/739/1 738/738/1
f 728/728/1 598/598/1 732/732/1
f 595/595/1 728/728/1 727/727/1
f 740/740/1 742/742/1 744/744/1
f 743/743/1 744/744/1 746/746/1
f 744/744/1 745/745/1 747/747/1
f 746/746/1 747/747/1 748/748/1
f 520/520/1 614/614/1 741/741/1
f 519/519/1 741/741/1 740/740/1
f 518/518/1 740/740/1 743/743/1
f 474/474/1 743/743/1 703/703/1
f 703/703/1 746/746/1 710/710/1
f 746/746/1 708/708/1 710/710/1
f 748/748/1 709/709/1 708/708/1
f 748/748/1 750/750/1 749/749/1
f 747/747/1 751/751/1 750/750/1
f 745/745/1 752/752/1 751/751/1
f 742/742/1 617/617/1 745/745/1
f 741/741/1 615/615/1 742/742/1
f 753/753/1 755/755/1 757/757/1
f 756/756/1 755/755/1 761/761/1
f 754/754/1 759/759/1 755/755/1
f 755/755/1 760/760/1 761/761/1
f 538/538/1 753/753/1 536/536/1
f 535/535/1 753/753/1 757/757/1
f 535/535/1 756/756/1 534/534/1
f 490/490/1 756/756/1 718/718/1
f 756/756/1 726/726/1 718/718/1
f 761/761/1 724/724/1 726/726/1
f 760/760/1 725/725/1 724/724/1
f 759/759/1 762/762/1 760/760/1
f 759/759/1 764/764/1 763/763/1
f 636/636/1 764/764/1 758/758/1
f 634/634/1 758/758/1 754/754/1
f 753/753/1 634/634/1 754/754/1
f 766/766/1 768/768/1 769/769/1
f 769/769/1 770/770/1 774/774/1
f 768/768/1 771/771/1 772/772/1
f 770/770/1 772/772/1 777/777/1
f 723/723/1 773/773/1 766/766/1
f 722/722/1 766/766/1 769/769/1
f 721/721/1 769/769/1 774/774/1
f 721/721/1 775/775/1 669/669/1
f 774/774/1 776/776/1 775/775/1
f 776/776/1 777/777/1 780/780/1
f 778/778/1 780/780/1 777/777/1
f 777/777/1 781/781/1 778/778/1
f 772/772/1 782/782/1 781/781/1
f 783/783/1 782/782/1 771/771/1
f 785/785/1 771/771/1 767/767/1
f 766/766/1 785/785/1 767/767/1
f 786/786/1 788/788/1 789/789/1
f 786/786/1 790/790/1 795/795/1
f 788/788/1 792/792/1 789/789/1
f 789/789/1 793/793/1 790/790/1
f 738/738/1 794/794/1 787/787/1
f 737/737/1 787/787/1 786/786/1
f 737/737/1 795/795/1 736/736/1
f 736/736/1 796/796/1 685/685/1
f 795/795/1 797/797/1 796/796/1
f 797/797/1 793/793/1 800/800/1
f 798/798/1 800/800/1 793/793/1
f 792/792/1 798/798/1 793/793/1
f 791/791/1 801/801/1 792/792/1
f 803/803/1 802/802/1 791/791/1
f 805/805/1 791/791/1 788/788/1
f 787/787/1 805/805/1 788/788/1
f 806/806/1 808/808/1 810/810/1
f 809/809/1 810/810/1 812/812/1
f 810/810/1 811/811/1 813/813/1
f 812/812/1 813/813/1 816/816/1
f 751/751/1 814/814/1 807/807/1
f 750/750/1 807/807/1 806/806/1
f 749/749/1 806/806/1 809/809/1
f 709/709/1 809/809/1 815/815/1
f 815/815/1 812/812/1 947/947/1
f 812/812/1 817/817/1 947/947/1
f 816/816/1 819/819/1 817/817/1
f 820/820/1 816/816/1 813/813/1
f 811/811/1 820/820/1 813/813/1
f 822/822/1 821/821/1 811/811/1
f 824/824/1 811/811/1 808/808/1
f 807/807/1 824/824/1 808/808/1
f 825/825/1 827/827/1 829/829/1
f 828/828/1 827/827/1 834/834/1
f 827/827/1 830/830/1 831/831/1
f 827/827/1 832/832/1 834/834/1
f 765/765/1 825/825/1 764/764/1
f 763/763/1 825/825/1 829/829/1
f 763/763/1 828/828/1 762/762/1
f 762/762/1 773/773/1 725/725/1
f 828/828/1 785/785/1 773/773/1
f 785/785/1 832/832/1 783/783/1
f 832/832/1 784/784/1 783/783/1
f 831/831/1 835/835/1 832/832/1
f 837/837/1 831/831/1 830/830/1
f 838/838/1 837/837/1 830/830/1
f 840/840/1 830/830/1 826/826/1
f 833/833/1 826/826/1 825/825/1
f 841/841/1 843/843/1 845/845/1
f 844/844/1 845/845/1 847/847/1
f 845/845/1 846/846/1 848/848/1
f 847/847/1 848/848/1 850/850/1
f 603/603/1 842/842/1 601/601/1
f 600/600/1 842/842/1 841/841/1
f 599/599/1 841/841/1 844/844/1
f 739/739/1 844/844/1 794/794/1
f 794/794/1 847/847/1 805/805/1
f 805/805/1 850/850/1 803/803/1
f 851/851/1 803/803/1 850/850/1
f 852/852/1 850/850/1 848/848/1
f 853/853/1 848/848/1 846/846/1
f 854/854/1 853/853/1 846/846/1
f 843/843/1 854/854/1 846/846/1
f 842/842/1 856/856/1 843/843/1
f 857/857/1 859/859/1 861/861/1
f 860/860/1 859/859/1 864/864/1
f 858/858/1 863/863/1 859/859/1
f 864/864/1 863/863/1 866/866/1
f 622/622/1 857/857/1 620/620/1
f 619/619/1 857/857/1 861/861/1
f 619/619/1 860/860/1 618/618/1
f 618/618/1 814/814/1 752/752/1
f 814/814/1 864/864/1 824/824/1
f 824/824/1 866/866/1 822/822/1
f 867/867/1 822/822/1 866/866/1
f 863/863/1 867/867/1 866/866/1
f 862/862/1 868/868/1 863/863/1
f 870/870/1 869/869/1 862/862/1
f 872/872/1 862/862/1 858/858/1
f 865/865/1 858/858/1 857/857/1
f 873/873/1 875/875/1 877/877/1
f 876/876/1 877/877/1 879/879/1
f 877/877/1 878/878/1 880/880/1
f 879/879/1 880/880/1 882/882/1
f 639/639/1 881/881/1 874/874/1
f 638/638/1 874/874/1 873/873/1
f 637/637/1 873/873/1 876/876/1
f 765/765/1 876/876/1 833/833/1
f 833/833/1 879/879/1 840/840/1
f 840/840/1 882/882/1 838/838/1
f 883/883/1 838/838/1 882/882/1
f 884/884/1 882/882/1 880/880/1
f 882/882/1 885/885/1 883/883/1
f 880/880/1 886/886/1 884/884/1
f 878/878/1 888/888/1 886/886/1
f 875/875/1 887/887/1 878/878/1
f 874/874/1 889/889/1 875/875/1
f 890/890/1 892/892/1 896/896/1
f 891/891/1 894/894/1 892/892/1
f 652/652/1 890/890/1 653/653/1
f 653/653/1 896/896/1 654/654/1
f 895/895/1 891/891/1 890/890/1
f 898/898/1 900/900/1 893/893/1
f 897/897/1 893/893/1 891/891/1
f 893/893/1 901/901/1 894/894/1
f 902/902/1 904/904/1 906/906/1
f 905/905/1 906/906/1 909/909/1
f 904/904/1 908/908/1 906/906/1
f 909/909/1 908/908/1 910/910/1
f 667/667/1 775/775/1 903/903/1
f 666/666/1 903/903/1 902/902/1
f 665/665/1 902/902/1 905/905/1
f 603/603/1 905/905/1 849/849/1
f 849/849/1 909/909/1 856/856/1
f 856/856/1 910/910/1 854/854/1
f 911/911/1 854/854/1 910/910/1
f 910/910/1 912/912/1 911/911/1
f 907/907/1 912/912/1 908/908/1
f 780/780/1 913/913/1 907/907/1
f 776/776/1 907/907/1 904/904/1
f 903/903/1 776/776/1 904/904/1
f 914/914/1 916/916/1 918/918/1
f 917/917/1 916/916/1 922/922/1
f 915/915/1 920/920/1 916/916/1
f 916/916/1 921/921/1 922/922/1
f 685/685/1 914/914/1 683/683/1
f 683/683/1 918/918/1 682/682/1
f 682/682/1 917/917/1 681/681/1
f 622/622/1 917/917/1 865/865/1
f 917/917/1 872/872/1 865/865/1
f 872/872/1 921/921/1 870/870/1
f 923/923/1 870/870/1 921/921/1
f 920/920/1 923/923/1 921/921/1
f 925/925/1 920/920/1 919/919/1
f 800/800/1 925/925/1 919/919/1
f 797/797/1 919/919/1 915/915/1
f 796/796/1 915/915/1 914/914/1
f 926/926/1 928/928/1 929/929/1
f 929/929/1 930/930/1 932/932/1
f 641/641/1 926/926/1 881/881/1
f 881/881/1 929/929/1 889/889/1
f 692/692/1 927/927/1 926/926/1
f 931/931/1 887/887/1 932/932/1
f 932/932/1 933/933/1 931/931/1
f 932/932/1 889/889/1 929/929/1
f 934/934/1 936/936/1 937/937/1
f 937/937/1 938/938/1 942/942/1
f 935/935/1 940/940/1 936/936/1
f 936/936/1 941/941/1 938/938/1
f 709/709/1 934/934/1 707/707/1
f 707/707/1 937/937/1 706/706/1
f 706/706/1 942/942/1 705/705/1
f 705/705/1 895/895/1 652/652/1
f 942/942/1 897/897/1 895/895/1
f 938/938/1 898/898/1 897/897/1
f 941/941/1 899/899/1 898/898/1
f 940/940/1 943/943/1 941/941/1
f 946/946/1 945/945/1 939/939/1
f 939/939/1 944/944/1 940/940/1
f 817/817/1 946/946/1 939/939/1
f 947/947/1 939/939/1 935/935/1
f 815/815/1 935/935/1 934/934/1
f 948/948/1 950/950/1 954/954/1
f 949/949/1 952/952/1 950/950/1
f 899/899/1 948/948/1 900/900/1
f 900/900/1 954/954/1 901/901/1
f 953/953/1 949/949/1 948/948/1
f 956/956/1 958/958/1 951/951/1
f 976/976/1 956/956/1 955/955/1
f 955/955/1 951/951/1 949/949/1
f 951/951/1 959/959/1 952/952/1
f 960/960/1 962/962/1 963/963/1
f 963/963/1 964/964/1 969/969/1
f 888/888/1 960/960/1 965/965/1
f 965/965/1 963/963/1 971/971/1
f 931/931/1 961/961/1 960/960/1
f 966/966/1 968/968/1 969/969/1
f 969/969/1 970/970/1 966/966/1
f 980/980/1 971/971/1 968/968/1
f 968/968/1 971/971/1 969/969/1
f 973/973/1 944/944/1 974/974/1
f 974/974/1 944/944/1 975/975/1
f 943/943/1 953/953/1 899/899/1
f 955/955/1 973/973/1 977/977/1
f 977/977/1 973/973/1 972/972/1
f 978/978/1 886/886/1 982/982/1
f 982/982/1 886/886/1 965/965/1
f 884/884/1 978/978/1 979/979/1
f 971/971/1 982/982/1 965/965/1
f 984/984/1 983/983/1 989/989/1
f 983/983/1 985/985/1 988/988/1
f 984/984/1 987/987/1 985/985/1
f 983/983/1 957/957/1 990/990/1
f 958/958/1 988/988/1 959/959/1
f 986/986/1 992/992/1 987/987/1
f 994/994/1 993/993/1 1000/1000/1
f 993/993/1 995/995/1 999/999/1
f 996/996/1 995/995/1 994/994/1
f 993/993/1 967/967/1 966/966/1
f 966/966/1 1000/1000/1 993/993/1
f 1001/1001/1 997/997/1 996/996/1
f 1011/1011/1 1013/1013/1 1015/1015/1
f 1021/1021/1 1012/1012/1 1014/1014/1
f 1014/1014/1 1011/1011/1 1018/1018/1
f 1009/1009/1 1015/1015/1 1013/1013/1
f 1014/1014/1 1017/1017/1 1019/1019/1
f 1019/1019/1 1021/1021/1 1014/1014/1
f 1029/1029/1 1024/1024/1 1023/1023/1
f 1023/1023/1 1022/1022/1 1025/1025/1
f 1025/1025/1 1027/1027/1 1023/1023/1
f 1024/1024/1 1006/1006/1 1022/1022/1
f 1027/1027/1 1031/1031/1 1033/1033/1
f 1026/1026/1 1030/1030/1 1027/1027/1
f 1023/1023/1 1033/1033/1 1028/1028/1
f 1034/1034/1 1036/1036/1 1047/1047/1
f 1035/1035/1 1038/1038/1 1036/1036/1
f 1037/1037/1 1040/1040/1 1038/1038/1
f 1037/1037/1 1042/1042/1 1039/1039/1
f 1037/1037/1 1043/1043/1 1041/1041/1
f 1034/1034/1 1043/1043/1 1035/1035/1
f 1034/1034/1 1046/1046/1 1044/1044/1
f 1045/1045/1 1047/1047/1 1080/1080/1
f 1048/1048/1 1050/1050/1 1061/1061/1
f 1049/1049/1 1052/1052/1 1050/1050/1
f 1051/1051/1 1054/1054/1 1052/1052/1
f 1051/1051/1 1056/1056/1 1053/1053/1
f 1049/1049/1 1055/1055/1 1051/1051/1
f 1048/1048/1 1057/1057/1 1049/1049/1
f 1059/1059/1 1058/1058/1 1048/1048/1
f 1059/1059/1 1061/1061/1 1095/1095/1
f 1062/1062/1 1064/1064/1 1074/1074/1
f 1063/1063/1 1066/1066/1 1064/1064/1
f 1065/1065/1 1068/1068/1 1066/1066/1
f 1067/1067/1 1069/1069/1 1180/1180/1
f 1065/1065/1 1070/1070/1 1069/1069/1
f 1062/1062/1 1070/1070/1 1063/1063/1
f 1062/1062/1 1073/1073/1 1071/1071/1
f 1072/1072/1 1074/1074/1 1122/1122/1
f 1075/1075/1 1077/1077/1 1086/1086/1
f 1076/1076/1 1079/1079/1 1077/1077/1
f 1078/1078/1 1080/1080/1 1079/1079/1
f 1078/1078/1 1046/1046/1 1045/1045/1
f 1078/1078/1 1082/1082/1 1081/1081/1
f 1075/1075/1 1082/1082/1 1076/1076/1
f 1075/1075/1 1085/1085/1 1083/1083/1
f 1084/1084/1 1086/1086/1 1134/1134/1
f 1087/1087/1 1089/1089/1 1098/1098/1
f 1090/1090/1 1088/1088/1 1087/1087/1
f 1059/1059/1 1091/1091/1 1090/1090/1
f 1090/1090/1 1060/1060/1 1059/1059/1
f 1087/1087/1 1096/1096/1 1090/1090/1
f 1098/1098/1 1097/1097/1 1087/1087/1
f 1100/1100/1 1099/1099/1 1098/1098/1
f 1089/1089/1 1102/1102/1 1098/1098/1
f 1098/1098/1 1103/1103/1 1100/1100/1
f 1102/1102/1 1092/1092/1 1103/1103/1
f 1104/1104/1 1106/1106/1 1111/1111/1
f 1107/1107/1 1105/1105/1 1104/1104/1
f 1017/1017/1 1109/1109/1 1019/1019/1
f 1019/1019/1 1109/1109/1 1111/1111/1
f 1111/1111/1 1020/1020/1 1019/1019/1
f 1111/1111/1 1112/1112/1 1104/1104/1
f 1113/1113/1 1107/1107/1 1115/1115/1
f 1115/1115/1 1104/1104/1 1112/1112/1
f 1114/1114/1 1108/1108/1 1107/1107/1
f 1117/1117/1 1119/1119/1 1128/1128/1
f 1118/1118/1 1121/1121/1 1119/1119/1
f 1120/1120/1 1122/1122/1 1121/1121/1
f 1072/1072/1 1123/1123/1 1073/1073/1
f 1120/1120/1 1124/1124/1 1123/1123/1
f 1118/1118/1 1125/1125/1 1124/1124/1
f 1117/1117/1 1127/1127/1 1125/1125/1
f 1126/1126/1 1128/1128/1 1165/1165/1
f 1129/1129/1 1131/1131/1 1140/1140/1
f 1130/1130/1 1133/1133/1 1131/1131/1
f 1132/1132/1 1134/1134/1 1133/1133/1
f 1132/1132/1 1085/1085/1 1084/1084/1
f 1132/1132/1 1136/1136/1 1135/1135/1
f 1129/1129/1 1136/1136/1 1130/1130/1
f 1129/1129/1 1139/1139/1 1137/1137/1
f 1138/1138/1 1140/1140/1 1175/1175/1
f 1141/1141/1 1143/1143/1 1146/1146/1
f 1142/1142/1 1145/1145/1 1143/1143/1
f 1094/1094/1 1031/1031/1 1092/1092/1
f 1092/1092/1 1030/1030/1 1146/1146/1
f 1103/1103/1 1146/1146/1 1143/1143/1
f 1032/1032/1 1146/1146/1 1030/1030/1
f 1101/1101/1 1145/1145/1 1148/1148/1
f 1144/1144/1 1148/1148/1 1145/1145/1
f 1100/1100/1 1143/1143/1 1145/1145/1
f 1149/1149/1 1151/1151/1 1159/1159/1
f 1150/1150/1 1153/1153/1 1151/1151/1
f 1109/1109/1 1155/1155/1 1112/1112/1
f 1155/1155/1 1152/1152/1 1112/1112/1
f 1112/1112/1 1152/1152/1 1115/1115/1
f 1115/1115/1 1156/1156/1 1113/1113/1
f 1152/1152/1 1157/1157/1 1156/1156/1
f 1150/1150/1 1158/1158/1 1157/1157/1
f 1149/1149/1 1042/1042/1 1158/1158/1
f 1039/1039/1 1159/1159/1 1040/1040/1
f 1160/1160/1 1162/1162/1 1169/1169/1
f 1161/1161/1 1164/1164/1 1162/1162/1
f 1126/1126/1 1164/1164/1 1163/1163/1
f 1163/1163/1 1127/1127/1 1126/1126/1
f 1163/1163/1 1167/1167/1 1166/1166/1
f 1161/1161/1 1168/1168/1 1167/1167/1
f 1160/1160/1 1056/1056/1 1168/1168/1
f 1053/1053/1 1169/1169/1 1054/1054/1
f 1170/1170/1 1172/1172/1 1178/1178/1
f 1170/1170/1 1174/1174/1 1171/1171/1
f 1173/1173/1 1175/1175/1 1174/1174/1
f 1173/1173/1 1139/1139/1 1138/1138/1
f 1173/1173/1 1177/1177/1 1176/1176/1
f 1178/1178/1 1177/1177/1 1170/1170/1
f 1178/1178/1 1180/1180/1 1179/1179/1
f 1067/1067/1 1172/1172/1 1068/1068/1
f 1181/1181/1 1183/1183/1 1184/1184/1
f 1181/1181/1 1185/1185/1 1190/1190/1
f 1183/1183/1 1187/1187/1 1184/1184/1
f 1184/1184/1 1188/1188/1 1185/1185/1
f 1137/1137/1 1189/1189/1 1182/1182/1
f 1137/1137/1 1181/1181/1 1136/1136/1
f 1136/1136/1 1190/1190/1 1135/1135/1
f 1135/1135/1 1191/1191/1 1085/1085/1
f 1191/1191/1 1185/1185/1 1325/1325/1
f 1185/1185/1 1192/1192/1 1325/1325/1
f 1192/1192/1 1193/1193/1 1324/1324/1
f 1187/1187/1 1193/1193/1 1188/1188/1
f 1186/1186/1 1194/1194/1 1187/1187/1
f 1186/1186/1 1197/1197/1 1195/1195/1
f 1183/1183/1 1196/1196/1 1186/1186/1
f 1182/1182/1 1198/1198/1 1183/1183/1
f 1199/1199/1 1201/1201/1 1206/1206/1
f 1200/1200/1 1203/1203/1 1201/1201/1
f 1204/1204/1 1148/1148/1 1206/1206/1
f 1205/1205/1 1206/1206/1 1201/1201/1
f 1147/1147/1 1206/1206/1 1148/1148/1
f 1207/1207/1 1203/1203/1 1210/1210/1
f 1202/1202/1 1210/1210/1 1203/1203/1
f 1208/1208/1 1201/1201/1 1203/1203/1
f 1211/1211/1 1213/1213/1 1215/1215/1
f 1214/1214/1 1215/1215/1 1217/1217/1
f 1215/1215/1 1216/1216/1 1218/1218/1
f 1217/1217/1 1218/1218/1 1222/1222/1
f 1158/1158/1 1219/1219/1 1212/1212/1
f 1157/1157/1 1212/1212/1 1211/1211/1
f 1156/1156/1 1211/1211/1 1214/1214/1
f 1113/1113/1 1214/1214/1 1220/1220/1
f 1220/1220/1 1217/1217/1 1221/1221/1
f 1221/1221/1 1222/1222/1 1223/1223/1
f 1223/1223/1 1224/1224/1 1344/1344/1
f 1222/1222/1 1225/1225/1 1224/1224/1
f 1218/1218/1 1226/1226/1 1225/1225/1
f 1216/1216/1 1228/1228/1 1226/1226/1
f 1213/1213/1 1227/1227/1 1216/1216/1
f 1212/1212/1 1229/1229/1 1213/1213/1
f 1230/1230/1 1232/1232/1 1234/1234/1
f 1233/1233/1 1232/1232/1 1240/1240/1
f 1231/1231/1 1236/1236/1 1232/1232/1
f 1232/1232/1 1237/1237/1 1240/1240/1
f 1056/1056/1 1230/1230/1 1168/1168/1
f 1168/1168/1 1234/1234/1 1167/1167/1
f 1166/1166/1 1234/1234/1 1233/1233/1
f 1127/1127/1 1233/1233/1 1239/1239/1
f 1239/1239/1 1240/1240/1 1360/1360/1
f 1240/1240/1 1241/1241/1 1360/1360/1
f 1241/1241/1 1242/1242/1 1359/1359/1
f 1237/1237/1 1243/1243/1 1242/1242/1
f 1236/1236/1 1244/1244/1 1243/1243/1
f 1245/1245/1 1244/1244/1 1235/1235/1
f 1247/1247/1 1235/1235/1 1231/1231/1
f 1238/1238/1 1231/1231/1 1230/1230/1
f 1248/1248/1 1250/1250/1 1252/1252/1
f 1251/1251/1 1250/1250/1 1257/1257/1
f 1249/1249/1 1254/1254/1 1250/1250/1
f 1250/1250/1 1255/1255/1 1257/1257/1
f 1179/1179/1 1256/1256/1 1248/1248/1
f 1179/1179/1 1252/1252/1 1177/1177/1
f 1176/1176/1 1252/1252/1 1251/1251/1
f 1176/1176/1 1189/1189/1 1139/1139/1
f 1251/1251/1 1198/1198/1 1189/1189/1
f 1257/1257/1 1196/1196/1 1198/1198/1
f 1255/1255/1 1197/1197/1 1196/1196/1
f 1254/1254/1 1258/1258/1 1255/1255/1
f 1253/1253/1 1259/1259/1 1254/1254/1
f 1261/1261/1 1260/1260/1 1253/1253/1
f 1263/1263/1 1253/1253/1 1249/1249/1
f 1248/1248/1 1263/1263/1 1249/1249/1
f 1264/1264/1 1266/1266/1 1267/1267/1
f 1264/1264/1 1268/1268/1 1273/1273/1
f 1267/1267/1 1269/1269/1 1270/1270/1
f 1267/1267/1 1271/1271/1 1268/1268/1
f 1044/1044/1 1272/1272/1 1265/1265/1
f 1044/1044/1 1264/1264/1 1043/1043/1
f 1041/1041/1 1264/1264/1 1273/1273/1
f 1041/1041/1 1219/1219/1 1042/1042/1
f 1219/1219/1 1268/1268/1 1229/1229/1
f 1268/1268/1 1227/1227/1 1229/1229/1
f 1227/1227/1 1274/1274/1 1228/1228/1
f 1271/1271/1 1275/1275/1 1274/1274/1
f 1270/1270/1 1276/1276/1 1275/1275/1
f 1269/1269/1 1278/1278/1 1276/1276/1
f 1266/1266/1 1277/1277/1 1269/1269/1
f 1265/1265/1 1279/1279/1 1266/1266/1
f 1280/1280/1 1282/1282/1 1284/1284/1
f 1283/1283/1 1282/1282/1 1289/1289/1
f 1281/1281/1 1286/1286/1 1282/1282/1
f 1282/1282/1 1287/1287/1 1289/1289/1
f 1060/1060/1 1280/1280/1 1058/1058/1
f 1058/1058/1 1284/1284/1 1057/1057/1
f 1055/1055/1 1284/1284/1 1283/1283/1
f 1056/1056/1 1283/1283/1 1238/1238/1
f 1238/1238/1 1289/1289/1 1247/1247/1
f 1289/1289/1 1245/1245/1 1247/1247/1
f 1245/1245/1 1290/1290/1 1246/1246/1
f 1286/1286/1 1290/1290/1 1287/1287/1
f 1286/1286/1 1292/1292/1 1291/1291/1
f 1293/1293/1 1292/1292/1 1285/1285/1
f 1281/1281/1 1293/1293/1 1285/1285/1
f 1288/1288/1 1281/1281/1 1280/1280/1
f 1296/1296/1 1298/1298/1 1300/1300/1
f 1299/1299/1 1300/1300/1 1302/1302/1
f 1300/1300/1 1301/1301/1 1303/1303/1
f 1302/1302/1 1303/1303/1 1305/1305/1
f 1071/1071/1 1304/1304/1 1297/1297/1
f 1071/1071/1 1296/1296/1 1070/1070/1
f 1070/1070/1 1299/1299/1 1069/1069/1
f 1069/1069/1 1256/1256/1 1180/1180/1
f 1256/1256/1 1302/1302/1 1263/1263/1
f 1263/1263/1 1305/1305/1 1261/1261/1
f 1261/1261/1 1306/1306/1 1262/1262/1
f 1305/1305/1 1307/1307/1 1306/1306/1
f 1303/1303/1 1308/1308/1 1307/1307/1
f 1309/1309/1 1308/1308/1 1301/1301/1
f 1298/1298/1 1309/1309/1 1301/1301/1
f 1297/1297/1 1311/1311/1 1298/1298/1
f 1312/1312/1 1314/1314/1 1316/1316/1
f 1315/1315/1 1316/1316/1 1320/1320/1
f 1316/1316/1 1317/1317/1 1318/1318/1
f 1316/1316/1 1319/1319/1 1320/1320/1
f 1083/1083/1 1191/1191/1 1313/1313/1
f 1083/1083/1 1312/1312/1 1082/1082/1
f 1082/1082/1 1315/1315/1 1081/1081/1
f 1081/1081/1 1272/1272/1 1046/1046/1
f 1272/1272/1 1320/1320/1 1279/1279/1
f 1279/1279/1 1319/1319/1 1277/1277/1
f 1277/1277/1 1321/1321/1 1278/1278/1
f 1318/1318/1 1321/1321/1 1319/1319/1
f 1318/1318/1 1323/1323/1 1322/1322/1
f 1192/1192/1 1323/1323/1 1317/1317/1
f 1325/1325/1 1317/1317/1 1314/1314/1
f 1313/1313/1 1325/1325/1 1314/1314/1
f 1326/1326/1 1328/1328/1 1329/1329/1
f 1329/1329/1 1330/1330/1 1334/1334/1
f 1327/1327/1 1332/1332/1 1328/1328/1
f 1328/1328/1 1333/1333/1 1330/1330/1
f 1101/1101/1 1326/1326/1 1099/1099/1
f 1099/1099/1 1329/1329/1 1097/1097/1
f 1097/1097/1 1334/1334/1 1096/1096/1
f 1096/1096/1 1288/1288/1 1060/1060/1
f 1334/1334/1 1295/1295/1 1288/1288/1
f 1330/1330/1 1293/1293/1 1295/1295/1
f 1333/1333/1 1294/1294/1 1293/1293/1
f 1332/1332/1 1335/1335/1 1333/1333/1
f 1331/1331/1 1336/1336/1 1332/1332/1
f 1208/1208/1 1337/1337/1 1331/1331/1
f 1205/1205/1 1331/1331/1 1327/1327/1
f 1204/1204/1 1327/1327/1 1326/1326/1
f 1338/1338/1 1340/1340/1 1343/1343/1
f 1341/1341/1 1339/1339/1 1338/1338/1
f 1114/1114/1 1220/1220/1 1343/1343/1
f 1343/1343/1 1116/1116/1 1114/1114/1
f 1343/1343/1 1221/1221/1 1338/1338/1
f 1344/1344/1 1341/1341/1 1223/1223/1
f 1223/1223/1 1338/1338/1 1221/1221/1
f 1345/1345/1 1342/1342/1 1341/1341/1
f 1347/1347/1 1349/1349/1 1350/1350/1
f 1350/1350/1 1351/1351/1 1355/1355/1
f 1348/1348/1 1353/1353/1 1349/1349/1
f 1349/1349/1 1354/1354/1 1351/1351/1
f 1125/1125/1 1239/1239/1 1347/1347/1
f 1125/1125/1 1350/1350/1 1124/1124/1
f 1124/1124/1 1355/1355/1 1123/1123/1
f 1073/1073/1 1355/1355/1 1304/1304/1
f 1304/1304/1 1351/1351/1 1311/1311/1
f 1311/1311/1 1354/1354/1 1309/1309/1
f 1309/1309/1 1356/1356/1 1310/1310/1
f 1354/1354/1 1357/1357/1 1356/1356/1
f 1353/1353/1 1358/1358/1 1357/1357/1
f 1352/1352/1 1359/1359/1 1358/1358/1
f 1348/1348/1 1241/1241/1 1352/1352/1
f 1347/1347/1 1360/1360/1 1348/1348/1
f 1361/1361/1 1363/1363/1 1365/1365/1
f 1364/1364/1 1363/1363/1 1371/1371/1
f 1362/1362/1 1367/1367/1 1363/1363/1
f 1363/1363/1 1368/1368/1 1371/1371/1
f 1323/1323/1 1369/1369/1 1361/1361/1
f 1322/1322/1 1361/1361/1 1365/1365/1
f 1322/1322/1 1364/1364/1 1321/1321/1
f 1278/1278/1 1364/1364/1 1370/1370/1
f 1370/1370/1 1371/1371/1 1372/1372/1
f 1372/1372/1 1368/1368/1 1373/1373/1
f 1373/1373/1 1374/1374/1 1515/1515/1
f 1367/1367/1 1374/1374/1 1368/1368/1
f 1367/1367/1 1376/1376/1 1375/1375/1
f 1377/1377/1 1376/1376/1 1366/1366/1
f 1379/1379/1 1366/1366/1 1362/1362/1
f 1369/1369/1 1362/1362/1 1361/1361/1
f 1380/1380/1 1382/1382/1 1383/1383/1
f 1383/1383/1 1384/1384/1 1389/1389/1
f 1381/1381/1 1386/1386/1 1382/1382/1
f 1382/1382/1 1387/1387/1 1384/1384/1
f 1207/1207/1 1380/1380/1 1337/1337/1
f 1337/1337/1 1383/1383/1 1336/1336/1
f 1336/1336/1 1389/1389/1 1335/1335/1
f 1335/1335/1 1390/1390/1 1294/1294/1
f 1389/1389/1 1391/1391/1 1390/1390/1
f 1384/1384/1 1392/1392/1 1391/1391/1
f 1387/1387/1 1394/1394/1 1392/1392/1
f 1386/1386/1 1393/1393/1 1387/1387/1
f 1385/1385/1 1395/1395/1 1386/1386/1
f 1397/1397/1 1396/1396/1 1385/1385/1
f 1399/1399/1 1385/1385/1 1381/1381/1
f 1388/1388/1 1381/1381/1 1380/1380/1
f 1400/1400/1 1402/1402/1 1406/1406/1
f 1403/1403/1 1401/1401/1 1400/1400/1
f 1345/1345/1 1405/1405/1 1406/1406/1
f 1406/1406/1 1346/1346/1 1345/1345/1
f 1406/1406/1 1407/1407/1 1400/1400/1
f 1408/1408/1 1403/1403/1 1410/1410/1
f 1410/1410/1 1400/1400/1 1407/1407/1
f 1409/1409/1 1404/1404/1 1403/1403/1
f 1412/1412/1 1414/1414/1 1415/1415/1
f 1412/1412/1 1416/1416/1 1420/1420/1
f 1415/1415/1 1417/1417/1 1418/1418/1
f 1416/1416/1 1418/1418/1 1423/1423/1
f 1358/1358/1 1419/1419/1 1413/1413/1
f 1357/1357/1 1413/1413/1 1412/1412/1
f 1357/1357/1 1420/1420/1 1356/1356/1
f 1310/1310/1 1420/1420/1 1421/1421/1
f 1421/1421/1 1416/1416/1 1422/1422/1
f 1422/1422/1 1423/1423/1 1424/1424/1
f 1424/1424/1 1425/1425/1 1540/1540/1
f 1423/1423/1 1426/1426/1 1425/1425/1
f 1418/1418/1 1427/1427/1 1426/1426/1
f 1428/1428/1 1427/1427/1 1417/1417/1
f 1430/1430/1 1417/1417/1 1414/1414/1
f 1413/1413/1 1430/1430/1 1414/1414/1
f 1431/1431/1 1433/1433/1 1434/1434/1
f 1431/1431/1 1435/1435/1 1439/1439/1
f 1433/1433/1 1437/1437/1 1434/1434/1
f 1435/1435/1 1437/1437/1 1440/1440/1
f 1197/1197/1 1432/1432/1 1195/1195/1
f 1194/1194/1 1432/1432/1 1431/1431/1
f 1194/1194/1 1439/1439/1 1193/1193/1
f 1324/1324/1 1439/1439/1 1369/1369/1
f 1369/1369/1 1435/1435/1 1379/1379/1
f 1435/1435/1 1377/1377/1 1379/1379/1
f 1377/1377/1 1441/1441/1 1378/1378/1
f 1437/1437/1 1441/1441/1 1440/1440/1
f 1436/1436/1 1442/1442/1 1437/1437/1
f 1444/1444/1 1443/1443/1 1436/1436/1
f 1446/1446/1 1436/1436/1 1433/1433/1
f 1432/1432/1 1446/1446/1 1433/1433/1
f 1447/1447/1 1449/1449/1 1452/1452/1
f 1448/1448/1 1451/1451/1 1449/1449/1
f 1388/1388/1 1210/1210/1 1452/1452/1
f 1399/1399/1 1452/1452/1 1449/1449/1
f 1209/1209/1 1452/1452/1 1210/1210/1
f 1398/1398/1 1451/1451/1 1454/1454/1
f 1450/1450/1 1454/1454/1 1451/1451/1
f 1397/1397/1 1449/1449/1 1451/1451/1
f 1455/1455/1 1457/1457/1 1459/1459/1
f 1458/1458/1 1459/1459/1 1461/1461/1
f 1459/1459/1 1460/1460/1 1462/1462/1
f 1461/1461/1 1462/1462/1 1464/1464/1
f 1226/1226/1 1463/1463/1 1456/1456/1
f 1225/1225/1 1456/1456/1 1455/1455/1
f 1224/1224/1 1455/1455/1 1458/1458/1
f 1344/1344/1 1458/1458/1 1405/1405/1
f 1405/1405/1 1461/1461/1 1407/1407/1
f 1407/1407/1 1464/1464/1 1410/1410/1
f 1410/1410/1 1465/1465/1 1408/1408/1
f 1464/1464/1 1466/1466/1 1465/1465/1
f 1462/1462/1 1467/1467/1 1466/1466/1
f 1460/1460/1 1469/1469/1 1467/1467/1
f 1457/1457/1 1468/1468/1 1460/1460/1
f 1456/1456/1 1470/1470/1 1457/1457/1
f 1471/1471/1 1473/1473/1 1474/1474/1
f 1471/1471/1 1475/1475/1 1480/1480/1
f 1473/1473/1 1477/1477/1 1474/1474/1
f 1474/1474/1 1478/1478/1 1475/1475/1
f 1246/1246/1 1472/1472/1 1244/1244/1
f 1243/1243/1 1472/1472/1 1471/1471/1
f 1243/1243/1 1480/1480/1 1242/1242/1
f 1359/1359/1 1480/1480/1 1419/1419/1
f 1419/1419/1 1475/1475/1 1430/1430/1
f 1430/1430/1 1478/1478/1 1428/1428/1
f 1428/1428/1 1481/1481/1 1429/1429/1
f 1478/1478/1 1482/1482/1 1481/1481/1
f 1477/1477/1 1483/1483/1 1482/1482/1
f 1484/1484/1 1483/1483/1 1476/1476/1
f 1486/1486/1 1476/1476/1 1473/1473/1
f 1472/1472/1 1486/1486/1 1473/1473/1
f 1487/1487/1 1489/1489/1 1490/1490/1
f 1490/1490/1 1491/1491/1 1496/1496/1
f 1488/1488/1 1493/1493/1 1489/1489/1
f 1489/1489/1 1494/1494/1 1491/1491/1
f 1260/1260/1 1495/1495/1 1487/1487/1
f 1260/1260/1 1490/1490/1 1259/1259/1
f 1259/1259/1 1496/1496/1 1258/1258/1
f 1258/1258/1 1438/1438/1 1197/1197/1
f 1496/1496/1 1446/1446/1 1438/1438/1
f 1491/1491/1 1444/1444/1 1446/1446/1
f 1494/1494/1 1445/1445/1 1444/1444/1
f 1493/1493/1 1497/1497/1 1494/1494/1
f 1492/1492/1 1498/1498/1 1493/1493/1
f 1500/1500/1 1499/1499/1 1492/1492/1
f 1502/1502/1 1492/1492/1 1488/1488/1
f 1487/1487/1 1502/1502/1 1488/1488/1
f 1503/1503/1 1505/1505/1 1507/1507/1
f 1506/1506/1 1507/1507/1 1509/1509/1
f 1507/1507/1 1508/1508/1 1510/1510/1
f 1509/1509/1 1510/1510/1 1511/1511/1
f 1276/1276/1 1370/1370/1 1504/1504/1
f 1275/1275/1 1504/1504/1 1503/1503/1
f 1274/1274/1 1503/1503/1 1506/1506/1
f 1228/1228/1 1506/1506/1 1463/1463/1
f 1463/1463/1 1509/1509/1 1470/1470/1
f 1509/1509/1 1468/1468/1 1470/1470/1
f 1468/1468/1 1512/1512/1 1469/1469/1
f 1511/1511/1 1513/1513/1 1512/1512/1
f 1510/1510/1 1514/1514/1 1513/1513/1
f 1508/1508/1 1515/1515/1 1514/1514/1
f 1505/1505/1 1373/1373/1 1508/1508/1
f 1504/1504/1 1372/1372/1 1505/1505/1
f 1516/1516/1 1518/1518/1 1519/1519/1
f 1519/1519/1 1520/1520/1 1524/1524/1
f 1517/1517/1 1522/1522/1 1518/1518/1
f 1518/1518/1 1523/1523/1 1520/1520/1
f 1294/1294/1 1516/1516/1 1292/1292/1
f 1292/1292/1 1519/1519/1 1291/1291/1
f 1291/1291/1 1524/1524/1 1290/1290/1
f 1246/1246/1 1524/1524/1 1479/1479/1
f 1479/1479/1 1520/1520/1 1486/1486/1
f 1486/1486/1 1523/1523/1 1484/1484/1
f 1523/1523/1 1485/1485/1 1484/1484/1
f 1523/1523/1 1526/1526/1 1525/1525/1
f 1521/1521/1 1526/1526/1 1522/1522/1
f 1392/1392/1 1527/1527/1 1521/1521/1
f 1391/1391/1 1521/1521/1 1517/1517/1
f 1390/1390/1 1517/1517/1 1516/1516/1
f 1528/1528/1 1530/1530/1 1532/1532/1
f 1531/1531/1 1532/1532/1 1534/1534/1
f 1532/1532/1 1533/1533/1 1535/1535/1
f 1534/1534/1 1535/1535/1 1536/1536/1
f 1310/1310/1 1529/1529/1 1308/1308/1
f 1307/1307/1 1529/1529/1 1528/1528/1
f 1307/1307/1 1531/1531/1 1306/1306/1
f 1262/1262/1 1531/1531/1 1495/1495/1
f 1495/1495/1 1534/1534/1 1502/1502/1
f 1502/1502/1 1536/1536/1 1500/1500/1
f 1500/1500/1 1537/1537/1 1501/1501/1
f 1536/1536/1 1538/1538/1 1537/1537/1
f 1535/1535/1 1539/1539/1 1538/1538/1
f 1533/1533/1 1540/1540/1 1539/1539/1
f 1530/1530/1 1424/1424/1 1533/1533/1
f 1529/1529/1 1422/1422/1 1530/1530/1
f 1541/1541/1 1543/1543/1 1544/1544/1
f 1544/1544/1 1545/1545/1 1550/1550/1
f 1542/1542/1 1547/1547/1 1543/1543/1
f 1543/1543/1 1548/1548/1 1545/1545/1
f 1499/1499/1 1549/1549/1 1541/1541/1
f 1499/1499/1 1544/1544/1 1498/1498/1
f 1498/1498/1 1550/1550/1 1497/1497/1
f 1497/1497/1 1551/1551/1 1445/1445/1
f 1550/1550/1 1552/1552/1 1551/1551/1
f 1545/1545/1 1553/1553/1 1552/1552/1
f 1548/1548/1 1555/1555/1 1553/1553/1
f 1547/1547/1 1554/1554/1 1548/1548/1
f 1546/1546/1 1556/1556/1 1547/1547/1
f 1558/1558/1 1557/1557/1 1546/1546/1
f 1560/1560/1 1546/1546/1 1542/1542/1
f 1549/1549/1 1542/1542/1 1541/1541/1
f 1561/1561/1 1563/1563/1 1564/1564/1
f 1564/1564/1 1565/1565/1 1570/1570/1
f 1563/1563/1 1566/1566/1 1567/1567/1
f 1563/1563/1 1568/1568/1 1565/1565/1
f 1515/1515/1 1561/1561/1 1514/1514/1
f 1513/1513/1 1561/1561/1 1564/1564/1
f 1512/1512/1 1564/1564/1 1570/1570/1
f 1512/1512/1 1571/1571/1 1469/1469/1
f 1570/1570/1 1572/1572/1 1571/1571/1
f 1572/1572/1 1568/1568/1 1707/1707/1
f 1568/1568/1 1574/1574/1 1707/1707/1
f 1568/1568/1 1575/1575/1 1573/1573/1
f 1567/1567/1 1576/1576/1 1575/1575/1
f 1577/1577/1 1576/1576/1 1566/1566/1
f 1562/1562/1 1577/1577/1 1566/1566/1
f 1561/1561/1 1579/1579/1 1562/1562/1
f 1580/1580/1 1582/1582/1 1583/1583/1
f 1583/1583/1 1584/1584/1 1589/1589/1
f 1581/1581/1 1586/1586/1 1582/1582/1
f 1582/1582/1 1587/1587/1 1584/1584/1
f 1394/1394/1 1580/1580/1 1527/1527/1
f 1527/1527/1 1583/1583/1 1526/1526/1
f 1525/1525/1 1583/1583/1 1589/1589/1
f 1485/1485/1 1589/1589/1 1716/1716/1
f 1589/1589/1 1590/1590/1 1716/1716/1
f 1584/1584/1 1591/1591/1 1590/1590/1
f 1587/1587/1 1593/1593/1 1591/1591/1
f 1587/1587/1 1594/1594/1 1592/1592/1
f 1585/1585/1 1594/1594/1 1586/1586/1
f 1596/1596/1 1595/1595/1 1585/1585/1
f 1581/1581/1 1596/1596/1 1585/1585/1
f 1588/1588/1 1581/1581/1 1580/1580/1
f 1599/1599/1 1601/1601/1 1603/1603/1
f 1602/1602/1 1603/1603/1 1605/1605/1
f 1603/1603/1 1604/1604/1 1606/1606/1
f 1605/1605/1 1606/1606/1 1608/1608/1
f 1539/1539/1 1607/1607/1 1600/1600/1
f 1538/1538/1 1600/1600/1 1599/1599/1
f 1537/1537/1 1599/1599/1 1602/1602/1
f 1501/1501/1 1602/1602/1 1549/1549/1
f 1549/1549/1 1605/1605/1 1560/1560/1
f 1605/1605/1 1558/1558/1 1560/1560/1
f 1608/1608/1 1559/1559/1 1558/1558/1
f 1608/1608/1 1610/1610/1 1609/1609/1
f 1606/1606/1 1611/1611/1 1610/1610/1
f 1604/1604/1 1613/1613/1 1611/1611/1
f 1614/1614/1 1604/1604/1 1601/1601/1
f 1600/1600/1 1614/1614/1 1601/1601/1
f 1615/1615/1 1617/1617/1 1619/1619/1
f 1618/1618/1 1619/1619/1 1621/1621/1
f 1619/1619/1 1620/1620/1 1622/1622/1
f 1621/1621/1 1622/1622/1 1624/1624/1
f 1376/1376/1 1623/1623/1 1616/1616/1
f 1375/1375/1 1616/1616/1 1615/1615/1
f 1375/1375/1 1618/1618/1 1374/1374/1
f 1374/1374/1 1569/1569/1 1515/1515/1
f 1569/1569/1 1621/1621/1 1579/1579/1
f 1579/1579/1 1624/1624/1 1577/1577/1
f 1577/1577/1 1625/1625/1 1578/1578/1
f 1624/1624/1 1626/1626/1 1625/1625/1
f 1622/1622/1 1627/1627/1 1626/1626/1
f 1628/1628/1 1627/1627/1 1620/1620/1
f 1630/1630/1 1620/1620/1 1617/1617/1
f 1616/1616/1 1630/1630/1 1617/1617/1
f 1631/1631/1 1633/1633/1 1634/1634/1
f 1634/1634/1 1635/1635/1 1640/1640/1
f 1632/1632/1 1637/1637/1 1633/1633/1
f 1633/1633/1 1638/1638/1 1635/1635/1
f 1398/1398/1 1631/1631/1 1396/1396/1
f 1396/1396/1 1634/1634/1 1395/1395/1
f 1395/1395/1 1640/1640/1 1393/1393/1
f 1393/1393/1 1588/1588/1 1394/1394/1
f 1640/1640/1 1598/1598/1 1588/1588/1
f 1635/1635/1 1596/1596/1 1598/1598/1
f 1638/1638/1 1597/1597/1 1596/1596/1
f 1637/1637/1 1641/1641/1 1638/1638/1
f 1636/1636/1 1642/1642/1 1637/1637/1
f 1644/1644/1 1643/1643/1 1636/1636/1
f 1646/1646/1 1636/1636/1 1632/1632/1
f 1639/1639/1 1632/1632/1 1631/1631/1
f 1647/1647/1 1649/1649/1 1653/1653/1
f 1650/1650/1 1648/1648/1 1647/1647/1
f 1409/1409/1 1652/1652/1 1653/1653/1
f 1653/1653/1 1411/1411/1 1409/1409/1
f 1653/1653/1 1654/1654/1 1647/1647/1
f 1655/1655/1 1650/1650/1 1657/1657/1
f 1657/1657/1 1647/1647/1 1654/1654/1
f 1656/1656/1 1651/1651/1 1650/1650/1
f 1659/1659/1 1661/1661/1 1662/1662/1
f 1659/1659/1 1663/1663/1 1667/1667/1
f 1662/1662/1 1664/1664/1 1665/1665/1
f 1663/1663/1 1665/1665/1 1668/1668/1
f 1427/1427/1 1666/1666/1 1660/1660/1
f 1426/1426/1 1660/1660/1 1659/1659/1
f 1426/1426/1 1667/1667/1 1425/1425/1
f 1540/1540/1 1667/1667/1 1607/1607/1
f 1607/1607/1 1663/1663/1 1614/1614/1
f 1614/1614/1 1668/1668/1 1612/1612/1
f 1612/1612/1 1669/1669/1 1613/1613/1
f 1668/1668/1 1670/1670/1 1669/1669/1
f 1665/1665/1 1671/1671/1 1670/1670/1
f 1672/1672/1 1671/1671/1 1664/1664/1
f 1674/1674/1 1664/1664/1 1661/1661/1
f 1660/1660/1 1674/1674/1 1661/1661/1
f 1675/1675/1 1677/1677/1 1679/1679/1
f 1678/1678/1 1679/1679/1 1681/1681/1
f 1679/1679/1 1680/1680/1 1682/1682/1
f 1681/1681/1 1682/1682/1 1683/1683/1
f 1445/1445/1 1676/1676/1 1443/1443/1
f 1443/1443/1 1675/1675/1 1442/1442/1
f 1442/1442/1 1678/1678/1 1441/1441/1
f 1378/1378/1 1678/1678/1 1623/1623/1
f 1623/1623/1 1681/1681/1 1630/1630/1
f 1681/1681/1 1628/1628/1 1630/1630/1
f 1628/1628/1 1684/1684/1 1629/1629/1
f 1683/1683/1 1685/1685/1 1684/1684/1
f 1682/1682/1 1686/1686/1 1685/1685/1
f 1553/1553/1 1686/1686/1 1680/1680/1
f 1552/1552/1 1680/1680/1 1677/1677/1
f 1551/1551/1 1677/1677/1 1676/1676/1
f 1687/1687/1 1689/1689/1 1692/1692/1
f 1688/1688/1 1691/1691/1 1689/1689/1
f 1639/1639/1 1454/1454/1 1692/1692/1
f 1646/1646/1 1692/1692/1 1689/1689/1
f 1453/1453/1 1692/1692/1 1454/1454/1
f 1645/1645/1 1691/1691/1 1694/1694/1
f 1690/1690/1 1694/1694/1 1691/1691/1
f 1644/1644/1 1689/1689/1 1691/1691/1
f 1695/1695/1 1697/1697/1 1699/1699/1
f 1698/1698/1 1699/1699/1 1701/1701/1
f 1699/1699/1 1700/1700/1 1702/1702/1
f 1701/1701/1 1702/1702/1 1703/1703/1
f 1467/1467/1 1571/1571/1 1696/1696/1
f 1466/1466/1 1696/1696/1 1695/1695/1
f 1465/1465/1 1695/1695/1 1698/1698/1
f 1408/1408/1 1698/1698/1 1652/1652/1
f 1652/1652/1 1701/1701/1 1654/1654/1
f 1654/1654/1 1703/1703/1 1657/1657/1
f 1657/1657/1 1704/1704/1 1655/1655/1
f 1703/1703/1 1705/1705/1 1704/1704/1
f 1702/1702/1 1706/1706/1 1705/1705/1
f 1700/1700/1 1574/1574/1 1706/1706/1
f 1697/1697/1 1707/1707/1 1700/1700/1
f 1696/1696/1 1572/1572/1 1697/1697/1
f 1708/1708/1 1710/1710/1 1711/1711/1
f 1711/1711/1 1712/1712/1 1717/1717/1
f 1709/1709/1 1714/1714/1 1710/1710/1
f 1710/1710/1 1715/1715/1 1712/1712/1
f 1483/1483/1 1716/1716/1 1708/1708/1
f 1483/1483/1 1711/1711/1 1482/1482/1
f 1481/1481/1 1711/1711/1 1717/1717/1
f 1429/1429/1 1717/1717/1 1666/1666/1
f 1717/1717/1 1674/1674/1 1666/1666/1
f 1674/1674/1 1715/1715/1 1672/1672/1
f 1672/1672/1 1718/1718/1 1673/1673/1
f 1715/1715/1 1719/1719/1 1718/1718/1
f 1714/1714/1 1720/1720/1 1719/1719/1
f 1591/1591/1 1720/1720/1 1713/1713/1
f 1590/1590/1 1713/1713/1 1709/1709/1
f 1708/1708/1 1590/1590/1 1709/1709/1
f 1721/1721/1 1723/1723/1 1725/1725/1
f 1724/1724/1 1723/1723/1 1730/1730/1
f 1722/1722/1 1727/1727/1 1723/1723/1
f 1723/1723/1 1728/1728/1 1730/1730/1
f 1555/1555/1 1721/1721/1 1686/1686/1
f 1686/1686/1 1725/1725/1 1685/1685/1
f 1684/1684/1 1725/1725/1 1724/1724/1
f 1629/1629/1 1724/1724/1 1829/1829/1
f 1724/1724/1 1731/1731/1 1829/1829/1
f 1730/1730/1 1732/1732/1 1731/1731/1
f 1728/1728/1 34/34/1 1732/1732/1
f 1727/1727/1 119/119/1 1728/1728/1
f 1727/1727/1 118/118/1 117/117/1
f 1733/1733/1 118/118/1 1726/1726/1
f 1722/1722/1 1733/1733/1 1726/1726/1
f 1721/1721/1 1734/1734/1 1722/1722/1
f 1735/1735/1 1737/1737/1 1741/1741/1
f 1738/1738/1 1736/1736/1 1743/1743/1
f 1739/1739/1 1694/1694/1 1741/1741/1
f 1740/1740/1 1741/1741/1 1737/1737/1
f 1693/1693/1 1741/1741/1 1694/1694/1
f 57/57/1 1738/1738/1 132/132/1
f 132/132/1 1743/1743/1 133/133/1
f 1742/1742/1 1737/1737/1 1738/1738/1
f 1744/1744/1 1746/1746/1 1748/1748/1
f 1747/1747/1 1748/1748/1 1750/1750/1
f 1748/1748/1 1749/1749/1 1751/1751/1
f 1750/1750/1 1751/1751/1 1755/1755/1
f 1706/1706/1 1752/1752/1 1745/1745/1
f 1705/1705/1 1745/1745/1 1744/1744/1
f 1704/1704/1 1744/1744/1 1747/1747/1
f 1655/1655/1 1747/1747/1 1753/1753/1
f 1753/1753/1 1750/1750/1 1754/1754/1
f 1754/1754/1 1755/1755/1 1846/1846/1
f 1755/1755/1 78/78/1 1846/1846/1
f 1751/1751/1 150/150/1 1755/1755/1
f 1749/1749/1 148/148/1 1751/1751/1
f 1756/1756/1 147/147/1 1749/1749/1
f 1746/1746/1 1756/1756/1 1749/1749/1
f 1745/1745/1 1757/1757/1 1746/1746/1
f 1758/1758/1 1760/1760/1 1761/1761/1
f 1761/1761/1 1762/1762/1 1767/1767/1
f 1759/1759/1 1764/1764/1 1760/1760/1
f 1760/1760/1 1765/1765/1 1762/1762/1
f 1720/1720/1 1766/1766/1 1758/1758/1
f 1719/1719/1 1758/1758/1 1761/1761/1
f 1718/1718/1 1761/1761/1 1767/1767/1
f 1718/1718/1 1768/1768/1 1673/1673/1
f 1767/1767/1 1769/1769/1 1768/1768/1
f 1762/1762/1 1770/1770/1 1769/1769/1
f 1770/1770/1 168/168/1 96/96/1
f 1765/1765/1 166/166/1 168/168/1
f 1764/1764/1 167/167/1 166/166/1
f 1763/1763/1 164/164/1 167/167/1
f 1759/1759/1 1771/1771/1 1763/1763/1
f 1766/1766/1 1759/1759/1 1758/1758/1
f 1773/1773/1 1775/1775/1 1777/1777/1
f 1776/1776/1 1775/1775/1 1782/1782/1
f 1774/1774/1 1779/1779/1 1775/1775/1
f 1775/1775/1 1780/1780/1 1782/1782/1
f 1557/1557/1 1781/1781/1 1773/1773/1
f 1557/1557/1 1777/1777/1 1556/1556/1
f 1556/1556/1 1776/1776/1 1554/1554/1
f 1554/1554/1 1729/1729/1 1555/1555/1
f 1776/1776/1 1734/1734/1 1729/1729/1
f 1782/1782/1 1733/1733/1 1734/1734/1
f 1780/1780/1 115/115/1 1733/1733/1
f 1779/1779/1 188/188/1 1780/1780/1
f 1778/1778/1 186/186/1 1779/1779/1
f 1783/1783/1 185/185/1 1778/1778/1
f 1784/1784/1 1778/1778/1 1774/1774/1
f 1781/1781/1 1774/1774/1 1773/1773/1
f 1785/1785/1 1787/1787/1 1789/1789/1
f 1788/1788/1 1789/1789/1 1791/1791/1
f 1789/1789/1 1790/1790/1 1792/1792/1
f 1791/1791/1 1792/1792/1 1794/1794/1
f 1576/1576/1 1793/1793/1 1786/1786/1
f 1575/1575/1 1786/1786/1 1785/1785/1
f 1573/1573/1 1785/1785/1 1788/1788/1
f 1574/1574/1 1788/1788/1 1752/1752/1
f 1752/1752/1 1791/1791/1 1757/1757/1
f 1757/1757/1 1794/1794/1 1756/1756/1
f 1756/1756/1 203/203/1 145/145/1
f 1794/1794/1 201/201/1 203/203/1
f 1792/1792/1 202/202/1 201/201/1
f 1790/1790/1 200/200/1 202/202/1
f 1787/1787/1 1795/1795/1 1790/1790/1
f 1786/1786/1 1796/1796/1 1787/1787/1
f 1797/1797/1 1799/1799/1 1800/1800/1
f 1800/1800/1 1801/1801/1 1806/1806/1
f 1798/1798/1 1803/1803/1 1799/1799/1
f 1799/1799/1 1804/1804/1 1801/1801/1
f 1595/1595/1 1805/1805/1 1797/1797/1
f 1595/1595/1 1800/1800/1 1594/1594/1
f 1592/1592/1 1800/1800/1 1806/1806/1
f 1593/1593/1 1806/1806/1 1766/1766/1
f 1806/1806/1 1772/1772/1 1766/1766/1
f 1801/1801/1 1771/1771/1 1772/1772/1
f 1804/1804/1 164/164/1 1771/1771/1
f 1804/1804/1 220/220/1 219/219/1
f 1803/1803/1 218/218/1 220/220/1
f 1807/1807/1 218/218/1 1802/1802/1
f 1798/1798/1 1807/1807/1 1802/1802/1
f 1805/1805/1 1798/1798/1 1797/1797/1
f 1809/1809/1 1811/1811/1 1813/1813/1
f 1812/1812/1 1813/1813/1 1815/1815/1
f 1813/1813/1 1814/1814/1 1816/1816/1
f 1815/1815/1 1816/1816/1 1818/1818/1
f 1611/1611/1 1817/1817/1 1810/1810/1
f 1610/1610/1 1810/1810/1 1809/1809/1
f 1609/1609/1 1809/1809/1 1812/1812/1
f 1609/1609/1 1781/1781/1 1559/1559/1
f 1781/1781/1 1815/1815/1 1784/1784/1
f 1784/1784/1 1818/1818/1 1783/1783/1
f 1783/1783/1 13/13/1 14/14/1
f 1818/1818/1 12/12/1 13/13/1
f 1816/1816/1 9/9/1 12/12/1
f 1814/1814/1 10/10/1 9/9/1
f 1811/1811/1 1819/1819/1 1814/1814/1
f 1810/1810/1 1820/1820/1 1811/1811/1
f 1821/1821/1 1823/1823/1 1825/1825/1
f 1824/1824/1 1823/1823/1 1827/1827/1
f 1823/1823/1 1826/1826/1 1828/1828/1
f 1827/1827/1 1828/1828/1 1830/1830/1
f 1627/1627/1 1829/1829/1 1821/1821/1
f 1627/1627/1 1825/1825/1 1626/1626/1
f 1626/1626/1 1824/1824/1 1625/1625/1
f 1625/1625/1 1793/1793/1 1578/1578/1
f 1793/1793/1 1827/1827/1 1796/1796/1
f 1796/1796/1 1830/1830/1 1795/1795/1
f 1795/1795/1 37/37/1 200/200/1
f 1830/1830/1 36/36/1 37/37/1
f 1828/1828/1 33/33/1 36/36/1
f 1732/1732/1 33/33/1 1826/1826/1
f 1822/1822/1 1732/1732/1 1826/1826/1
f 1821/1821/1 1731/1731/1 1822/1822/1
f 1831/1831/1 1833/1833/1 1834/1834/1
f 1834/1834/1 1835/1835/1 1839/1839/1
f 1832/1832/1 1837/1837/1 1833/1833/1
f 1833/1833/1 1838/1838/1 1835/1835/1
f 1645/1645/1 1831/1831/1 1643/1643/1
f 1643/1643/1 1834/1834/1 1642/1642/1
f 1642/1642/1 1839/1839/1 1641/1641/1
f 1641/1641/1 1805/1805/1 1597/1597/1
f 1839/1839/1 1808/1808/1 1805/1805/1
f 1835/1835/1 1807/1807/1 1808/1808/1
f 1838/1838/1 61/61/1 1807/1807/1
f 1837/1837/1 60/60/1 1838/1838/1
f 1836/1836/1 59/59/1 1837/1837/1
f 1742/1742/1 56/56/1 1836/1836/1
f 1740/1740/1 1836/1836/1 1832/1832/1
f 1739/1739/1 1832/1832/1 1831/1831/1
f 1840/1840/1 1842/1842/1 1845/1845/1
f 1843/1843/1 1841/1841/1 1840/1840/1
f 1656/1656/1 1753/1753/1 1845/1845/1
f 1845/1845/1 1658/1658/1 1656/1656/1
f 1845/1845/1 1754/1754/1 1840/1840/1
f 1846/1846/1 81/81/1 1843/1843/1
f 1846/1846/1 1840/1840/1 1754/1754/1
f 1843/1843/1 80/80/1 1844/1844/1
f 1847/1847/1 1849/1849/1 1850/1850/1
f 1850/1850/1 1851/1851/1 1854/1854/1
f 1849/1849/1 1852/1852/1 1853/1853/1
f 1851/1851/1 1853/1853/1 1855/1855/1
f 1671/1671/1 1768/1768/1 1847/1847/1
f 1670/1670/1 1847/1847/1 1850/1850/1
f 1669/1669/1 1850/1850/1 1854/1854/1
f 1669/1669/1 1817/1817/1 1613/1613/1
f 1854/1854/1 1820/1820/1 1817/1817/1
f 1820/1820/1 1855/1855/1 1819/1819/1
f 1819/1819/1 99/99/1 10/10/1
f 1855/1855/1 98/98/1 99/99/1
f 1853/1853/1 95/95/1 98/98/1
f 1770/1770/1 95/95/1 1852/1852/1
f 1848/1848/1 1770/1770/1 1852/1852/1
f 1847/1847/1 1769/1769/1 1848/1848/1
